class,left_elbow,right_elbow,left_shoulder,right_shoulder,left_wrist,right_wrist,left_hip,right_hip,left_knee,right_knee,left_ankle,right_ankle,left_arm_raise,right_arm_raise,torso_lean,lwrist_rel_x,lwrist_rel_y,lwrist_rel_z,rwrist_rel_x,rwrist_rel_y,rwrist_rel_z,lhand_rel_x,lhand_rel_y,rhand_rel_x,rhand_rel_y,lfoot_rel_x,lfoot_rel_y,rfoot_rel_x,rfoot_rel_y,shoulder_tilt,hip_tilt,stance_width,facing_direction
crown_thrust_correct,118.49525521569993,149.20553002432047,77.10825618494394,72.56087827163266,143.12229846783515,100.90660958152974,139.3600795559994,144.55188576782075,160.33082564049937,171.70906764472133,102.94058063617932,92.92143326732453,129.7218880466977,94.22711104569298,173.9601521619156,-0.21492571383714676,0.038184791803359985,-0.22710277140140533,-0.45428770780563354,0.09361156821250916,-0.056301865726709366,-0.21296636608894914,-0.45415760623291135,-0.5483783021336421,-0.522778854239732,-0.4362223580246791,0.7381560350768268,0.23440225573722273,0.6162160779349506,0.12489250302314758,0.021227923221886158,0.560902863740921,-0.3082444742321968
crown_thrust_correct,89.50922201767763,135.90931225840325,44.22044053961923,50.205490087305755,161.6024299158811,133.44014221619597,140.6444494997268,148.3281942639263,151.45583160137767,150.51068380631662,118.07021024754425,96.60478870177256,106.6880035250629,82.83550027390103,175.52677621354738,-0.13250786066055298,0.06577843427658081,-0.20204469375312328,-0.017442479729652405,0.10750624537467957,-0.3973330333828926,-0.0321899950504303,-0.44377965887542814,-0.09170768409967422,-0.5133207257604226,0.32408592849969864,0.7808777276659384,-0.35501890629529953,0.6231664005899802,0.09927693009376526,0.005819030804559588,0.607886791229248,-0.01931675709784031
crown_thrust_correct,173.5124469031268,141.27947486757898,94.37930502644078,87.41378321331374,100.9057569044139,129.480898208692,130.68837678123256,161.27195033118372,150.46287242961773,141.07849894220124,107.9832808279365,98.67175400447061,147.83656003054367,108.94859524013054,170.03178261202876,0.2181605100631714,0.01122194528579712,0.38215548545122147,0.40515226125717163,0.04073762893676758,-0.08406616747379303,0.2896773274987936,-0.5292248979676515,0.5544734951108694,-0.5726125494111329,0.35716125927865505,0.5890580757986754,-0.366731995716691,0.694715891731903,0.03532370924949646,0.021964895073324442,0.7022212445735931,0.2515711709856987
crown_thrust_correct,68.29506003083438,137.44210001948932,42.970697834594276,22.42950989314156,159.84509751555188,120.41431951873692,156.80916221081048,165.33178651504895,146.73713348827147,138.3837535326364,131.76743608284173,101.00479525494097,120.85918649134733,74.65580146172852,171.20839021860692,-0.10779872536659241,0.054689645767211914,-0.16322878166101873,-0.026277415454387665,0.2809354364871979,-0.27892141230404377,0.04240807890892029,-0.45494174445047975,-0.03193584829568863,-0.3014922388829291,0.08842767030000687,0.8375224522314966,-0.09219781309366226,0.6867280057631433,0.11268407106399536,0.023594611324369907,0.2022947371006012,-0.032134860986843705
crown_thrust_correct,93.21566833751068,148.57034708391168,57.08906864814996,74.67193386302263,151.84021372517387,124.19174776416902,147.12275720177692,154.03370459863552,163.3057904995625,168.3438470658796,106.33629742932142,87.58028472591693,113.3670286441949,111.5317249438988,178.2710540501169,-0.23038867115974426,0.019215673208236694,-0.1472276896238327,-0.47305095195770264,0.028442442417144775,-0.11778488010168076,-0.1414880696684122,-0.5091747653204948,-0.579533914104104,-0.5985370886046439,-0.2899463567882776,0.6864985811989754,0.0905128475278616,0.7109328496735543,0.11945819854736328,0.013170281890779734,0.33092471957206726,-0.2600414603948593
crown_thrust_correct,129.22474883352632,148.51308326209357,16.397286545413074,92.92472762174545,158.88657799767827,143.14967115063115,151.00787559402033,165.212747997977,166.76850038496124,163.05286798361777,111.22038177479023,64.01137294426778,119.59180913509657,142.02067242771167,173.84313044161476,0.0822014338336885,0.33420369774103165,0.09572750329971313,0.47120310366153717,0.05742570757865906,0.004451766610145569,0.020564792677760124,-0.06030249537434429,0.7601259835064411,-0.5085028478642926,0.29308967664837837,0.691506557748653,-0.15839531645178795,0.6973072221735492,0.11283111572265625,0.0019088198896497488,0.43450093269348145,0.21511999517679214
crown_thrust_correct,157.8959248033966,126.69510275241899,63.671619776028,64.10305204392019,126.85654762901248,125.35725920894852,142.10114412958544,174.68999582127765,166.8421195254262,159.53476956302308,121.21338499275201,85.43563900751985,97.69204058899322,110.32222951749807,171.14996447057578,0.39960194379091263,0.12201493978500366,0.062173157930374146,0.3838038891553879,0.14638587832450867,-0.01199178397655487,0.45236886059865355,-0.41243094159290195,0.5279440931044519,-0.45705637289211154,0.4059885791502893,0.5825818185694516,-0.2691852995194495,0.7490308289416134,0.017394036054611206,-0.02130285743623972,0.6403030753135681,0.2697332948446274
crown_thrust_correct,78.79149447521611,126.8779630090886,51.25350041067494,60.59574364288285,143.10355929740032,151.908270858172,157.97933871323397,173.34657546439882,153.872169569446,164.55698889584372,141.46864758733005,110.21461109211343,115.35206017819635,79.14047056256132,177.82744356453887,-0.05548813194036484,0.09094995260238647,-0.21033497038297355,0.14308278914541006,0.03762555122375488,-0.39570877328515053,0.0065927933901548386,-0.44353056978434324,0.08441201597452164,-0.5876916153356433,0.19688688963651657,0.6323043601587415,-0.22871188074350357,0.7944203512743115,0.08100628852844238,-0.017981233075261116,0.33427269756793976,0.04081995296292007
crown_thrust_correct,88.69167124815598,120.65023967258806,39.15547395843905,41.282557809645596,154.64924961052034,136.13782445334758,148.42056349765457,166.88014389063446,152.16968697156787,131.50935693701854,128.1278182150555,92.4202220736665,106.00276445344062,71.33482807204062,169.8966496206185,-0.16787513345479965,0.15401038527488708,-0.14931320399045944,0.008989140391349792,0.2049071192741394,-0.4190780892968178,-0.04596493020653725,-0.31653988896869123,-0.04840251803398132,-0.3835722559597343,0.20567640289664268,0.8743016964290291,-0.26932379975914955,0.6854681617114693,0.09971883893013,0.012770732399076223,0.45129549503326416,-0.03454966843128204
crown_thrust_correct,149.34755419033812,136.61580203593414,85.09509261331446,14.180734747355068,159.6835875327249,109.01817483362812,170.39572249838096,167.14906382658782,163.3770577599041,160.4298996866448,105.87320370572749,84.62399986973125,103.33354216943795,58.804491621205116,173.65368520438702,-0.32901109009981155,0.03723236918449402,0.017553016543388367,-0.09446315094828606,0.2587241232395172,-0.1324955765157938,-0.4000528783071786,-0.49051810801029205,-0.09080985491164029,-0.3324413448572159,-0.05273348395712674,0.8148254603147507,-0.023801948176696897,0.7821810692548752,0.05282860994338989,0.008876476436853409,0.012591555714607239,-0.1705633420497179
crown_thrust_correct,89.70412005866118,109.26518707534449,33.72737367466787,57.98611312004727,97.20528280461532,134.42369415598557,165.69405222336744,165.30406623378275,162.39477192591818,158.5611269932708,141.6264374427852,104.86113722874428,105.79005708524203,89.62046728043428,172.49921572537383,0.12818879261612892,0.10241538286209106,-0.0514460951089859,0.39480743557214737,0.0775383710861206,-0.0014599859714508057,0.11768844351172447,-0.428274363395758,0.4213091544806957,-0.5235006214352325,0.1899271123111248,0.7467439769534394,-0.27446701005101204,0.7647477983264253,0.020667999982833862,-0.001940893242135644,0.4158197045326233,0.24606085568666458
crown_thrust_correct,88.5549716454969,140.27233823443913,54.35984415433806,72.1292626963158,141.0641514506346,114.8451075946105,133.78334480679996,150.60091281016815,141.77520945892414,160.17843421647513,100.14981453370432,111.85726073995461,135.920839188761,110.70295654105097,173.27654769899286,-0.18142909556627274,0.15670517086982727,-0.14567963778972626,-0.45530881732702255,0.05188274383544922,0.00804300606250763,-0.13729146774858236,-0.3072459613904357,-0.5775699829682708,-0.589958599768579,-0.4364166473969817,0.7024870598688722,0.2967972243204713,0.5632363045588136,0.16785860061645508,0.03842305205762386,0.5834109485149384,-0.3087375834584236
crown_thrust_correct,159.0056459541919,141.11530242619975,66.56838127664088,73.76510953689925,143.58849855004058,121.86049272172954,144.5920087420953,159.79502099643923,168.82843231447472,148.53261547120817,128.90486832765993,83.4483433800773,88.84536008296307,132.21726557238273,172.73011984201977,0.3063548654317856,0.09396478533744812,0.40267513692379,0.43230506777763367,0.1679023802280426,0.08164073899388313,0.23634977638721466,-0.38901379029266536,0.7140737473964691,-0.40128135005943477,0.19970634579658508,0.6482291587162763,-0.10147427022457123,0.7373533614445478,0.0608479380607605,-0.005176950711756945,0.32854723930358887,0.174638070166111
crown_thrust_correct,96.95463855505339,136.34077732063827,31.39374401216114,8.832283241143424,135.9341283200686,120.82256241472888,173.28761726461366,171.56722193021244,149.7514682606047,149.079004685593,135.4710787259662,110.58967497567778,111.62799890591612,78.31079786708617,176.28574635864615,-0.07911860570311546,0.20765221118927002,-0.19253666698932648,0.07209593802690506,0.359730988740921,-0.22038461733609438,-0.0354122519493103,-0.2963955623563379,0.0215129591524601,-0.18754861480556428,0.0722363069653511,0.7356400864664465,-0.06442346423864365,0.8249140160623938,0.041036397218704224,-0.0004056929610669613,0.1364164873957634,0.03694268595427275
crown_thrust_correct,78.91409765282322,127.4610879603107,90.12172212524536,51.30536487387215,163.81470557654603,140.35701122966418,159.11449754580218,177.26029342643744,156.83902822174315,139.38278552611197,149.70364942781376,106.46060259642788,111.06877979779316,87.45506318402076,167.6995197893283,-0.10574652254581451,-0.033081263303756714,-0.16783390566706657,0.012485489249229431,0.10891443490982056,-0.2927486952394247,0.04301920160651207,-0.5253763245418668,0.06914370134472847,-0.5057694958522916,0.04647878184914589,0.8608349515125155,-0.1476118452847004,0.7179536176845431,0.11157724261283875,0.028893882408738136,0.20897051692008972,0.007407000288367271
crown_thrust_correct,141.02361473273993,133.5111341526845,24.332843310979367,84.10417553860027,98.7246783717077,139.77662032425926,154.40024986477442,164.50432808420126,175.2513542706172,162.42227867162214,114.69863480708212,81.8243409473245,96.9271778852486,139.13230795952464,172.55788918469025,0.10431035701185465,0.24681934714317322,-0.1120604109019041,0.39662808179855347,0.005156338214874268,0.019692029803991318,0.01986229233443737,-0.15088367415592074,0.6473204232752323,-0.6020469511859119,0.12620436027646065,0.6739187394268811,0.04094662144780159,0.751214996445924,0.13334769010543823,0.022340760566294193,0.1039329469203949,0.1132529228925705
crown_thrust_correct,148.0723924654233,144.0149787936203,113.45513261535673,80.11455290222447,156.6178583246125,103.94144941307219,150.33268981061656,158.87178871145903,177.4714632074067,172.73970359183008,102.24671212516043,74.72899377797815,99.31508776652677,92.97361409132299,162.10402481350397,-0.48819591850042343,-0.1614561378955841,-0.04499691724777222,-0.3725759517401457,-0.04175233840942383,-0.011639368487522006,-0.5585604654625058,-0.6333073126152158,-0.38251442182809114,-0.6719652162864804,-0.2613266156986356,0.7295387042686343,0.060909210704267025,0.6491472376510501,0.13456037640571594,0.031594326719641685,0.24285726249217987,-0.3211550561245531
crown_thrust_correct,156.89629827660326,154.33503991235688,44.45809242116358,84.46446340924061,124.40291217625156,119.48548949744465,133.57765145654446,172.73804250618784,168.18665546821913,166.17489481270897,100.6844217853558,62.0609459323327,128.9201636292749,131.85696586561937,160.17159048419083,0.1052856296300888,0.40640681236982346,0.09119193255901337,-0.4559400826692581,-0.009793221950531006,-0.03728485107421875,0.24439822509884834,0.0767587567679584,-0.5887264423072338,-0.5952838738448918,-0.2726920358836651,0.6563790361396968,0.0209248885512352,0.68422084255144,0.1496410071849823,0.016877354122698307,0.2806512415409088,-0.19415245950222015
crown_thrust_correct,85.46617274089998,137.5597214020748,30.890360213695438,31.91375769867692,147.41021211585436,138.89270657865325,154.9745751768152,162.83445975944372,161.17797536339015,148.88763348736558,109.4084592170171,89.13796214183361,108.00010934461847,72.30641453952003,169.72625105777448,-0.07567164301872253,0.12156647443771362,-0.1869908645749092,0.15360167250037193,0.24407243728637695,-0.30352314934134483,0.07414373010396957,-0.37534123891964555,0.13984624296426773,-0.36193913454189897,0.3259643390774727,0.8020526147447526,-0.12147387117147446,0.7431458807550371,0.11393153667449951,0.011397359892725945,0.3348491042852402,0.06172451004385948
crown_thrust_correct,150.97843990535443,146.58110610263589,27.111327514234134,69.72490954928878,166.69526702135528,129.1841197304141,156.8868611946628,159.64684491538432,171.7985993276504,157.99678841356837,98.45228216104947,58.638611791959626,124.47237534680781,131.4657430573831,178.76568427743007,-0.03677569329738617,0.424825519323349,0.1126323863863945,0.4248521625995636,0.1589989960193634,-0.07753996551036835,-0.1444505788385868,0.03637852147221565,0.6264625899493694,-0.4245092310011387,0.3535255007445812,0.642485436052084,0.06627209112048149,0.6821135245263577,0.08672896027565002,0.02202153578400612,0.30799613893032074,0.2320149466395378
crown_thrust_correct,98.49097074439915,140.97774022988062,70.71678570988105,49.55245701705716,144.50094435240555,136.7876884288679,137.80859473491324,158.18086871927542,143.7526692996929,155.3110251968753,110.57398565348852,84.97398335480533,114.33286408080336,85.33631333919888,174.37509900333555,-0.034746989607810974,0.08975163102149963,-0.2550509460270405,0.10749318543821573,0.20749837160110474,-0.42550110071897507,0.07397665828466415,-0.4222631552256644,0.09416364878416061,-0.37713087582960725,0.431083582341671,0.7460944256745279,-0.39990685135126114,0.6728149852715433,0.058511823415756226,0.00044148415327072144,0.7486709356307983,0.038578566163778305
crown_thrust_correct,146.9334939940417,133.64841835191785,34.14925367001079,69.70490533204739,139.62360920355457,127.06290967065642,152.73253988490265,170.5522852239483,158.08649653271036,150.5233871001871,121.11830120946885,84.16860821736307,105.23446344550133,126.46275792467999,175.88270778788242,0.21875157207250595,0.17675325274467468,0.14334919303655624,0.4236302599310875,0.11449870467185974,-0.0038321316242218018,0.15626194141805172,-0.2883233593311161,0.5970180537551641,-0.4858078823890537,0.17126751504838467,0.6716258062515408,-0.03257651813328266,0.748377992073074,0.070458322763443,0.009781332220882177,0.23739777505397797,0.2446213737130165
crown_thrust_correct,142.820368180444,133.70550530603504,77.9729581672861,56.86001624958726,158.14705131758305,121.22167475798075,155.2947851632096,147.94916882629258,158.5325789781556,172.61103578940765,109.38161120209519,110.84477462315495,81.01752342453972,107.94730097156933,174.47286832346143,-0.4293237775564194,0.05411788821220398,-0.056377485394477844,-0.4645618349313736,0.08351454138755798,-0.13852623850107193,-0.35722498781979084,-0.42937377840280533,-0.5254832375794649,-0.5163752511143684,-0.02387484535574913,0.8197148963809013,-0.08416530676186085,0.7057548090815544,0.05365121364593506,0.02397245354950428,0.07295013684779406,-0.2690271586179733
crown_thrust_correct,100.8810179022863,123.38732515048794,61.96046328919765,38.98915103231562,156.2676763578391,133.12099703689884,156.9107508427549,163.1265236940467,152.29982033039607,154.17169360796711,111.6080405833774,85.66419667531622,102.74919149345007,73.9443603281437,174.88816805547572,-0.1615236960351467,0.07545948028564453,-0.21843160688877106,-0.004403963685035706,0.16593420505523682,-0.37059070635586977,-0.08973707631230354,-0.4635342052206397,-0.10903479531407356,-0.45184004213660955,0.38707732781767845,0.7301271865144372,-0.26562706008553505,0.740147621370852,0.05143764615058899,-0.011058216914534569,0.5956623554229736,-0.06567064393311739
crown_thrust_correct,154.6933178703086,144.89070990776722,56.11811484714009,81.90684283776945,150.55098036483363,140.85556347802955,153.740622584531,158.99251784848894,177.0260602731189,159.37390997818315,111.78855548195459,61.206466979960965,124.90238033373376,140.353366329346,178.99322853614356,0.20133718103170395,0.17962756752967834,0.33500605821609497,0.40674126148223877,0.04472792148590088,-0.07497933506965637,0.1348583735525608,-0.28217056463472545,0.5935325063765049,-0.5677872903179377,-0.07116761431097984,0.6505491726566106,0.15943186357617378,0.6774112575221807,0.1037534773349762,-0.002643160056322813,0.17804640531539917,0.21494781970977783
crown_thrust_correct,96.55616138365785,151.15667199580872,83.1648756310152,83.06868558439577,144.4725415964615,104.01873644568737,157.535878750373,140.6338183627697,168.98499330640476,175.2011610239354,91.6918699977769,97.47568418577893,88.38502683094273,92.89575748313662,166.35970436987316,-0.2189330756664276,-0.17271673679351807,0.20986166968941689,-0.4708053469657898,-0.13520723581314087,-0.015092052519321442,-0.12493311462458223,-0.6380947111174464,-0.3701727449661121,-0.7349154828116298,-0.12925330398138613,0.8065788866952062,-0.07146333006676286,0.6314222337678075,0.1456809639930725,0.03850831650197506,0.0037041865289211273,-0.31712018698453903
crown_thrust_correct,96.33985750987024,139.181505952157,28.100836120703015,66.84012134274289,147.13705968032534,141.6009059066733,145.69606389099616,168.10148680485952,173.0386739077549,157.98668595886804,118.20176706079691,81.5401027505433,126.40174412982118,129.98999619932266,172.2683054210838,0.05191790871322155,0.2733609229326248,0.1016831323504448,0.4287465810775757,0.1900712549686432,-0.05772539973258972,0.02545790560543537,-0.16084604896605015,0.7298814691603184,-0.36275274492800236,0.2903994359076023,0.5702838804572821,-0.21114308759570122,0.7131003644317389,0.06200966238975525,-0.014573957771062851,0.489852175116539,0.18378011137247086
crown_thrust_correct,118.69717978527575,138.49954817851057,50.788914667283095,55.34929108472508,139.0293261811073,119.89903419849777,141.2738886208769,151.0204081566058,161.85543456013687,165.7702065014892,108.18702835405165,89.92704496572325,138.08082066751092,110.52567364291166,169.4626426445707,-0.035587556660175323,0.36099177971482277,-0.06656382977962494,-0.42954033613204956,0.19408676028251648,-0.06323667988181114,0.032655296847224236,-0.019918443635106087,-0.579477472230792,-0.3756278771907091,-0.2833452355116606,0.7441552858799696,0.10901451297104359,0.6479209642857313,0.12827786803245544,0.03087792918086052,0.32525353133678436,-0.23183425143361092
crown_thrust_correct,69.59461440380919,138.40614388964931,37.9364023473952,52.83526613785735,144.602118807614,106.21550546381661,158.67145410262998,137.21216354020126,163.7337545881072,173.7442209275514,90.49084217833921,90.49274688666242,120.70815331193567,86.26893307762239,168.17527663532806,-0.20781288295984268,0.043595343828201294,0.067496657371521,-0.4675036817789078,0.10961291193962097,-0.04325885325670242,-0.10970300575718284,-0.4416162527631968,-0.3734767003916204,-0.48155541787855327,-0.37219603499397635,0.6869684003759176,0.006056575570255518,0.6820035718847066,0.13963738083839417,0.01567695988342166,0.30282048881053925,-0.33390213549137115
crown_thrust_correct,91.54429930404898,130.3565647142696,52.38873650829997,66.49138397331905,127.85344346134706,139.41856596848675,165.6160112147879,171.07652732333798,159.9981541803259,160.2437285829796,139.92131916539617,92.07270333351744,105.02868988297392,65.02919505890237,171.75913475047605,0.11616562306880951,0.05804470181465149,-0.19872231595218182,0.46935637295246124,0.04698365926742554,-0.026925578713417053,0.1360391192138195,-0.49170226976275444,0.451910313218832,-0.5563182644546032,0.31677281484007835,0.740893978625536,-0.20069902017712593,0.7508607693016529,0.028110414743423462,-0.01460171490907669,0.46389734745025635,0.20065654627978802
crown_thrust_correct,69.33597169719297,88.07640644455925,32.561444827291226,31.41591708933519,162.07017856743212,156.99314547054783,155.77672619614722,151.26259624398156,155.28712374056826,151.7338967454248,140.512336926857,109.36575071243865,114.8731141809751,56.82645261395606,172.672298663297,-0.12533605843782425,0.10759803652763367,-0.10585160553455353,0.15661513060331345,0.0811426043510437,-0.2621593102812767,-0.029560532420873642,-0.3882073184940964,0.06793027371168137,-0.5441017469856888,0.28223950415849686,0.8271373191382736,-0.1974482461810112,0.663437751820311,0.06611576676368713,0.008770445827394724,0.38256365060806274,-0.019672997295856476
crown_thrust_correct,124.71641491383373,139.81316128831367,61.4799490129851,50.90802964377942,146.0247782812865,120.39450312401704,160.87581087834363,144.88434978479168,169.819011454428,174.6990010178571,106.85896642538324,93.87654510720326,97.97474358149492,97.79236689595457,174.51653769503034,-0.35142263770103455,0.07752147316932678,-0.036914654076099396,-0.44597338885068893,0.1769597828388214,-0.10176865011453629,-0.2822855971753597,-0.4102587008383125,-0.5013472102582455,-0.4012841188814491,-0.2823333404958248,0.7637525296304375,0.0571540929377079,0.7422835922334343,0.0800485908985138,0.012614683713763952,0.2708311751484871,-0.30335939675569534
crown_thrust_correct,159.42974704779527,137.32767317230898,65.42872901035311,54.14735112481036,113.02350308443332,116.7923239293613,155.4904226172121,164.38694174500264,163.87309763210243,170.75429709767295,128.9656014884152,82.3364146188982,133.65872573187917,105.28222993451286,176.2282550892343,0.27932768501341343,0.09559708833694458,0.3995226323604584,0.39599715918302536,0.2246634066104889,0.0003897547721862793,0.2615848600398749,-0.43838255235459656,0.5347504138480872,-0.39524190255906433,0.30306152696721256,0.7140329318353906,-0.06105062668211758,0.7276853161165491,0.05278316140174866,-0.0005362511146813631,0.38429801166057587,0.2771953046321869
crown_thrust_correct,115.13582434748467,142.64542628129675,76.8215660170406,60.54554938372095,146.6357405242023,139.54396333925433,161.61744565779574,173.58638401973417,153.84720585595892,154.12914322725283,136.00501767165886,89.89673237349339,109.25341257660669,78.5252062409917,173.3061125770044,-0.10225461423397064,0.09092786908149719,-0.2823796570301056,0.0824311226606369,0.1624961793422699,-0.4834003932774067,-0.025611653923988342,-0.41289775318000466,0.010895523242652416,-0.44661851471755654,0.13034840673208237,0.860841286717914,-0.09813578426837921,0.7153605943312868,0.06888103485107422,-0.0008776544127613306,0.20068290084600449,-0.017095763236284256
crown_thrust_correct,85.92584883098571,133.68908990370787,47.45022026909,53.109288748326826,140.4043101614031,113.36227997654584,178.93114041511285,144.71338928807407,175.3156182075772,174.65996197976645,93.12529569603316,80.88438910073236,101.81726903227455,79.50817976427547,171.78743384118295,-0.21096891164779663,-0.007601737976074219,0.25245050713419914,-0.4892224073410034,0.07792425155639648,-0.030083060264587402,-0.14798630261793733,-0.4893689285963774,-0.4190909811295569,-0.5235357116907835,-0.2921777912415564,0.7111535836011171,-0.012730313930660486,0.6405010391026735,0.13180357217788696,0.020867109298706055,0.2064480185508728,-0.3481820225715637
crown_thrust_correct,169.4862369280734,128.28646145319132,28.050015712874963,55.80452864244993,123.70541511045799,107.96673008957487,161.31148817992914,156.17609719615916,165.3039411272066,166.7259954006938,115.2127940032226,81.49078076704518,113.56248497933792,115.50008743359307,174.53760549260682,0.13789209350943565,0.3102830648422241,0.21138111501932144,0.3895579129457474,0.16036823391914368,0.06831897050142288,0.025810640305280685,-0.15963492542505264,0.4869985468685627,-0.4532998874783516,-0.028629492968320847,0.7023428604006767,0.30400900915265083,0.6599057838320732,0.04829531908035278,0.006562217138707638,0.23671433329582214,0.24002931267023087
crown_thrust_correct,58.265125642512146,74.0233176966994,32.85208906077157,23.874962063331257,163.21126880100712,162.89357402909738,159.8896240777315,162.9560522100239,157.6174403547938,148.1706773507557,155.258437540215,118.6479724849263,120.47162614307845,62.9135979941435,178.66053229377616,-0.1245361790060997,0.07260727882385254,-0.0620894618332386,0.12019679415971041,0.09275555610656738,-0.14931707084178925,-0.04882679507136345,-0.4160284688696265,0.06024943292140961,-0.5175898065790534,0.047018956393003464,0.822756172157824,-0.09382385015487671,0.6286400565877557,0.08500882983207703,0.00908479280769825,0.13706732913851738,-0.06608347222208977
crown_thrust_correct,105.84195983218108,114.03475577013708,44.709955426908145,42.052981929287554,142.41203212552188,116.23397884045305,163.03884414017693,142.47674478471424,149.38958929803232,172.63392637712874,103.43718964226046,114.56247469109833,83.26511000385102,92.21376698447203,171.5997048361225,-0.2937236875295639,0.05570456385612488,0.2162238247692585,-0.39016861841082573,0.08603924512863159,-0.104950912296772,-0.17911243066191673,-0.4514444754458964,-0.36227772757411003,-0.5508266077376902,0.11904579773545265,0.8052791967056692,-0.27803007885813713,0.670874775853008,0.10550853610038757,0.022671974264085293,0.371156707406044,-0.3459114581346512
crown_thrust_correct,155.8114235651693,99.81933976430979,63.841556641856755,48.688544972962966,135.89857811371317,121.08784805687446,157.47896525340502,148.64503787719775,164.72198470064546,165.99220881609804,116.73223416045168,72.36647681189619,99.20741987267598,113.51325240827698,178.52747899014372,0.29689089953899384,0.08993679285049438,0.3837955594062805,0.30113498866558075,0.10271310806274414,0.13745292648673058,0.23586704395711422,-0.45751027563528623,0.46191676519811153,-0.5459231267304858,-0.12922228313982487,0.6553351750044385,0.26681225560605526,0.6376865377096692,0.02927154302597046,-0.005678265093592927,0.2806020751595497,0.18224413692951202
crown_thrust_correct,95.03379495151947,101.1848364216731,31.13296607739318,26.41211835612312,145.84807020585674,147.91501471752767,172.6735282014812,176.80105038956034,135.89688486752732,153.972199146259,151.57062085759006,110.43243132079787,100.25230482879458,79.61850168766472,177.60939955217634,-0.16065950505435467,0.16417917609214783,-0.11488191969692707,0.11870372481644154,0.1927826702594757,-0.24842523923143744,-0.08982103317975998,-0.3520347005687654,0.06708771735429764,-0.3987805671058595,0.12074396014213562,0.6528798514045775,-0.09765750169754028,0.7802604013122618,0.0416397750377655,-0.015644184313714504,0.19581934064626694,-0.02441988093778491
crown_thrust_correct,96.30457986592309,136.13544430126956,56.14840875347495,50.66343231464076,142.09580529549595,115.17414343394962,164.37168001959523,153.10459755364496,167.84008871061522,172.46970375208886,81.00143478275173,77.67220764018772,84.73339496636372,80.73221492314994,171.63867223138084,-0.2142205312848091,-0.03355914354324341,0.2948829382658005,-0.4839027635753155,0.11917299032211304,-0.09594500809907913,-0.1252463657874614,-0.5133398858597502,-0.4274345387239009,-0.4526419130852446,-0.1965647090692073,0.793350568623282,-0.07835890841670334,0.6862889440963045,0.10678842663764954,0.007807089714333415,0.06398570910096169,-0.3413839638233185
crown_thrust_correct,156.60480293013075,130.50742811927046,74.5689779812036,56.8768834229084,107.85993433970222,117.66921181697434,158.62597588115847,159.07184874360607,159.0066666316854,153.8374004318713,145.49547309137282,97.82018329731214,123.5482060407491,111.67011878480807,175.70713788654675,0.2530755028128624,0.009356081485748291,0.36231838166713715,0.4271562872454524,0.15967944264411926,-0.003378152847290039,0.15987060870975256,-0.5542231543513481,0.4925744226202369,-0.47184697227203287,0.22179572191089392,0.7050485269573983,-0.022277516312897205,0.7256393091229256,0.03763088583946228,-0.004120959260035306,0.25612006336450577,0.24994443356990814
crown_thrust_correct,60.488590150755364,141.26448608251133,38.79305259323625,23.343459187662475,165.29634416428968,130.1969048159972,159.68963144090375,168.17949424033944,160.5649359707467,144.8279580546422,151.53194547200272,110.49374088846274,126.13828499892375,63.04959738090087,175.0831679897553,-0.11258517950773239,0.08565041422843933,-0.09577162377536297,0.1094093257561326,0.2823866903781891,-0.23819204047322273,-0.019178010523319244,-0.40745717636309564,0.07465939968824387,-0.29944789758883417,0.15215354412794113,0.8725119198206812,-0.05102715641260147,0.7068411076907068,0.10515126585960388,0.014848906081169844,0.17974046245217323,-0.0368512999266386
crown_thrust_correct,109.38115391188865,158.3530275065337,99.15117607371711,78.61710597147332,137.5889236215935,110.39050980751259,164.49199497964958,149.05690720443755,173.51804085654882,176.6849510798216,97.75656099187029,96.83334275403338,107.23297855849754,82.52672941025307,170.7904160883182,-0.2834927923977375,-0.03547605872154236,-0.02451823651790619,-0.43689072132110596,0.005267322063446045,-0.15813303738832474,-0.2526604337617755,-0.5056426930241287,-0.4331355793401599,-0.5817870306782424,-0.3334447843953967,0.7107714605517685,-0.3231296045705676,0.6562180710025132,0.10270091891288757,0.03043061401695013,0.015183404088020325,-0.32685116678476334
crown_thrust_correct,162.850607298932,142.55604245581165,95.45916541585983,82.26198636397835,136.1117502100797,152.9401214823561,154.90045025068915,175.0748632671715,166.98088503171155,157.76565101124766,129.87255187579603,99.34849666912054,133.2431444201286,95.52023952616456,173.43721277710088,0.3946550488471985,-0.048357248306274414,0.11194606870412827,0.3981020711362362,0.021649181842803955,-0.14469869434833527,0.5096705164760351,-0.6091608587885275,0.4805287327617407,-0.619496900239028,0.333113482221961,0.7080940421437845,-0.26878334023058414,0.7463801320409402,0.049357056617736816,-0.0033815393690019846,0.5523929595947266,0.2427125796675682
crown_thrust_correct,111.28440822458846,143.75451048959815,91.60335985083563,65.53648898234883,163.30100224152554,132.57725443184688,154.60055346284483,168.31538111634276,150.0560287476367,150.48340840386095,130.57730830237674,101.12442149668458,101.15750118192676,72.22590533059889,170.58583975377766,-0.20663467049598694,0.004847824573516846,-0.2571074143052101,-0.03011661022901535,0.09623989462852478,-0.5298441778868437,-0.09579665586352348,-0.49760271585546434,-0.07999635115265846,-0.5008493808563799,0.01720748282968998,0.8581264468375593,0.023482419550418854,0.6883295031730086,0.062364041805267334,0.015642916318029165,0.022918686270713806,-0.0997083242982626
crown_thrust_correct,140.4008721394799,146.31540546260834,84.31137203653341,53.38810488921274,164.57599222180147,111.68725070185744,145.2643488122212,167.7774985199693,148.25932197886314,163.17113223651748,115.24296041526847,113.43301899742151,86.95329082285184,109.62882569485959,164.90178563172654,-0.4009929299354553,0.015862971544265747,-0.11306057870388031,-0.45439448207616806,0.08590596914291382,-0.11180077120661736,-0.2775528356432915,-0.45814618188887835,-0.45553555339574814,-0.48917406518012285,0.2811823859810829,0.7925791768357158,-0.3521066829562187,0.6770383147522807,0.08225631713867188,0.045779647305607796,0.5808197855949402,-0.24303477630019188
crown_thrust_correct,159.01834200247472,153.544779512854,31.236523811588565,74.41513014784783,141.639311177129,134.8132927705377,158.74034774115796,159.9716628066778,166.6788622590775,169.13501784744534,107.547182815899,78.59979216914043,124.08652444562277,142.29533807841847,172.1940907507693,0.06332874298095703,0.24069342017173767,0.18129397183656693,0.47782187536358833,0.08150050044059753,-0.0750776082277298,-0.10868291556835175,-0.21342379378620535,0.604774110019207,-0.521589805954136,-0.1264207735657692,0.6807032324140891,0.39293330162763596,0.6463023520773277,0.07707253098487854,0.014043859438970685,0.4247145354747772,0.20089245587587357
crown_thrust_correct,88.74449219996971,103.14290247334809,87.87992603749451,64.01020861764867,142.55112191214428,169.40927963154277,172.12647650648566,162.61622430901642,154.2004656674027,151.2476084997801,149.35210064775603,114.4110523628559,112.04187888054955,84.49503830739364,171.13370201907156,-0.0425451323390007,0.04890400171279907,-0.2096521183848381,0.11699778214097023,4.64320182800293e-05,-0.2713993787765503,-0.04052778333425522,-0.4953731205314398,0.030057497322559357,-0.626776060089469,0.041528645902872086,0.6697057876735926,-0.10817790776491165,0.8279468808323145,0.01751643419265747,-0.025660455226898193,0.16088461130857468,0.06937649101018906
crown_thrust_correct,167.49740480304453,148.65976292541362,73.21793103032367,65.36568944764596,107.80071974991958,120.21004663519327,164.17254530680077,162.70343693485958,164.8447810125359,173.26421492716204,127.39625461304162,79.51168959413538,130.7277733287192,108.48012621289575,171.911067218334,0.2756273038685322,0.03865891695022583,0.4027620628476143,0.4530930845066905,0.1594679355621338,-0.026150986552238464,0.2225461956113577,-0.5049458254361525,0.545946454629302,-0.4449868012452498,0.29513890109956264,0.7326038371538743,-0.13249867595732212,0.7411266457056627,0.0234682559967041,-0.012486954452469945,0.41894227266311646,0.25161703675985336
crown_thrust_correct,159.90496373580092,116.22651937843739,81.11125311347158,78.3174234540884,161.2437366998424,145.31252078449884,160.753187815683,141.7763321728122,140.92690054847762,113.55174213418844,174.99528413356663,91.22702761884338,142.93065212535643,138.82033838849307,126.95913686292675,0.15368661284446716,0.020796239376068115,0.4792806804180145,-0.03908495604991913,0.18733592331409454,-0.41642874479293823,0.529016649350524,-0.3041225681081414,0.253163343295455,-0.09256155136972666,-0.593641484156251,0.0678127994760871,-0.4624564293771982,0.2655591955408454,-0.048373013734817505,0.012320704758167267,0.06013894081115723,0.09902289509773254
crown_thrust_correct,88.28373864001014,151.76831765635723,83.47343143714139,75.01136541793932,142.17182495349303,93.08602965771433,158.47971456158183,132.951705645001,164.8319024136004,172.49312784831181,100.01478538665137,104.16198275136517,95.25682453107727,79.89030174425514,173.38524105969333,-0.1689147874712944,-0.018165647983551025,0.2912089675664902,-0.49247001111507416,0.029566168785095215,-0.0015649646520614624,-0.1788671175017953,-0.46895284205675125,-0.46722489688545465,-0.5650911405682564,-0.38663205597549677,0.7062894031405449,0.04163919296115637,0.5888466760516167,0.11757475137710571,0.04591480642557144,0.3199140727519989,-0.3196836858987808
crown_thrust_correct,168.80717578165527,129.4236094966409,80.27352063275242,77.52444374461601,136.62871722501686,129.9490525317547,148.76488212404513,157.9786815122679,162.8157219065455,167.7800385277128,136.80356217061424,80.31475102533506,115.23115882691341,98.23597276387845,168.37851971915546,0.40335581824183464,0.06244969367980957,0.14590531215071678,0.4325500689446926,0.06625053286552429,0.03624449670314789,0.491418425925076,-0.46423137793317437,0.5643588053062558,-0.548532968852669,0.28226003516465425,0.6318509518168867,-0.13305663596838713,0.6946205436252058,0.022318780422210693,-0.022997586987912655,0.4221384823322296,0.26956217363476753
crown_thrust_correct,103.94584020696283,149.88478766859987,70.7551370531241,59.67043568520049,157.1584075317311,136.9432025200295,161.0864917107045,160.60900284605822,154.21169555210614,154.0907964853764,140.43526373438624,98.0527423038255,109.82005763317436,80.47286646395749,176.9341781338008,-0.12958484143018723,0.13794749975204468,-0.23420517146587372,0.09200966358184814,0.19116634130477905,-0.4691684879362583,-0.049923401325941086,-0.34894035500474274,0.03201035037636757,-0.4169439796824008,0.1960260160267353,0.8131242569070309,-0.16100579127669334,0.6705571587663144,0.07941460609436035,0.007903693709522486,0.2922309637069702,-0.01706530526280403
crown_thrust_correct,100.76126855366826,146.6330894145497,38.11166180710934,20.731239037818746,153.91002305715307,116.13588476814394,156.4109961094707,162.10298010990206,163.04128939774017,144.81244511176342,144.35494919177515,119.7499432837092,121.147635846507,72.92676314857444,173.92099386977813,-0.14085790514945984,0.22718317806720734,-0.09102611988782883,0.0034344643354415894,0.3192462623119354,-0.22121811658143997,-0.0339684784412384,-0.25310805812478065,-0.01923653855919838,-0.2654806114733219,0.03986867517232895,0.8729146681725979,-0.10482174903154373,0.6158754788339138,0.0859437882900238,0.029072798788547516,0.14411863312125206,-0.07028959691524506
crown_thrust_correct,118.7380818935481,146.76067609502167,79.63630982653001,58.55225621473073,149.53767143234114,119.4173310353882,156.51356772863124,144.58237609765823,161.50733965185933,174.89266738586508,91.06897775482122,84.76746905288906,120.66857589278118,65.39561008755975,178.68851053466685,-0.3182236049324274,0.04952463507652283,0.08502236008644104,-0.46231096237897873,0.10480889678001404,-0.10244590416550636,-0.3773739356547594,-0.4593378745485097,-0.43792095966637135,-0.501921369927004,-0.39354771561920643,0.7078865624498576,0.008801480755209923,0.6608805514406413,0.06534433364868164,0.007422424387186766,0.3408447802066803,-0.28846217691898346
crown_thrust_correct,170.42571549868808,145.14627816027837,77.01251919622065,68.05568161197584,114.11485036406178,120.87110580188163,154.07904002045544,173.6822558799442,164.19238244764244,158.26683928283288,116.09588086683941,99.2662851592305,106.49547494904795,114.3615189057137,172.62512687712302,0.34458909928798676,0.10570237040519714,0.16478781402111053,0.41530193388462067,0.1957116425037384,-0.043849438428878784,0.3917467725696042,-0.4220873914891854,0.5822924805106595,-0.3986792467767373,0.27400113467592746,0.7058882511919364,-0.18022531445603818,0.7936475075548515,0.025388479232788086,-0.0018559976015239954,0.4320933222770691,0.24704650044441223
crown_thrust_correct,98.2307737783226,148.85226772341377,55.44529459750975,12.89408736492421,158.65861389770518,121.05980555742556,162.02842619864964,155.5642501622899,158.59703430648037,155.77985298957302,122.45950485381935,99.68743003898832,121.37345838161431,73.12553624053068,176.3282020006245,-0.13805366307497025,0.13592064380645752,-0.16680297255516052,0.05953190475702286,0.3823387026786804,-0.20171188563108444,-0.04115765169262886,-0.3534417012706399,0.02276902087032795,-0.1755082169547677,-0.0029443688690662384,0.8490890106186271,-0.02352217212319374,0.6898443540558219,0.06631076335906982,0.020343543961644173,0.047018107026815414,-0.09102652221918106
crown_thrust_correct,116.28007581545283,147.00457581172915,71.86399005791831,59.75723400310183,98.22882789216807,110.62866077994218,162.5325154369359,147.2492352581931,158.76763524627833,167.80213146718663,97.5880406487409,83.53307922921194,100.12064285192984,102.1184035177595,169.9658106801961,-0.2681647837162018,0.0093345046043396,-0.10193662345409393,-0.47766502760350704,0.07769826054573059,-0.07837137579917908,-0.103801179677248,-0.4579344573430717,-0.4656331427395344,-0.5164720597676933,-0.3062264807522297,0.7468083915300667,0.04412171617150307,0.7175888833589852,0.10982516407966614,0.021026290021836758,0.3167162984609604,-0.27611394226551056
crown_thrust_correct,174.42378981119342,143.1829695652583,38.44530690544334,60.48028405774903,137.5288184234535,117.5418075963244,160.1715922796334,160.0141881107246,156.5179239883211,170.38768640467188,126.83847647293268,73.88834647133532,108.27479938785638,115.12366805327942,174.11506593747475,0.24477913975715637,0.2668435573577881,0.21049035340547562,0.4592060446739197,0.16876590251922607,0.012939736247062683,0.15410119108855724,-0.20965597231406718,0.5542651694267988,-0.4566867520334199,0.28862553648650646,0.6918491552351043,-0.09153285063803196,0.6818551848409697,0.053089261054992676,0.010593887651339173,0.37727151811122894,0.22766273468732834
crown_thrust_correct,77.72003575929438,150.1984964978549,72.21276446120412,46.07410670116077,158.40694303406133,130.790406636868,159.03039741120006,161.88551902872982,146.02038452800133,152.31756948892618,135.35377328116508,94.65621193007851,122.02005843626398,61.23416533891927,170.3978254394191,-0.11115570925176144,0.1324978470802307,-0.1831510290503502,0.2263926938176155,0.28953026235103607,-0.358658142387867,-0.09579424560070038,-0.3549117697402835,0.105982206761837,-0.26125052105635405,0.1999887079000473,0.8311355160549283,-0.2639263719320297,0.692378525622189,0.027715414762496948,0.0036529446952044964,0.3891887664794922,-0.00029559433460235596
left_chest_thrust_correct,85.76656074956135,135.59450466706693,78.95135033437649,95.41562078766295,137.60486814213522,104.06931602542002,140.32240808872038,138.18688346853324,159.03380619765392,168.47150261003924,100.63054913308369,91.53046444880917,95.06304082894233,92.4989056128106,175.95487515005075,-0.10900906473398209,-0.0722360908985138,0.26128169894218445,-0.3816216420382261,-0.13610321283340454,0.05117371678352356,-0.1464000828564167,-0.5587230552337132,-0.3522634692490101,-0.7744328607222997,-0.48792146518826485,0.734361327777151,0.157968919724226,0.5970335375168361,0.11414745450019836,0.007716919179074466,0.5309891104698181,-0.353966623544693
left_chest_thrust_correct,101.33512995632721,108.78798468773044,52.631389063135316,66.56135347750384,168.06936533308672,143.8540542990807,142.69165246565834,143.67654293869842,161.46047877012936,162.59899241581135,135.51898802520657,106.7071136521075,95.69766242969544,101.35949633486027,178.5280566419517,-0.23171024769544601,0.059009045362472534,-0.1229265034198761,-0.16087493300437927,-0.05893051624298096,-0.3100435361266136,-0.17974307388067245,-0.4684372105402872,-0.266175352036953,-0.7249016322894022,0.34244272857904434,0.8164179763989523,-0.37603669613599777,0.6617975077824667,0.07261183857917786,-0.00858610006980598,0.6088810861110687,-0.11544615775346756
left_chest_thrust_correct,76.75676314075945,111.0253677228912,80.0003733241534,97.31548426894003,127.53880390987742,153.3067989592201,135.5015698440971,157.58303988356727,156.88390614729093,137.71617006662783,105.22201368842283,88.08900874030499,105.58962758439588,92.61356831951586,171.7890417051765,0.058877333998680115,-0.046349674463272095,-0.14863750338554382,0.3034072443842888,-0.1885758638381958,-0.07800999283790588,0.124338423833251,-0.588411589153111,0.37069044075906277,-0.8325094180181623,0.38805434666574,0.6203467650339007,-0.3224512580782175,0.6677373452112079,0.06480106711387634,0.019505899399518967,0.6873327791690826,0.21667443215847015
left_chest_thrust_correct,82.56366714057488,147.91536977163958,52.41149005526563,75.4323649108604,156.82307125581315,130.8289885429404,153.81755788469724,160.92608950384584,154.6118293422174,151.08232569250762,124.18108593907269,91.89570047925,106.40771369627892,99.85301937350344,170.08916735913317,-0.1295788660645485,0.02462068200111389,-0.1996205784380436,-0.0992787778377533,-0.03662687540054321,-0.44984833733178675,0.03371255099773407,-0.4772949533071369,-0.11016077548265457,-0.6612347380723804,0.1390688791871071,0.8438068612013012,-0.1266743466258049,0.700507519999519,0.13236483931541443,0.018462812062352896,0.26817289739847183,0.014200588455423713
left_chest_thrust_correct,130.5579174628896,141.16454470359378,22.090935724343083,104.90753945680247,168.2025833364663,148.27623778016874,154.89220564746935,171.44334939355335,158.8232263114687,162.772316508873,103.55607067609822,59.65131962704188,128.04908926973158,145.08910516748702,174.40248692682653,0.0671286778524518,0.38710817508399487,0.10970963537693024,0.4425109922885895,-0.10561269521713257,0.012461557984352112,0.027442824095487595,0.00899616302922368,0.6981742233037949,-0.7167500597424805,0.27265124022960663,0.7172412532381713,-0.21145804226398468,0.6823882716707885,0.13083913922309875,0.006977914832532406,0.4761057198047638,0.22163424640893936
left_chest_thrust_correct,88.1263793738194,141.0302838248456,65.96317768514085,73.53826916049677,141.99428509074744,127.11329444463371,143.91739800910182,143.46781255575002,156.14334304752822,173.88631472520132,76.48738248143144,93.54240096911948,104.174930689896,93.27791856629071,173.34209304285912,-0.23816055804491043,-0.004907190799713135,-0.04093039035797119,-0.355099368840456,-0.058626532554626465,-0.18178222328424454,-0.14140588231384754,-0.515313548501581,-0.38482278771698475,-0.7241239375434816,0.22389586083590984,0.6874777846969664,-0.3451818246394396,0.6223041587509215,0.1605857014656067,0.02266321424394846,0.5431191921234131,-0.2711922451853752
left_chest_thrust_correct,120.74796404438732,115.1953878017278,77.98740893940665,76.31013071839142,151.9260988658343,146.00787365186594,159.8879784012235,166.0099811380698,143.57636874966946,147.6012218987792,145.10250142290198,109.3559164933029,91.74798364227856,100.51295069692372,176.79383014968099,-0.23519915714859962,0.0312330424785614,-0.23271309584379196,-0.08358078449964523,-0.10913306474685669,-0.3558870181441307,-0.1268961913883686,-0.4638872623909265,-0.11792119219899178,-0.7420140982139856,0.31343185529112816,0.6620683192741126,-0.2417055256664753,0.7837297439109534,0.08198794722557068,-0.016088001895695925,0.46985745429992676,-0.10588306188583374
left_chest_thrust_correct,169.02800577249405,137.9011852945246,97.90002372293681,100.67543291096631,120.41665144986331,149.09602016176308,158.89777852256333,147.79008363461986,158.08909830646698,161.50294877547935,124.4173750076174,83.37169044813129,115.44908886053403,137.40819795134928,179.18304552299577,0.27577557414770126,-0.08144432306289673,0.3373774588108063,0.3337154984474182,-0.15244269371032715,-0.0747690349817276,0.2284172773361206,-0.641630734957289,0.44401268661022186,-0.8445671458612196,-0.1771184653043747,0.6747226457227953,0.37541674077510834,0.6676780919660814,0.08483767509460449,-0.00247260311152786,0.4629104733467102,0.23740006983280182
left_chest_thrust_correct,130.49141210095414,67.98350895704964,43.68680953227267,55.660375822423596,137.46396046723802,125.33418483972815,169.69678327228985,159.26443146143632,170.5856810579926,165.62603214350085,116.04382660021655,81.84518645261366,95.46514594035825,111.78877628886421,178.67540252765184,0.2306152731180191,0.09343656897544861,0.35577379912137985,0.16438958048820496,0.003041207790374756,0.22004461288452148,0.13419315218925476,-0.40690460824407637,0.31173889338970184,-0.6393939258996397,0.007027801126241684,0.6946476099546999,0.22846977412700653,0.7340835330542177,0.05906134843826294,0.016812751535326242,0.09699057787656784,0.1452711746096611
left_chest_thrust_correct,112.9320005372159,59.220564865335696,45.8267630138559,57.666982071586936,96.10806056969783,165.68744599106802,167.42898707865643,162.1254280859647,157.73721531417092,161.9706241393401,139.5115484399439,102.24007080033003,95.52307413523576,55.89052699478599,161.96070319729395,0.04072488099336624,0.22863757610321045,-0.26097752898931503,0.21921924501657486,-0.04545325040817261,-0.09545283019542694,0.06245958060026169,-0.2707982682622969,0.12145272642374039,-0.6271446966566145,0.2416146770119667,0.6169183827005327,-0.15935207158327103,0.7408913946710527,0.009722799062728882,-0.01983244065195322,0.36805786192417145,0.1043885126709938
left_chest_thrust_correct,103.55706559333413,119.89451304340122,48.795005131740226,22.19334033556244,132.5927984879882,133.13366171549575,139.71784892430483,160.40324580832603,144.7998018212421,153.41781756513623,123.36316887256781,95.37225870474457,120.04833999502812,74.23454671787313,162.8945113417779,-0.05469585955142975,0.21897433698177338,-0.15196140110492706,0.1336767002940178,0.3144165277481079,-0.1539079174399376,0.0865730568766594,-0.2578197449911386,0.16560348123311996,-0.23882764880545437,0.2699817940592766,0.7855457335244864,-0.38159263879060745,0.714472797466442,0.0623229444026947,0.017816728446632624,0.5355094969272614,-0.041918255388736725
left_chest_thrust_correct,78.28929469135143,149.8269605428954,43.13823957857608,95.8607069751105,141.59591941355848,117.09086560944179,144.44096610171934,157.1504040531201,151.4723805776135,155.14687364132556,102.49504202073312,84.27167496445438,145.0712510704358,127.80394562108219,176.39828370191077,-0.18985820561647415,0.19687774777412415,-0.06284904479980469,-0.42806748300790787,-0.11744922399520874,0.04461292922496796,-0.14693262334913015,-0.2562933387234807,-0.4973767613992095,-0.8110739411786199,-0.460503569804132,0.7469405112788081,0.36376721505075693,0.5909968195483088,0.21787121891975403,0.04298781044781208,0.6690348386764526,-0.29733017086982727
left_chest_thrust_correct,103.46423011969303,88.3993906874411,39.99899945829599,71.60399565857227,159.18341109868592,121.22917874739322,158.1900180396561,138.31209671457262,169.141225231859,152.64641451417936,87.01708162421455,81.65839275424804,131.56225009029438,129.34172795349096,170.29531707915083,0.04281984269618988,0.19402667880058289,0.2873777747154236,0.1900249570608139,-0.039765357971191406,0.2108732871711254,-0.02313942089676857,-0.2568741673603654,0.43221769109368324,-0.6391853028908372,-0.3852882646024227,0.6313443845137954,0.3311814107000828,0.6468452280387282,0.07273715734481812,-0.010629076510667801,0.6135720312595367,0.06276744231581688
left_chest_thrust_correct,108.187000861505,153.10993736552274,28.51245383151309,75.19349585210718,147.42211241784096,143.7190261917574,147.48785384750954,166.963047899183,158.1427689254069,152.56675856252983,130.64493811517193,98.14308356433418,119.01430775289278,95.66224787637069,170.43141035877352,-0.06821104884147644,0.2029496133327484,-0.1893431767821312,-0.005844101309776306,0.0011187195777893066,-0.47191536147147417,0.0818970836699009,-0.2344426983036101,0.011087868362665176,-0.620402725879103,0.28854744508862495,0.8306523240171373,-0.3195871226489544,0.7219120538793504,0.18073490262031555,0.002721245400607586,0.5151600539684296,0.051182414405047894
left_chest_thrust_correct,83.64449861185236,107.60591074625556,103.74036006326016,65.33830872574231,171.92651856935527,150.9379057494373,155.56318059545097,169.15090206085972,160.42313817686102,158.16432989821752,136.5906221547573,95.8266246389261,91.28279550788866,85.46378351394453,173.2980756712717,-0.15230020880699158,-0.11425730586051941,-0.06691077724099159,0.012513019144535065,-0.006619632244110107,-0.312849298119545,-0.062134258449077606,-0.6256120613543317,-0.0319254994392395,-0.6413062027422711,0.204246386885643,0.8545710631879047,-0.18773557245731354,0.7224066444905475,0.08377304673194885,0.009166667005047202,0.33457157015800476,0.0018252022564411163
left_chest_thrust_correct,157.7098502505446,140.42125851564194,81.71214616259157,98.15262895126281,145.65815361348774,153.31923124804587,155.17574616323049,175.47726711841304,174.10858044673856,159.73042567665746,127.16314582929867,103.54926061939133,79.05025132927369,153.9015177960753,173.92600625368644,0.27119118720293045,-0.053496599197387695,0.305827796459198,0.4028433710336685,-0.09893828630447388,-0.03279576636850834,0.19740990176796913,-0.5281909191980958,0.6472516693174839,-0.7329509342089295,0.16949719563126564,0.7146364962682128,-0.13873423263430595,0.7476239120587707,0.12496781349182129,0.036679456010460854,0.3103559762239456,0.1408363413065672
left_chest_thrust_correct,103.63666034608644,163.5263515180196,102.27336912144963,106.50771316450073,140.2006927953624,128.71170002632186,155.18171595749897,155.42445686809384,171.95259613851425,169.0208781182959,96.26607696275735,78.88175497583526,85.03560620911622,105.40398745269047,171.29239589539574,-0.24502083659172058,-0.19475620985031128,0.049900397658348083,-0.45576585829257965,-0.2261338233947754,-0.09113762527704239,-0.1670088553801179,-0.6838235692121089,-0.4734404915943742,-0.874943716917187,-0.2461646432057023,0.7536806031130254,0.004194415174424648,0.6915941997431219,0.1563543677330017,0.023468774743378162,0.18997271358966827,-0.29444409161806107
left_chest_thrust_correct,78.5924351920893,95.41954333930305,31.793067155700367,60.53801634954108,146.37799562215605,169.28181926086657,152.06606583734,171.18028802185702,158.29047587441906,151.5931982122662,113.43269533154455,93.67800858516578,106.0854340882272,57.62599188430775,173.78271984054422,-0.062165096402168274,0.06112372875213623,-0.20405033603310585,0.23549851775169373,-0.06894445419311523,-0.14318868052214384,0.07834765315055847,-0.44415529107209295,0.22299480438232422,-0.7204400453483686,0.3600221276283264,0.7970346655929461,-0.15810751914978027,0.7615349736297503,0.11432957649230957,-0.007347115082666278,0.42727378010749817,0.05785191897302866
left_chest_thrust_correct,141.32829218074755,90.40024325902786,40.81043341126364,37.33935198280538,170.45950633730902,95.11348565570712,163.41200754786797,142.33231178591163,166.3566895038053,169.81189755939147,70.27916498330246,105.31516697463567,125.01567237418935,104.53940575541206,174.99455177018328,-0.13615131378173828,0.4369068779051304,0.05449681729078293,0.03559672832489014,0.35210204124450684,0.09885387867689133,-0.35488638654351234,0.029632126912474632,0.14158855006098747,-0.2444821521639824,0.20117100700736046,0.804824985563755,-0.16468578949570656,0.6557498350739479,0.09362909197807312,0.060654595494270325,0.374161072075367,-0.22612526267766953
left_chest_thrust_correct,94.03781433373807,141.72834615846588,52.974655991502594,80.94199931379472,144.9294293557034,123.0877047121337,159.95256482949503,161.4669772424808,161.63670501363939,162.73830922549152,118.94157535883764,102.65639985367416,94.82198809006007,114.85572327227476,174.89956032102907,-0.2911204397678375,-0.014961838722229004,0.001428842544555664,-0.4222628176212311,-0.08146291971206665,-0.08182429522275925,-0.18193540908396244,-0.5195166193880141,-0.4711082074791193,-0.7384081804193556,-0.1922720018774271,0.8139151609502733,0.0328346062451601,0.7375357425771654,0.15216538310050964,0.01687242928892374,0.16367848217487335,-0.2783047929406166
left_chest_thrust_correct,79.82845939333609,96.53294877086864,75.75109994458934,73.15720103047323,153.84650314601114,150.02449554042934,127.85800804764843,160.18092287220526,134.1815256431682,157.3590789501848,114.7495748875496,80.3229391233649,107.34941666654866,89.53078119887947,172.6985408875916,-0.07598960399627686,-0.0011614859104156494,-0.20574960112571716,0.016971029341220856,-0.058209002017974854,-0.24286942929029465,0.018549256026744843,-0.5179595870431513,-0.022246211767196655,-0.6814925593789667,0.4504232294857502,0.6980391817633063,-0.37631670758128166,0.6634301024023443,0.07965043187141418,0.006115403492003679,0.7669433355331421,0.08514095097780228
left_chest_thrust_correct,175.6315796447396,139.50716823846307,93.31466568630765,86.84915026631995,119.00596195408525,131.77631740079897,152.57242796397682,166.3103112250049,166.28439653008274,167.44649657515092,144.61804318133684,71.7519149241923,96.32164471116157,129.13094690223977,177.92580103822422,0.39012984931468964,-0.08367669582366943,0.28472990542650223,0.43518367037177086,-0.06316190958023071,-0.007750272750854492,0.31820783764123917,-0.6299968097591773,0.542946107685566,-0.7361659143352881,0.08096759766340256,0.6961962844943628,0.04289796203374863,0.7490679289912805,0.07143247127532959,0.003080950351431966,0.09546202793717384,0.2449835166335106
left_chest_thrust_correct,125.88929846068622,139.23001230593349,79.38123646722387,73.08707186843102,148.47505245607218,125.02518768176564,149.42236235197691,143.78866216389903,159.0943254019518,175.7629180899689,111.74933493522232,105.12502225040407,85.64340087671292,111.58182314134406,170.7949833526615,-0.3292234092950821,-0.055584877729415894,-0.07283863425254822,-0.4756542444229126,-0.053315937519073486,-0.15147148817777634,-0.19701776839792728,-0.5472674709744751,-0.5113059226423502,-0.6834161025471985,-0.09010728634893894,0.8165960568003356,-0.08450611121952534,0.6915613668970764,0.11242887377738953,0.03330078814178705,0.006270374171435833,-0.26523908972740173
left_chest_thrust_correct,81.03848914455686,107.30165477468016,58.75979569831389,79.35037278831388,156.30955743102328,165.72426687344642,149.51819475987537,163.42206257755277,150.9901885199751,155.87412198884925,122.34227330113133,87.51941038125725,92.36358397879275,88.48261892035724,174.232714175958,-0.06313133239746094,-0.07607060670852661,-0.16614524042233825,0.08230200409889221,-0.14863616228103638,-0.2776024080812931,0.06453759223222733,-0.6127361773978919,0.059595003724098206,-0.8194469928275794,0.40258895605802536,0.7769481420982629,-0.37155789881944656,0.7222831130493432,0.1124383807182312,0.0013802764005959034,0.7026425302028656,0.05849692365154624
left_chest_thrust_correct,154.49541169039458,135.12076616128542,88.89871213664934,87.74372811934002,118.48256924361348,138.16680360374585,154.34174953054466,163.9274608276083,162.43935163949763,166.3629950720349,137.3211511792365,82.12173959004629,132.58555009854572,107.67968730688786,176.88487848595102,0.25861375592648983,-0.1033359169960022,0.37346721440553665,0.405274098739028,-0.062195658683776855,-0.01723313331604004,0.22729670302942395,-0.6815031066071242,0.4911931832320988,-0.7449388399254531,0.19335130648687482,0.7215983972419053,-0.18521616561338305,0.7405997619498521,0.07573485374450684,0.0007729153148829937,0.39432744681835175,0.27051667124032974
left_chest_thrust_correct,97.62346123388429,149.98809030991993,70.38729830552796,77.0943985307062,137.71554693559534,108.99742290878494,157.4732144388987,142.57713582371784,165.60020106629946,176.52651636331203,86.80289664904608,84.04434313213967,82.64393850214904,98.71118296717377,167.37467373365163,-0.2704665809869766,-0.11868077516555786,0.19733362458646297,-0.4596417024731636,-0.07484298944473267,-0.06200549378991127,-0.12783147860318422,-0.5791998980566859,-0.3953410582616925,-0.6817399142310023,-0.13550390768796206,0.8094137432053685,-0.05539130885154009,0.6565027954056859,0.16238385438919067,0.03779750131070614,0.02406224049627781,-0.3337188810110092
left_chest_thrust_correct,139.0685623478278,66.96709971693242,15.345833582279608,49.79449216040807,144.44109794026272,132.66915571235114,151.30836268970407,129.54219185390463,166.24138260144525,146.1297853926976,116.13523896707453,95.44136970863059,115.71509495765807,115.81119588975879,172.86628880654976,0.062236661091446877,0.3336789608001709,0.20306216180324554,0.1851654350757599,-0.00961834192276001,0.12097419984638691,0.02458255924284458,-0.11989785195328295,0.3950871266424656,-0.6347178167197853,-0.3184814117848873,0.6026570850517601,0.46293288841843605,0.6470753604080528,0.050835371017456055,-0.01596715534105897,0.6533132493495941,0.16358448565006256
left_chest_thrust_correct,101.81171580023043,107.30286420203758,71.64050964054198,52.10209363298819,157.1985447679928,130.9053209773632,144.83027060153734,156.21594756115647,141.37764948187353,164.25549828283587,96.26312715306386,97.12225446125463,90.37866168388445,77.69679049398107,167.34322563984188,-0.2932112514972687,-0.047256022691726685,-0.03899043798446655,-0.22771304845809937,-0.021947801113128662,-0.3181929010897875,-0.1985701248049736,-0.570292922668159,-0.25276460498571396,-0.667780670337379,0.31534580141305923,0.7396347792819142,-0.4440711662173271,0.6655013831332326,0.09564483165740967,0.022695938125252724,0.6850405931472778,-0.24920502491295338
left_chest_thrust_correct,111.03037203821359,107.54789253808882,52.51092782571878,50.07844925174959,133.19660210473916,124.42932408463082,161.42985883499983,147.29076207543002,156.3787171304652,171.95954892057338,101.78045853603464,99.64655135764988,90.605466996807,95.6817358485273,170.71212826787476,-0.2809817045927048,0.06291016936302185,0.05120044946670532,-0.33955948799848557,0.009528577327728271,-0.14307555928826332,-0.18603765219449997,-0.43697498086839914,-0.3525541052222252,-0.6552174771204591,0.05797528475522995,0.7737916028127074,-0.3795393034815788,0.628995350562036,0.12045943737030029,0.030426116660237312,0.41065190732479095,-0.29459674656391144
left_chest_thrust_correct,143.72082692274256,97.35410566652638,91.59783716529262,51.68586234677522,126.5129136598707,145.9709910450731,165.67487062024938,155.51379356139526,170.2886826091526,161.83937038249073,88.44763458436034,79.46795938574155,111.02203550134439,129.29002733882675,171.72571203526093,0.38263616524636745,-0.0970572829246521,0.03734808787703514,-0.0779456589370966,0.12048140168190002,-0.35198256373405457,0.4128931378945708,-0.6715837568044662,-0.1266466462984681,-0.481233611702919,0.004669820889830589,0.6489098221063614,0.2835429525002837,0.6559646278619766,0.005675703287124634,-0.015340395271778107,0.22631409019231796,0.20093440636992455
left_chest_thrust_correct,91.35843064178667,94.09099180240163,22.66126500812447,24.018204516483173,142.92830766535215,154.84935574874874,173.91770890928268,172.5244201947422,145.87518128682126,158.44018925547616,134.30763417284626,102.81830863464883,106.38958485396802,76.26510771596072,175.54058817319546,-0.12428257009014487,0.18147963285446167,-0.13128159567713737,0.17817011568695307,0.13233593106269836,-0.30855851247906685,-0.08688358590006828,-0.33008374413475394,0.09307323768734932,-0.4842416807077825,0.0503620021045208,0.7485780552960932,-0.1778496764600277,0.8102935985662043,0.03524357080459595,-0.011013730429112911,0.17320971749722958,0.0010708346962928772
left_chest_thrust_correct,146.86365342510297,115.181468766308,75.65397527480101,50.915280908952205,158.2897376101711,118.6380052077334,155.0104378178788,157.21242946382634,141.43756407880886,171.33296835898068,131.04312170455555,111.47023566809568,93.5856655717869,109.81439441870558,171.7252255294386,-0.28013311326503754,0.09553834795951843,-0.12485077977180481,-0.36062610149383545,0.03349345922470093,-0.06155314855277538,-0.1847636215388775,-0.38538620760664344,-0.4181452803313732,-0.608704665210098,0.2871996648609638,0.7375973672606051,-0.3766124062240124,0.6936847777105868,0.08181619644165039,0.024438620544970036,0.5670803189277649,-0.2397981844842434
left_chest_thrust_correct,148.8001954790112,81.53453654583004,59.46675800619153,40.73812288191893,131.65021773334033,128.56021611123137,161.25152857688647,158.789805073964,169.38936665323135,166.3005839148295,119.99450642993392,95.06186841252186,105.46542011396313,109.89022152519533,177.08621951741955,0.2523518353700638,0.05851760506629944,0.38464079052209854,0.2586868554353714,0.06533366441726685,0.1265883008018136,0.15746423229575157,-0.48803985898848623,0.36777861043810844,-0.6031082052504644,-0.04865456745028496,0.7195300679886714,0.33091123029589653,0.7198190313065425,0.04168185591697693,0.001094956649467349,0.2778375670313835,0.18735267221927643
left_chest_thrust_correct,102.11240596682889,128.67898014017143,76.22619235256789,67.43959007858062,159.1684921244568,145.30746642700782,159.4136750756751,159.27397066362556,161.81350484433113,158.88841185914023,126.06720943183598,100.17022289244541,106.26256356279906,78.8667879093093,174.73802846468757,-0.161630529910326,0.08419224619865417,-0.23242273181676865,0.09309889376163483,0.05125361680984497,-0.40834804996848106,-0.10859044268727303,-0.4211702846805565,0.011271839961409569,-0.577651550702285,0.14313584938645363,0.8687124348361976,-0.14826076850295067,0.7095410919864662,0.056213974952697754,0.002891007694415748,0.25975067913532257,-0.035212818533182144
left_chest_thrust_correct,91.2245217879899,106.7642191385335,32.45719296396827,31.67848649037314,144.46307392538796,122.89519565119335,162.20109785940073,147.51862141138318,163.62397910759705,172.99933241673224,92.7642156599588,89.48476796189563,97.40935981617672,72.45085334674205,173.6032154817159,-0.24798712134361267,0.09731069207191467,0.11900152266025543,-0.31023963540792465,0.13685321807861328,-0.2441135048866272,-0.17535518109798431,-0.3879713942296803,-0.3423854559659958,-0.5007019569166005,-0.008092598989605904,0.7979042599909008,-0.1628180742263794,0.6644728253595531,0.13516691327095032,0.023002232424914837,0.1607048176229,-0.32016612589359283
left_chest_thrust_correct,166.48344366003062,74.77262891518748,82.2942653205836,34.234471239907734,137.45463771785143,84.43470839558073,170.75554105810565,152.5857469013034,164.22411288791312,160.917354512927,115.36455543102035,88.0982199239822,92.77417650117206,95.05635995535317,173.7255597202717,0.4136558212339878,-0.0043070316314697266,0.08380478993058205,0.0967051349580288,0.13727983832359314,0.12463393248617649,0.4315267354249954,-0.5642122641438618,0.11618959903717041,-0.4699854567879811,-0.057854484766721725,0.7053930148249492,0.28917379677295685,0.6385142192011699,0.003566920757293701,-0.011110949562862515,0.27380215376615524,0.1931275688111782
left_chest_thrust_correct,80.35528331633445,86.90174047183595,33.13105624821692,26.27776415687908,142.41032185593238,158.19637791083179,175.50483072979355,179.5759361145641,148.40244867997714,157.97242324682483,156.2718875665572,117.96348334033253,108.79536709800313,74.46076846800985,177.8247235169797,-0.10928270034492016,0.10980954766273499,-0.14380610547959805,0.17671038955450058,0.11479261517524719,-0.21091261692345142,-0.04549173265695572,-0.40976234362460673,0.13470317050814629,-0.5091447739396244,0.08837854489684105,0.6822938413824886,-0.07783811911940575,0.8354927988257259,0.06034001708030701,-0.010290117468684912,0.1659945398569107,0.015398960560560226
left_chest_thrust_correct,108.4699901687891,107.79205631694799,43.61557145987223,28.464817672234563,139.95554634231294,121.78886650604707,161.32763299495682,150.84178142863365,153.23179504131124,168.863370613805,110.9949545893139,107.67248130067345,82.96830104177394,74.36010427874656,167.61469964693296,-0.3059076964855194,0.0400179922580719,0.1487472951412201,-0.27919417805969715,0.12518355250358582,-0.23717552423477173,-0.16074535623192787,-0.4513498544692993,-0.23565423861145973,-0.5163940191268921,0.0960104949772358,0.7993873357772827,-0.2903643287718296,0.6504424214363098,0.1320199966430664,0.03887873888015747,0.3465532958507538,-0.29354430735111237
left_chest_thrust_correct,135.27520429871055,80.47711560466209,45.46357430558265,36.31412918250683,135.20202102784356,122.53264873907597,155.67117153507195,150.1270762199303,161.98859650068326,160.16735144609473,129.50755435452862,88.91543033366229,107.79920060439835,103.05110932429065,174.79121748784897,0.28812073916196823,0.10008856654167175,0.29740773886442184,0.2569845989346504,0.10753941535949707,0.12902655079960823,0.2094337735325098,-0.43721339968033135,0.3331275824457407,-0.544561603339389,0.04108220525085926,0.6411706421058625,0.27647447027266026,0.6569032284896821,0.04246187210083008,-0.006888384465128183,0.14740540087223053,0.2060851827263832
left_chest_thrust_correct,78.00804502070369,98.505988027138,41.181389297357114,38.01856845979208,143.32345554952207,155.11217921385034,173.71294740297793,174.5611261550315,152.44122853460672,155.85655734710235,167.49798186342804,116.62686485450126,115.71294176174298,76.27350294055708,175.75456242451537,-0.0965985506772995,0.14457246661186218,-0.13972219359129667,0.19965460151433945,0.1318889558315277,-0.2290193736553192,-0.03915175795555115,-0.3625733556691557,0.1865536794066429,-0.474134803051129,0.08710259944200516,0.6676365730818361,-0.07895512133836746,0.8077347276266664,0.058599501848220825,-0.017473811749368906,0.1689397320151329,0.04284724127501249
left_chest_thrust_correct,81.77610586291723,97.88509429392012,21.266387032467478,17.27842000430719,145.00296798456904,127.1052079986085,164.44498330314642,152.82118032478635,160.64493436003622,170.33287212345107,96.8126501105132,104.8990939453197,92.83648186664638,71.59407817522502,172.24145415576024,-0.19383114576339722,0.05296352505683899,0.21962381899356842,-0.3071820680052042,0.175538569688797,-0.20160572975873947,-0.09365951269865036,-0.45688413782045245,-0.2868605926632881,-0.4511014739982784,-0.010650874115526676,0.8139872928149998,-0.25503654032945633,0.6814449210651219,0.1136738657951355,0.0257589528337121,0.27444183826446533,-0.32921694219112396
left_chest_thrust_correct,143.95720122510815,90.79409278401148,50.14602908612848,31.774389564842373,104.6742603345629,124.76644283602376,164.64916627504428,159.03456698178226,170.2434925669298,163.2541125361933,112.50032162528045,82.88903007273103,119.8813283364903,104.01096095814373,176.18902447875698,0.23449116945266724,0.12084683775901794,0.28032518178224564,0.28406456112861633,0.16418799757957458,0.018983714282512665,0.14920571446418762,-0.43753788236062974,0.3510657399892807,-0.5076873040525243,0.10539953410625458,0.7174558305414394,0.24852661788463593,0.6766822600038722,0.041279882192611694,0.010354965692386031,0.08303707838058472,0.23544146865606308
left_chest_thrust_correct,84.60830156635572,89.40229147655225,24.35956457261075,17.56500510711605,138.62068661763016,138.64361741133376,165.92598015802832,177.33319725441117,145.76344583995024,154.76955032734767,155.01874044598597,107.23766710068357,109.49568971875536,76.83085642954661,175.68858834397957,-0.1258382350206375,0.19050496816635132,-0.056086838245391846,0.07709000259637833,0.2521548271179199,-0.20932269282639027,-0.07688913121819496,-0.3183674510801211,-0.0069527290761470795,-0.35413563216570765,0.0589272640645504,0.7666813436662778,-0.00929870456457138,0.8390766087686643,0.04818066954612732,-0.0017492689657956362,0.11961386352777481,-0.0248818788677454
left_chest_thrust_correct,127.21152886129697,116.47502220539744,64.43124418157328,70.88774338669347,116.99831682014249,143.23730804406293,163.87741048971725,178.23781274174095,164.35008841681682,155.80326440223718,134.466765053898,101.2801089848318,93.38748474244564,66.74802896417316,173.07451887509566,0.09981150925159454,0.089071124792099,-0.2512953132390976,0.421603187918663,-0.017976105213165283,-0.04354877769947052,0.1421017237007618,-0.43167293653823435,0.40699436143040657,-0.6354429482016712,0.40188639238476753,0.7273273111786693,-0.19709588214755058,0.7856329323258251,0.02436995506286621,-0.01702381717041135,0.5332528054714203,0.18450887501239777
left_chest_thrust_correct,137.6381158604418,123.89794603771459,58.453781046759765,50.20034905656946,148.8846577174651,125.53045732292831,149.30053014653794,152.8486176551681,138.75413008066482,178.57905599449782,108.90607641779056,121.39916774119149,88.55521412879551,106.26997432334183,162.93454030808977,-0.44663602113723755,0.05200144648551941,-0.0004031658172607422,-0.4569755643606186,-0.016686201095581055,-0.03531910479068756,-0.307799207046628,-0.42884609661996365,-0.396765636280179,-0.6375883873552084,0.1673711072653532,0.7897410932928324,-0.36912225373089314,0.7017993871122599,0.10494011640548706,0.04977038875222206,0.4954991638660431,-0.28895050287246704
left_chest_thrust_correct,148.90462621521263,112.90336303787583,33.99584776603425,60.073091712555936,150.94483430640415,128.7502721043716,150.46106981087289,156.82789352250077,169.64693313850108,161.24145634699516,115.82563609479078,75.29072213163992,113.53207041571144,127.10705639966682,170.62560489188473,0.19499526731669903,0.2445632368326187,0.29342200607061386,0.37948059290647507,0.027065694332122803,0.025144144892692566,0.023301871493458748,-0.1889996975660324,0.4533058628439903,-0.6226866245269775,-0.1383466199040413,0.6734902858734131,0.3819887563586235,0.6615470051765442,0.10817480087280273,0.01952953264117241,0.44117191433906555,0.17427325993776321
left_chest_thrust_correct,91.14258111101172,85.8518345287708,64.6751087872163,48.83856880251512,132.4610217492825,167.49931487816428,174.43465817019933,175.52790778675214,148.64613145224,158.08904861069195,152.14882262574397,112.95592677627269,121.43801164665624,70.41154633664404,173.79801681751385,0.12559380009770393,-0.026020079851150513,-0.1883753314614296,0.23687584698200226,-0.005321919918060303,-0.17406948655843735,0.12777114287018776,-0.5791620863601565,0.12850544229149818,-0.6460787309333682,0.06714795902371407,0.6517914878204465,-0.04366643726825714,0.802218590863049,0.036108821630477905,-0.021450506523251534,0.13752756267786026,0.11335846781730652
left_chest_thrust_correct,108.2959308526648,123.62994932815879,41.63063114557844,46.48150602060135,126.54619824271848,105.30883674782514,166.65291036080706,155.5829402892901,161.00035683606254,175.30612392674712,86.86332592688953,99.13788517242163,86.45106159593549,96.16827243112537,171.27915682838997,-0.20705755054950714,0.12027961015701294,0.2752593904733658,-0.442214272916317,0.10385799407958984,0.02833425998687744,-0.12073477171361446,-0.3518641274422407,-0.3944165762513876,-0.4910482447594404,0.024860406294465065,0.7355775255709887,-0.3728823121637106,0.7082313913851976,0.0986192524433136,0.018433254212141037,0.3814675658941269,-0.3403280973434448
left_chest_thrust_correct,169.46080065469846,100.29663125597644,15.136896714322653,48.85680729302051,145.73208925353305,131.27117292419513,154.14975019855845,150.5702290444588,166.18846827158194,167.66681456233007,116.21193455727159,71.1268048808513,108.86374091472146,113.55305556595106,176.38117743191725,0.10447546280920506,0.40527284145355225,0.10826994478702545,0.3128669336438179,0.08417671918869019,0.030797332525253296,0.029592854902148247,-0.035819551383610815,0.4127766340970993,-0.5408755004755221,-0.10510154068470001,0.6532013356336392,0.28307826817035675,0.6171847521909513,0.04268637299537659,-0.007638095761649311,0.30496472120285034,0.2346678525209427
left_chest_thrust_correct,110.41181862427952,127.84610557559014,71.64110686422237,62.30970977268738,153.68820700171116,97.73062110849041,170.43055911651896,133.6766635698823,161.1710563785826,173.21996004498564,87.5295130872645,106.01925316479573,64.08402702419023,117.66662165672025,173.9203332120176,-0.25820326805114746,-0.016389667987823486,0.4408962279558182,-0.4163227342069149,0.01062321662902832,0.19708605110645294,-0.18117241747677326,-0.4503407310694456,-0.41621636040508747,-0.5875256489962339,0.07632743380963802,0.7856411505490541,-0.303431348875165,0.5936261583119631,0.10525825619697571,0.04940998554229736,0.3856947124004364,-0.3348427414894104
left_chest_thrust_correct,160.755103039677,101.66818694108765,71.9030393128443,63.460120554401904,137.02752471999727,133.54036925911734,147.2461691590462,141.7807646679779,168.18035568869627,149.5951455609354,125.86393814649,91.81082121000082,110.91006765205483,121.82852167632137,174.36815623940112,0.2857145816087723,0.0599539577960968,0.3542679473757744,0.34021085500717163,0.01881319284439087,0.0786486491560936,0.2815146166831255,-0.49839450255967677,0.5196992475539446,-0.6463428868446499,-0.01974274404346943,0.6530740724410862,0.24008953757584095,0.660515891155228,0.026424765586853027,-0.017233940307050943,0.18954472243785858,0.2148003801703453
left_chest_thrust_correct,122.55607567631547,108.04554180550862,57.14695032894744,40.93358526545434,117.35320499008704,136.019398694501,163.33302075946887,173.53775808369258,160.9573219950839,162.06990607899283,129.18788919519028,95.81782093971772,104.24925655273903,69.347150166738,171.96422323046812,0.1665288805961609,0.10502457618713379,-0.2586085069924593,0.30984124541282654,0.158476322889328,-0.03361864387989044,0.25748853012919426,-0.4293586420826614,0.3076820485293865,-0.4579404997639358,0.12485940381884575,0.6690080356784165,-0.0835401602089405,0.7534036827273667,0.04121193289756775,-0.005629455670714378,0.18719547614455223,0.18192568607628345
left_chest_thrust_correct,154.25405538055418,121.89666921458127,57.592937914585704,66.04310301075941,117.22871199020494,150.86707543655052,163.53167814323663,155.33702118236786,166.35848407128282,151.62375260846616,166.82169596506625,122.13096000395358,145.58848518576033,126.27055638016311,173.2188015363574,0.19039815478026867,0.10638272762298584,0.2948185168206692,0.3911278359591961,0.06383633613586426,-0.22449061274528503,0.20319297956302762,-0.4426834508776665,0.4853421007283032,-0.5521961972117424,0.11734057264402509,0.7094134762883186,0.02806102903559804,0.8447441533207893,-0.0007373690605163574,-0.020548071712255478,0.13376442342996597,0.2216292954981327
left_chest_thrust_correct,119.49071713644476,126.6469373567528,49.882502322033346,51.49210981671724,146.49452017685124,119.23958377398225,158.11994889175548,157.99340652517964,152.41036528399022,170.29573733661314,108.25904760795939,101.72027531152253,84.07560800356067,103.78792709540174,175.53501966143762,-0.30389901995658875,0.08290407061576843,0.02180340141057968,-0.37649936974048615,0.06582868099212646,-0.11567821470089257,-0.20220373570919037,-0.4196294164285064,-0.44655124843120575,-0.5778089677914977,0.13439832627773285,0.7768619740381837,-0.3081517964601517,0.6794185722246766,0.10704320669174194,0.026392022147774696,0.38749921321868896,-0.23369793593883514
left_chest_thrust_correct,160.32013958484123,97.55714728972997,84.83733676916269,16.8821772173143,121.59178864189616,62.85090631245961,174.42066819018456,152.725418535102,173.1925018670065,153.96362836802965,94.80006732096012,72.59527262511776,105.88171724842849,92.70835471898135,178.1587651596679,0.4162646681070328,-0.006851911544799805,0.07263259589672089,0.07133571710437536,0.25055474042892456,0.011448100209236145,0.45745831402018666,-0.5727520901709795,0.10610732110217214,-0.35544696636497974,-0.11250003753229976,0.7179787438362837,0.24258014233782887,0.705049304291606,0.018532097339630127,-0.0010206466540694237,0.28353504091501236,0.1550920456647873
left_chest_thrust_correct,163.82427920676972,135.85874886765234,12.915836770088388,73.5814529791161,159.9369707326038,150.22988034506,158.05640993066226,166.8458352761416,172.51713931099698,153.80568038521892,152.27992807573517,98.93387019025838,128.0204057794074,102.56318865722524,167.06836945136743,0.1555326208472252,0.4616676210425794,0.1379304677248001,0.4489596001803875,0.06673586368560791,-0.21490071713924408,0.18144763261079788,0.05999288661405444,0.4970968887209892,-0.5426186737604439,0.11529801785945892,0.6178709450177848,0.033955685794353485,0.7610612097196281,0.06670159101486206,-0.008556319400668144,0.11610479280352592,0.2404758334159851
left_chest_thrust_correct,130.56724517801962,156.00462159200066,95.1326628462119,78.06452318115521,172.40736810114396,129.53311942417025,158.65756505281712,161.0094905765252,143.62736096011452,157.59428649713476,124.10935447587276,95.96513708088304,92.8256735956794,89.45067187602253,169.0447701185102,-0.23503853380680084,0.026641935110092163,-0.24973060190677643,-0.25098156183958054,0.03468668460845947,-0.47053144685924053,-0.13313530758023262,-0.4660947716329247,-0.34212080016732216,-0.5642168915364891,0.0857689194381237,0.7841828668024391,-0.3560396172106266,0.7128240072634071,0.06958970427513123,0.013508160132914782,0.38983942568302155,-0.1391668003052473
left_chest_thrust_correct,151.61044646342847,80.29221844531202,81.398171114642,35.70506350610903,120.58783422838412,106.77392942381674,167.86119907582784,158.2944164353236,171.9252676120493,157.85313603317522,118.50308172159424,82.85252419841942,122.99475007271559,106.95396128844216,171.23369211890287,0.20873288810253143,-0.05800461769104004,0.29031870141625404,0.21109966933727264,0.1252915859222412,0.09510856121778488,0.1102772681042552,-0.6269274912774563,0.19257413130253553,-0.48670124635100365,-0.07604802865535021,0.7294950522482395,0.31541271787136793,0.6663097180426121,-0.018430888652801514,-0.006720387376844883,0.29777487367391586,0.1873827837407589
left_chest_thrust_correct,88.81739818709933,85.71057856011299,22.833990298528537,7.773463785235728,144.76692327150846,155.72230963782047,174.47463881056646,168.2221138121688,146.131328811058,155.23897401132612,123.45903520174228,73.30271169071209,110.87283363513855,71.52042944856606,173.64579985792085,-0.17433274444192648,0.22547513246536255,-0.053575911559164524,0.26160337775945663,0.1936851441860199,-0.1911645568907261,-0.1014692410826683,-0.23694820026867092,0.23761380463838577,-0.39830739120952785,0.08957936614751816,0.797339103417471,-0.05910699814558029,0.7513245560694486,0.05241578817367554,0.014910576399415731,0.13280250132083893,-0.013516411185264587
left_elbow_block_correct,96.5226764206181,136.89558495065262,70.37430644361082,66.64314928593824,124.74136439057179,108.56717529452769,148.2902933976529,130.89806455268064,149.893927364649,171.39424953916873,78.9236129948994,96.33235929088717,114.42788453580809,105.51885905442772,178.78108088322844,-0.2578698992729187,0.037227123975753784,0.018769890069961548,-0.471482053399086,0.05299723148345947,0.038985833525657654,-0.22980980947613716,-0.44920176989398897,-0.5028630681335926,-0.555662609403953,0.18844416365027428,0.7624601351562887,-0.4355558045208454,0.6261759626213461,0.10311740636825562,0.011918829288333654,0.6085987389087677,-0.34785303473472595
left_elbow_block_correct,98.9601654717122,127.76554047997143,53.870562049638636,33.24944072764822,151.90651523688152,109.92656165674097,161.81275235087224,160.44673258743055,145.37610327381353,162.818500254774,144.23756413244345,112.27436310642472,121.5565293409624,103.48840855490533,176.66221977539706,-0.1353799421340227,0.11248385906219482,-0.2192469984292984,-0.25868698954582214,0.18099179863929749,-0.1258351318538189,-0.049575094133615494,-0.39086873503401875,-0.36281710118055344,-0.37367592426016927,0.27203837782144547,0.7916600587777793,-0.4296259805560112,0.8106201174668968,0.06820869445800781,0.002820969559252262,0.561520516872406,-0.11349115148186684
left_elbow_block_correct,169.1379033104172,144.79529871328256,92.56550415111163,74.10411360401011,119.11280020508478,132.5834298787874,156.75053689527545,140.42805500792414,154.5741671095496,153.43460693620918,124.82774745552051,105.62189141333224,97.98498359052698,112.13526313174592,173.51850208636353,0.4392728768289089,0.026718080043792725,0.022731266915798187,0.3928447961807251,0.07855796813964844,-0.13597263395786285,0.5231054928153753,-0.4904274719374371,0.5167620088905096,-0.5219623225348187,-0.1537728402763605,0.6972243410928058,0.3749766256660223,0.7194044215066242,0.047952502965927124,0.007371158819296397,0.4428420215845108,0.25364693254232407
left_elbow_block_correct,88.69004037010029,150.36379921194933,49.796233338897494,55.734206554437066,147.9760297922451,135.50892278439676,167.763587247264,172.4244839881577,147.29929725627852,159.02988280939624,130.96123553435373,101.34858488509816,114.96115804810788,87.11903357177005,177.49191256828817,-0.0835718959569931,0.11193236708641052,-0.21634090377483517,-0.007433608174324036,0.1566198468208313,-0.4794937204569578,-0.003389257937669754,-0.43517594260629267,-0.0726475715637207,-0.45225225610192865,0.13994202762842178,0.7267019875580445,-0.2389078214764595,0.7735108860069886,0.07691553235054016,-0.0032997799571603537,0.34006522595882416,0.017406007857061923
left_elbow_block_correct,96.19241275336091,145.46211646347376,51.83119147954642,60.2343949526314,143.1169774766506,125.88412354792935,159.04895712226372,143.1395853857901,155.25395345643722,176.05443136362584,82.1031511229482,95.39214158870446,102.4771773667078,105.38586218846652,177.73140637654353,-0.22850055247545242,0.05596759915351868,-0.038390643894672394,-0.4814939349889755,0.12800264358520508,-0.13023317232728004,-0.14302890375256538,-0.47301076725125313,-0.5888735242187977,-0.49298976734280586,0.14571889862418175,0.7717400304973125,-0.3083571381866932,0.6863383762538433,0.10694903135299683,0.027584534138441086,0.4434060901403427,-0.2676083371043205
left_elbow_block_correct,143.40856940198717,147.10744610028192,41.65723985305493,79.3818671153634,145.97433025946412,140.20299058845137,161.07616384917148,144.20771331829246,171.14377456244353,158.45801237656045,114.72878685737719,88.89878487397934,119.14536805657478,142.22735570316502,169.63600159641004,0.14180216938257217,0.2121279537677765,0.252027302980423,0.46895311772823334,0.1432620882987976,-0.07189865410327911,0.1348370909690857,-0.2717730444855988,0.7819931954145432,-0.4369364124722779,-0.13244329392910004,0.7041531163267791,0.3102196902036667,0.7234834986738861,0.049440205097198486,-0.021648176945745945,0.3607713431119919,0.20786930620670319
left_elbow_block_correct,152.40054146197593,90.3133080333938,61.95600241297598,80.4216896031196,142.952860948318,131.3445050434979,141.0909823893211,159.48671735441692,168.7655274734865,171.47363331251032,138.13011725152649,79.49046328632924,103.70643904508555,119.08169751374749,175.88305168364465,0.31744684278964996,0.013694912195205688,0.4559347778558731,0.24138029664754868,-0.13924342393875122,0.2011091187596321,0.22413705755025148,-0.49086551804794,0.3424519347026944,-0.8018758787657134,0.2953492747619748,0.5230856643174775,-0.07314965408295393,0.6948616610025056,0.07520690560340881,-0.009247512905858457,0.3982498198747635,0.1969103217124939
left_elbow_block_correct,90.4757726617572,116.75991873139242,25.92513300315982,35.87316680536512,135.0598043788927,146.63565230735924,155.61639935670215,170.53042820462767,151.0506326002676,146.99588634485752,130.40951034282995,95.69164498293789,104.6187861789864,48.286904915626934,175.84829834604636,-0.04793272912502289,0.17092886567115784,-0.16269751405343413,0.34693386405706406,0.1823577582836151,-0.08071965351700783,0.05767545476555824,-0.314164143637754,0.32122253254055977,-0.39388031943235546,0.3321150429546833,0.7696113468846306,-0.28991515561938286,0.6910196425160393,0.05964532494544983,0.003269526408985257,0.49657072126865387,0.05998504301533103
left_elbow_block_correct,99.91950846381452,127.96325831031983,44.75951136585454,24.375666373514655,156.34912274780328,114.91150196891917,147.51293750146132,140.62536878350667,155.39327398603976,165.7200937181757,106.34581384192798,92.35711200633123,121.1932466536016,88.2943421368311,177.48398589695756,-0.2411513552069664,0.17665699124336243,-0.09322214126586914,-0.272112138569355,0.3534642159938812,-0.1014085877686739,-0.20810639299452305,-0.2947714179754257,-0.37314524687826633,-0.1900167614221573,-0.24311249889433384,0.7659391015768051,0.15762736462056637,0.6166652292013168,0.0844830870628357,0.017155490815639496,0.34345100820064545,-0.28426217287778854
left_elbow_block_correct,108.45926926702603,130.94273556035424,46.58431030764479,26.692596026670707,150.13335239192747,116.62054180824148,163.24662960909987,167.27778681223157,147.1468548145239,152.78242074716906,125.30287225383498,100.08032500513306,114.17263432346529,89.82344755532104,174.53688697344214,-0.0618511363863945,0.09287288784980774,-0.19715970009565353,-0.1760455220937729,0.28256210684776306,-0.2569912075996399,0.0825628750026226,-0.41080596996471286,-0.2267787642776966,-0.3006757195107639,0.01113566942512989,0.8472155039198697,-0.04191145673394203,0.7887752358801663,0.09052994847297668,0.022512485273182392,0.08879020065069199,-0.10832004994153976
left_elbow_block_correct,85.54626640928277,120.4065035620903,34.627776679059195,34.00763255613514,157.64036792794565,129.90255960388123,148.7588722394408,152.07073885857207,150.9554866970917,106.78703861285658,121.15035848043219,100.64068697571385,109.64456730274122,86.56269727340427,174.40585058665508,-0.18051437102258205,0.13968324661254883,-0.12169308215379715,-0.17728092521429062,0.19387474656105042,-0.35313697531819344,-0.06664331257343292,-0.34571638354100287,-0.2283570095896721,-0.3928456569556147,0.3009737506508827,0.821327063953504,-0.2018626406788826,0.6252721881028265,0.10042905807495117,0.013380077201873064,0.4652433395385742,-0.14739402756094933
left_elbow_block_correct,161.70600943371906,142.20055513005394,3.0928991883918258,47.23661824096417,141.0037754892363,133.73130126531012,152.90414391752088,162.58721407310432,143.46354338619906,150.80685694068563,127.22807852029058,84.56982325512388,103.6981205620209,69.70619325191286,167.8314276097494,-0.014207340776920319,0.4374449700117111,0.021915114019066095,0.3795282170176506,0.2606668025255203,-0.08990459144115448,0.020936667919158936,0.0055463057942688465,0.356278695166111,-0.2822171258740127,0.35796523839235306,0.6885545742698014,-0.31412868946790695,0.754591275472194,0.02140447497367859,-0.02004921156913042,0.6323379576206207,0.17166097089648247
left_elbow_block_correct,115.48898243851978,142.4510619217247,45.62571290061079,76.66410667247612,158.74693565226448,145.7762180251535,151.01997991359588,174.0145335622789,154.8980389178083,145.50879997873938,122.29278500444903,93.35234331040412,133.07361420709515,137.36425652884958,175.30272922889966,0.0703812874853611,0.13221177458763123,0.3438967242836952,0.468109592795372,0.1136188805103302,-0.03929734230041504,-0.019759293645620346,-0.31302053574472666,0.7585367523133755,-0.46067232731729746,0.26567551121115685,0.652706584893167,-0.2694830931723118,0.7012430047616363,0.09051507711410522,0.012836501002311707,0.5165611505508423,0.12861017137765884
left_elbow_block_correct,91.32155271815053,130.60794686980262,53.140789825716254,56.65048135182243,144.73058353411548,118.87829042606931,144.4163828297015,135.62984166178495,148.74675185274128,166.7680470897559,93.37023877585531,109.20494705412729,139.31320212827313,115.16668778413417,174.37420897102865,-0.15749730914831161,0.20255979895591736,-0.17902687191963196,-0.43711233139038086,0.128076434135437,-0.009080983698368073,-0.12752215936779976,-0.2953662993386388,-0.5803933627903461,-0.49105305690318346,0.29311151430010796,0.7939541218802333,-0.42201678827404976,0.6730607626959682,0.10446780920028687,0.02980124019086361,0.6501823961734772,-0.25511711835861206
left_elbow_block_correct,97.46230097738284,115.60234596129499,36.0592783961433,27.985410638947986,125.59721021227537,131.25289309474718,169.4779169832368,175.28162706093926,155.45684349463738,157.69915191070788,135.16230736345986,111.94332924610681,112.86567120130567,62.36822773781836,176.51830252341924,-0.01998506486415863,0.18501046299934387,-0.15167535655200481,0.20720165967941284,0.22436293959617615,-0.075631283223629,0.031677283346652985,-0.32234922039788216,0.17217307537794113,-0.3581651448039338,0.15400337427854538,0.7296495140763,-0.1516212895512581,0.8479748071404174,0.03800186514854431,-0.0014976009260863066,0.27820879966020584,0.09734735451638699
left_elbow_block_correct,87.09869430769925,91.28825784442098,82.85787745457907,39.32003258123395,151.5972840186147,151.385904531581,178.64932226210902,168.33057159739488,148.13813690051882,165.45739545672933,138.31713885594002,105.92057953624975,124.69244345565748,85.95545039392225,173.05897206446147,-0.10188191011548042,0.03286832571029663,-0.21104567497968674,0.06416109204292297,0.08217605948448181,-0.3594811465591192,-0.08406071737408638,-0.5184032171964645,-0.05385773256421089,-0.544263169169426,0.07195310667157173,0.7579736858606339,-0.18044379726052284,0.805059090256691,-0.019528329372406006,-0.022405635565519333,0.22762029618024826,-0.06708296947181225
left_elbow_block_correct,173.68086365460624,125.53257229717062,94.57434553943934,81.54804711496682,133.9219667052651,127.29654974049518,168.95166082712558,144.1831442999844,173.71023822070464,164.6422678594377,101.26257127540734,89.8012429420711,59.31195308420618,122.76350320052673,166.6470788058846,0.4485166296362877,0.02106654644012451,0.011661168187856674,0.3303164094686508,0.010309815406799316,0.06701724976301193,0.5220956895500422,-0.49564351968001574,0.5631635282188654,-0.6065172784728929,-0.09960171394050121,0.7317911154823378,0.3949346337467432,0.7147937781410292,0.04169318079948425,-0.007471296703442931,0.39514945447444916,0.17639461904764175
left_elbow_block_correct,115.21794682129034,162.61779818919373,93.27843611536267,84.81496041961752,133.46298159891325,105.4798558643276,148.11845336948156,151.91288190128918,173.7259886003511,176.4422022051532,101.35233360762231,85.1696599421096,73.69987131001083,93.51614915873029,171.87109464023916,-0.2963113356381655,-0.07285580039024353,0.23641987144947052,-0.5277360491454601,0.007445275783538818,-0.05932693928480148,-0.287716849707067,-0.5199748650193214,-0.5763839622959495,-0.5765173807740211,-0.27203608956187963,0.754469059407711,0.06711502466350794,0.7205760702490807,0.1315886676311493,0.020558107644319534,0.2701960429549217,-0.31559768319129944
left_elbow_block_correct,101.72415749409583,144.50711370395723,46.61647732040494,43.37731332166758,127.75162704337181,119.00070550724944,166.6726671250181,175.96525467567992,148.3983095798164,155.1021223632745,147.9316370422696,103.33304181649652,112.41294537760714,47.896621876231514,175.67712505468893,0.006726562976837158,0.16356757283210754,-0.23781205713748932,0.3092797063291073,0.2370796799659729,0.006332725286483765,0.08295462653040886,-0.364145117928274,0.32983313128352165,-0.33131747238803655,0.14032259210944176,0.7584505797130987,-0.18277143314480782,0.8036646366817877,0.03591889142990112,1.1040596291422844e-05,0.31779471784830093,0.0913667120039463
left_elbow_block_correct,162.22992137477243,134.85127490870798,90.22363109290686,69.01817365720483,149.36018443950192,129.5974221385341,161.67334062002394,144.97734956716178,155.0442063643081,152.57722092568707,118.62601410009074,93.75338058777989,122.79182645837942,140.0055872833423,177.07422667432417,0.04458470270037651,-0.06145811080932617,0.39952433854341507,0.4012487828731537,0.11972326040267944,-0.006608970463275909,-0.07053327932953835,-0.5792489362647757,0.630637850612402,-0.4671317351749167,-0.03253582492470741,0.7113561319420114,0.3425053022801876,0.725864021689631,0.038677096366882324,0.009247283218428493,0.29605669528245926,0.1594535931944847
left_elbow_block_correct,117.04644968928973,133.5475951310665,59.87219515113096,48.91210125884536,150.07116661672748,123.69794980906838,158.76883299308346,153.89970204315804,151.13244200247723,173.21660077967877,91.91005783545678,102.96541284451052,118.77835564498073,100.79728112433759,179.04896094322424,-0.2650934159755707,0.1204511821269989,-0.15719401836395264,-0.4614938348531723,0.20399010181427002,-0.10342186316847801,-0.23010322824120522,-0.3902440262027085,-0.5752358473837376,-0.39971839310601354,0.12864771112799644,0.8331947433762252,-0.3742786683142185,0.7298805224709213,0.08598929643630981,0.022511028684675694,0.46956227719783783,-0.30673758685588837
left_elbow_block_correct,117.73550342344308,126.69550384275978,77.10329708156172,44.43813077504231,136.83701954325934,152.29536791125346,171.18946705435278,172.90787996224026,153.86507232185647,153.33865091015372,128.8390573610774,111.25320253722937,114.1550352270443,76.05585812966481,177.58994391787633,-0.005464762449264526,0.11702477931976318,-0.2866429751738906,0.17933443188667297,0.12649321556091309,-0.3589151818305254,0.02034498192369938,-0.40526776236947626,0.10995956882834435,-0.4819423727458343,0.07166759297251701,0.7336457200581208,-0.1034453921020031,0.8084927626186982,0.011090517044067383,-0.01036336156539619,0.1666174973361194,0.028467689640820026
left_elbow_block_correct,176.07449725770098,143.33686015117,89.73255984944262,87.9162529282811,114.24433594204913,131.59985780181995,155.1699350503894,174.3698436306563,167.57624268437547,167.19168532070003,137.52957371673872,77.1923246991473,107.64816873614605,127.82216143733488,178.13693858592487,0.3634311184287071,-0.04198193550109863,0.31756477802991867,0.4496154114603996,-0.059228360652923584,-0.04461109638214111,0.3016176773235202,-0.5774154068203643,0.5486246300861239,-0.7205688358517364,0.12322027515619993,0.7070540784625337,0.0555393872782588,0.7658544181613252,0.0708649754524231,0.0027382432017475367,0.11294541507959366,0.25218986719846725
left_elbow_block_correct,144.78831539007308,123.79751886871115,94.90076884384828,52.32023304972678,161.00253393187754,105.57139924172597,158.04593111012377,150.68374314149438,151.10935580781054,159.61443147450368,98.65177162810652,104.61377527104956,98.31001314316953,110.76849889686392,175.46934205017183,-0.442878358066082,0.05156859755516052,-0.05210193991661072,-0.3908882215619087,0.10444462299346924,0.03222714364528656,-0.4575008265674114,-0.42206264520063996,-0.4374655894935131,-0.48030136013403535,0.29521842673420906,0.8029404780827463,-0.44225070998072624,0.7022129795514047,0.04536142945289612,0.024106561206281185,0.6693997383117676,-0.3398948162794113
left_elbow_block_correct,83.06607833773425,104.07807823240057,43.87361170375709,24.686607516250508,138.7022781241217,153.82403638495728,177.24673866287512,174.50165417040947,135.76807104164922,152.88527978040437,143.05808444092997,100.77123141424659,123.24570948527837,56.48269878460354,178.00591888815043,-0.07220546901226044,0.15395289659500122,-0.16573284193873405,0.26264122128486633,0.1281256377696991,-0.13833254389464855,-0.013609707355499268,-0.35698037478141487,0.21701828762888908,-0.47545667621307075,0.02012074738740921,0.6730131295043975,-0.08369768038392067,0.760250010760501,0.050859808921813965,-0.0016304082237184048,0.11822856683284044,-0.0004188288003206253
left_elbow_block_correct,174.7494490553232,145.3193899216233,79.6393393287373,66.08874707279098,97.03438515263647,114.63929878841881,161.2413884921266,149.91654620953403,165.7738609381669,156.81530931462194,126.61209898087718,84.00773035138079,90.61974524861388,121.4131340431166,175.34926614239146,0.3990873172879219,0.08601182699203491,0.14912723004817963,0.4057987257838249,0.11790785193443298,-0.029811307787895203,0.362936832010746,-0.4555741561562172,0.5239175036549568,-0.5170092595726601,-0.18882717937231064,0.723248718866671,0.28940970450639725,0.6906547533362755,0.0318048894405365,-0.006034797799657099,0.39081642031669617,0.24179525673389435
left_elbow_block_correct,109.82008871007903,134.19557078198002,59.71002647599396,55.27699618617314,152.6467072962284,98.4526359556079,162.98819481455192,146.63654618574301,163.03933828348843,165.83342479438198,73.5563962910973,95.12057278416077,75.15363070428033,99.17692907507977,170.44514621622793,-0.2289651334285736,0.0456099808216095,0.42160338163375854,-0.4689154326915741,0.05887967348098755,0.06653520464897156,-0.13132291473448277,-0.40410781744867563,-0.3957031313329935,-0.5193618023768067,0.1342590358108282,0.7554333722218871,-0.36442058719694614,0.65518235322088,0.10086983442306519,0.02904878370463848,0.49431031942367554,-0.3486862778663635
left_elbow_block_correct,77.85201149229572,148.32564586315567,76.75108317908717,94.64674430422855,146.67318991574274,116.45188541110622,142.580268335489,138.6310386358496,163.53890060942467,176.96828450876419,104.22844996202004,94.95517041740695,98.84425988915623,101.68563786899992,170.48272106544232,-0.18406520038843155,-0.12308984994888306,0.058399468660354614,-0.40929718501865864,-0.16708362102508545,-0.08868396491743624,-0.08293045731261373,-0.6081690615974367,-0.3751893234439194,-0.8127373880706728,-0.3344009113498032,0.7686122232116759,0.11047058133408427,0.615373867098242,0.16397780179977417,0.026168393902480602,0.3543359637260437,-0.314441554248333
left_elbow_block_correct,145.01821133302983,138.36781619335898,83.38835051206243,69.61065839604228,119.15217431592336,140.94359129712421,163.80218418481488,172.8909416606106,160.1044921210975,160.03318320385046,130.9012723792368,89.01931155576332,162.43561245069876,91.35000441947156,171.52209673929892,0.15928609296679497,-0.06602942943572998,0.3770362287759781,0.4697200506925583,0.012768030166625977,-0.09771165251731873,0.0758121982216835,-0.6439478236716241,0.4264504164457321,-0.6380222279112786,0.3186901956796646,0.7215547722298652,-0.10999388247728348,0.7550586622674018,0.039448559284210205,-0.002995638642460108,0.41504424810409546,0.2692217379808426
left_elbow_block_correct,99.60578082760031,145.69404526305817,30.7944269458568,13.481333316641871,160.2000003214467,125.86534511539053,159.0157303650812,148.85570122791017,158.18075943959647,152.29062118508415,118.0627520801887,95.94203166007405,108.40070439833296,72.76510439693048,170.29302592970487,-0.18199926242232323,0.1550605297088623,-0.1374881323426962,-0.013236179947853088,0.3812914341688156,-0.2753008306026459,-0.036346808075904846,-0.32062956877052784,-0.016824249178171158,-0.1705248523503542,0.06979375705122948,0.8331031780689955,-0.054132793098688126,0.6828312259167433,0.10383972525596619,0.025157274678349495,0.11805195547640324,-0.07677114941179752
left_elbow_block_correct,100.00244881271954,139.0924928252022,51.80736385595034,47.595950308478066,139.1168732262625,101.42125312139173,169.51837273150642,142.91609712261055,174.23031002598992,176.26219471581234,97.36057855412405,83.8675087409435,102.85242076420133,75.89388990893428,175.2270386997222,-0.21322982385754585,0.07358759641647339,0.25890250504016876,-0.43380921334028244,0.17988556623458862,-0.0485270619392395,-0.20603527687489986,-0.4143625001888722,-0.37164235673844814,-0.4061255257111043,-0.38653126917779446,0.6742373902816325,0.03830298222601414,0.6650911171454936,0.09462282061576843,0.018629114609211683,0.32098840177059174,-0.3360498249530792
left_elbow_block_correct,128.0937463016004,136.67553550966895,60.35268774034522,65.42447498430529,122.09644027908838,129.0457020210339,153.49939765910707,173.68103923207835,163.53957197281053,162.1124064537376,137.62548757126265,94.53043297408881,136.57866369876052,104.11416066097429,174.80045368959412,0.24368585273623466,0.009059667587280273,0.334137961268425,0.44231990724802017,0.16689687967300415,-0.03358159959316254,0.2529461942613125,-0.5581199525622651,0.6003286801278591,-0.46386748540680856,0.3176659308373928,0.7401347161503509,-0.14989623799920082,0.7694194318028167,0.0887230634689331,-0.001378736225888133,0.45386894047260284,0.26089951395988464
left_elbow_block_correct,126.56086934198132,124.60084589562486,68.71787505137948,50.59191378867441,148.57853779214236,142.3796412610906,173.6621913210932,178.19956821556175,144.56831856627784,156.44985171035026,135.3462883265321,100.06700256524753,101.49937040622889,85.8142595178626,178.7878434197866,-0.186647217720747,0.13022902607917786,-0.2857431061565876,-0.03659883141517639,0.07378804683685303,-0.4821675680577755,-0.11765610799193382,-0.3898849586257711,-0.12024851515889168,-0.5674949983367696,0.08739831671118736,0.8024770518532023,-0.15451138839125633,0.8021050592651591,0.045230984687805176,-0.004207478137686849,0.22534605860710144,-0.057346589863300323
left_elbow_block_correct,88.73927890327028,136.84346428518884,35.6828041492808,51.365676147008564,145.7469796316105,112.94409320995325,171.57479362394733,147.2182434714972,172.3769772239115,172.33862360446113,95.3180133320276,85.81567147201041,106.39029298013568,90.77817974859246,174.7211508191386,-0.25163278728723526,0.04767328500747681,0.16452623810619116,-0.46232349798083305,0.15622401237487793,-0.009315788745880127,-0.2063800178002566,-0.4391681170091033,-0.45570097188465297,-0.44059892650693655,-0.30803737859241664,0.730197855271399,-0.034262218279764056,0.6639602268114686,0.13812822103500366,0.024082044139504433,0.2029675990343094,-0.34361182153224945
left_elbow_block_correct,162.3233840375138,143.7416833348911,67.37392625284735,60.56067981878323,119.45752147186991,142.05130143062425,158.16706667523047,167.5775352753061,160.74687922996964,152.09005274074752,135.31633707558237,110.67272354764673,135.26316465008844,92.68862826672358,171.48248002274246,0.36387140303850174,0.13053593039512634,0.057479407638311386,0.2853897511959076,0.1633995771408081,-0.17586375772953033,0.47671996243298054,-0.3767054877243936,0.3383598495274782,-0.4105081162415445,0.3325453270226717,0.7026293673552573,-0.06226414255797863,0.7900857129134238,0.04019123315811157,-0.01774518471211195,0.37134627997875214,0.19890092685818672
left_elbow_block_correct,92.22609545953551,140.1152559727305,31.980355006473314,19.492068738489497,161.56478463683348,111.38301325352046,160.45636374205876,159.20429490898286,156.11254589766077,152.12437732667195,134.21738121463548,106.58585351285589,109.54241924983924,79.91850712773042,173.85030579894723,-0.2062364351004362,0.1455761194229126,-0.1272292360663414,-0.13943922519683838,0.3328866511583328,-0.2399531900882721,-0.0975337103009224,-0.3406864143908024,-0.1883041113615036,-0.21319298818707466,0.07727202773094177,0.8531627021729946,-0.1359407901763916,0.6813967786729336,0.08857676386833191,0.01951681636273861,0.19316790252923965,-0.12737122923135757
left_elbow_block_correct,96.64263324289692,144.7198297270756,48.38237186507941,50.03260479462517,145.29541768884476,104.92624398602733,166.82900287949948,139.61189461796585,170.94673115566616,172.8361958622948,100.09052748649488,100.63961987300942,98.63788944478996,92.29491210721413,172.07021231206107,-0.24879667907953262,0.03272634744644165,0.1704499227926135,-0.4354258179664612,0.17824670672416687,-0.013650402426719666,-0.16315613873302937,-0.45083380583673716,-0.39915952272713184,-0.4046268844977021,-0.2817122060805559,0.7677645897492766,-0.013220313936471939,0.6783816432580352,0.12406730651855469,0.024149132892489433,0.20023900270462036,-0.342553973197937
left_elbow_block_correct,158.60015979620675,128.65731744550737,64.88733249531683,52.33681238630168,116.879539501576,121.94645704216684,153.83174899532077,160.24338964994396,159.06810519492504,163.3790821108309,138.37474736139902,95.21956676818212,136.0958213751879,105.34055337807166,174.8209346190468,0.24801304563879967,0.07136812806129456,0.40775278955698013,0.4397720340639353,0.1873706579208374,0.023639127612113953,0.18291507428511977,-0.4801535957958549,0.5032728887163103,-0.430810903897509,0.30617034202441573,0.6333140677306801,0.009951079729944468,0.7071182674262673,0.026381075382232666,-0.015260437037795782,0.30697474628686905,0.2492956444621086
left_elbow_block_correct,81.88870905636834,133.92814291890548,27.82819705150543,16.254277006674712,158.44186683848153,124.05349682394309,163.5050638048824,175.9259155159658,151.91047741489183,140.86999999265922,151.76880388378729,105.45090039395745,111.42297658823719,72.45687599100567,177.38401376249783,-0.15768801979720592,0.14058136940002441,-0.11690071225166321,0.052969351410865784,0.2996220737695694,-0.2068813219666481,-0.09027361869812012,-0.35561312118079513,-0.025771113112568855,-0.2770673123886809,0.1981891691684723,0.8214127632090822,-0.12643739581108093,0.6902838560054079,0.08632659912109375,0.002244929550215602,0.2634751796722412,-0.053122036159038544
left_elbow_block_correct,93.83544199807649,151.55762017260906,52.92494459680908,42.77148411185303,143.05440906542316,97.18641626091829,175.08900991329546,153.16661430053247,171.13448425232548,177.48402149229312,82.97942192224764,72.34126673462843,100.79479147464377,69.53461558205521,170.53554570188655,-0.10876087471842766,0.052378565073013306,0.2936682403087616,-0.4654400944709778,0.2257494330406189,-0.0035092979669570923,-0.06415900960564613,-0.4447805667296052,-0.3267454244196415,-0.3166326070204377,-0.28951892629265785,0.7473126268014312,-0.005173075944185257,0.6944842552766204,0.0663023293018341,0.002358590252697468,0.21655412763357162,-0.2985639274120331
left_elbow_block_correct,165.0987612770061,150.28303087873428,45.83185172679393,49.38823574737977,98.34070838564324,110.06994338654961,167.41946407316627,165.73183984111378,162.25818711497413,156.06585905182652,131.74838260742294,87.5099096325548,132.7948056624445,103.59807765663791,171.82025921372843,0.19678492471575737,0.17330750823020935,0.24538017809391022,0.39720666594803333,0.2966967672109604,-0.04460102319717407,0.13079625901809777,-0.326051469281083,0.43688908753028954,-0.2762965516594704,0.15869007048240746,0.7026362164469901,-0.02268843191632186,0.7223486049624626,0.04383215308189392,-0.004353522963356227,0.19158846139907837,0.23961220681667328
left_elbow_block_correct,96.66097497362907,165.6593430409933,32.86358263043814,16.710310617000506,164.7020984105501,108.93900425860843,155.28767706934724,173.3402087144512,158.07855836164126,148.1608257364256,144.1946863317457,102.92632079379773,102.96050385042427,82.30573467251209,173.58419557074455,-0.2311711609363556,0.15651124715805054,-0.07887635380029678,-0.07629363238811493,0.4236844778060913,-0.10022569331340492,-0.14347882196307182,-0.31787109514698386,-0.12561968341469765,-0.09573901584371924,0.1127810887992382,0.8922570035792887,-0.04340945929288864,0.7096953676082194,0.0903877317905426,0.01747611816972494,0.1453289780765772,-0.08490644278936088
left_elbow_block_correct,171.31210979867248,131.6725815852071,86.52744273780704,73.24001193623418,133.51836995987162,123.26525720774957,153.06170752176038,169.7043379893023,168.58693569714805,163.35407059851534,123.88879309326666,85.32383832957926,100.07059079590546,118.17768346476059,178.9122231885532,0.38167086988687515,-0.03411459922790527,0.33190248906612396,0.39941516518592834,0.0704076886177063,0.06323254853487015,0.3435124531388283,-0.5665882709436119,0.5435554459691048,-0.5508004310540855,0.295990414917469,0.6741508957929909,-0.08096974343061447,0.7282296535558999,0.050806403160095215,0.013631782494485378,0.38447199761867523,0.23907914757728577
left_elbow_block_correct,97.23215922139423,122.18339000530018,54.10834796376901,34.4099122368378,150.81128505690484,146.89982923462549,174.72863841664196,171.13491107798274,145.59598328600995,153.50138157006592,150.3419645975943,107.89107512785961,111.39973988112132,76.6210288173053,176.73527849699803,-0.1540606962516904,0.1369820237159729,-0.16175727639347315,0.17110230773687363,0.20870020985603333,-0.31806125678122044,-0.09749777242541313,-0.3384341633063741,0.18068963661789894,-0.36368272063555196,-0.00725453719496727,0.7470400297897868,-0.06742484495043755,0.8260001504677348,0.06097465753555298,0.006468958803452551,0.10277419909834862,-0.0014568055048584938
left_elbow_block_correct,127.2909159921462,144.88124704614356,66.7117490252449,49.20275098386603,150.44969660198925,123.20671644488343,143.85150623395552,168.82260504940282,143.9856412561554,129.1468248199468,91.1860377188807,124.38394545652788,93.37722637468237,102.515708666959,160.39452836229432,-0.35577739775180817,-0.015519410371780396,-0.03351806104183197,-0.47126825898885727,0.05656692385673523,-0.10732362605631351,-0.16185857355594635,-0.4952132198959589,-0.38637371361255646,-0.5276070926338434,0.24641036987304688,0.7601703908294439,-0.30478931963443756,0.6683745291084051,0.11968803405761719,0.04942992329597473,0.5515974164009094,-0.281343936920166
left_elbow_block_correct,174.78393736480896,147.48089999588518,90.65077307942691,71.39525291379529,130.49806511056252,125.28056596668422,155.5379008715794,145.11570350625902,153.20433061914642,148.64762263695204,130.46882244991093,81.56161477596957,81.61454245391481,133.5877280716627,175.61739116550328,0.40598753094673157,-0.056395500898361206,0.2985967695713043,0.4540126286447048,0.08561176061630249,-0.012438423931598663,0.29380159825086594,-0.5757064683130011,0.578656516969204,-0.5374717576196417,-0.22636298090219498,0.6494239108869806,0.40049266070127487,0.633227183134295,0.08153268694877625,0.010818811831995845,0.5218470990657806,0.20302802324295044
left_elbow_block_correct,171.78041730156178,147.22713545081044,63.71378622518325,58.44513647323014,137.53195424908338,149.14576148075034,162.5102570405708,161.9275729184698,153.44926698041922,139.15775597020846,169.75491909427342,113.65083236972949,150.1949389504686,99.57333092247787,175.97380805230432,0.3104659914970398,0.18468809127807617,-0.019124217331409454,0.13593558222055435,0.12362939119338989,-0.34665588289499283,0.46068353950977325,-0.26537096640095115,0.15133781731128693,-0.47667148848995566,0.04308265447616577,0.6846464858390391,-0.042484886944293976,0.8076236830092967,0.11414849758148193,0.009361268021166325,0.1369960904121399,0.13651706278324127
left_elbow_block_correct,133.11585834624825,153.17188994319946,67.01543438181025,42.713135882976786,138.73712057598715,75.80784178430697,159.5542558408559,141.9382197182741,160.08729831453712,135.9137319336887,86.1229561256131,98.15221623057849,112.33193138283252,85.26502993609459,155.80462353236302,-0.4103885889053345,0.056289613246917725,0.06468655169010162,-0.4789711833000183,0.11600783467292786,-0.004525996744632721,-0.32262602634727955,-0.36699420027434826,-0.2883004266768694,-0.3459877949208021,-0.17541365511715412,0.8075162786990404,-0.3436206001788378,0.5660697240382433,0.07596972584724426,0.03490964695811272,0.17976343631744385,-0.3550870642066002
left_elbow_block_correct,149.19780541248866,71.46847949600954,30.91685598420155,44.357900378580624,78.01157625499926,164.02585426069734,147.20037634483813,147.76958245839356,126.32300311987836,115.74920126520986,147.87467791720724,124.19969434419629,70.9695541488063,87.59775509255702,131.55585412878708,-0.25006647408008575,0.16975174844264984,-0.06753070652484894,0.06945577263832092,0.15374670922756195,-0.2213093638420105,0.11742204427719116,-0.12485352717339993,0.4064360186457634,-0.2479891087859869,-0.5728981271386147,0.24272085167467594,-0.5923464074730873,0.07942102290689945,0.09707215428352356,0.09035850688815117,0.058458805084228516,0.027989089488983154
left_elbow_block_correct,84.96738574766403,137.26688853612816,91.63407285150438,72.06832780277779,124.17326170450569,79.80037667696949,171.92570250270862,128.93335249123442,173.05032131714424,166.25872710719818,97.75076394729403,109.52254753010676,101.63056243795748,94.5448252828392,174.0124914997303,-0.1577746495604515,-0.03738287091255188,0.30464698374271393,-0.4059700146317482,-0.028052866458892822,0.19265158474445343,-0.12172568030655384,-0.4689628458581865,-0.2782482448965311,-0.6375168836675584,-0.2684155944734812,0.7174624525941908,0.0023249895311892033,0.6266261064447463,0.10018780827522278,0.031715295277535915,0.19064809381961823,-0.3162151724100113
left_elbow_block_correct,157.80863238596322,146.47782209747044,75.98856812046047,59.85320661341758,117.23087406293179,121.46291859519955,162.00690415371736,168.07957946912214,161.06400416687737,162.925803866827,140.04400602495295,103.6431955618067,156.9609495014802,82.5417314680733,170.71942236429342,0.21136924996972084,0.05675974488258362,0.3635095953941345,0.45971277728676796,0.23450934886932373,0.039025962352752686,0.2117693442851305,-0.48408624390140176,0.4946927446871996,-0.3303315625526011,0.2424520868808031,0.6636950387619436,-0.11377150379121304,0.7383978976868093,-0.003463447093963623,-0.01621608529239893,0.33578334748744965,0.23722699284553528
left_elbow_block_correct,96.6221350752123,146.44094823657983,49.75697185529038,16.515114800542705,163.69330242670213,116.91285403387937,155.64195984512844,156.59067318657242,153.67501180795705,162.4515318445497,137.30982867556554,94.26072358741203,117.01250920549303,85.27045117339381,172.29853961874417,-0.1846055972855538,0.17063984274864197,-0.12312033027410507,0.0015793293714523315,0.3521362990140915,-0.11093480233103037,-0.10234059393405914,-0.32214970607310534,-0.022930681705474854,-0.19900646526366472,0.13411325216293335,0.8112718341872096,-0.1593719869852066,0.6621542451903224,0.06624948978424072,0.013618281111121178,0.21600429713726044,-0.1109049255028367
left_elbow_block_correct,118.19190526727496,167.07067315343082,55.108743046868504,50.70492238035544,163.62214575684547,131.67915407415256,155.94200037801338,162.48191567501377,159.69295259369312,150.69575633546083,137.26390722047023,102.56470136473779,104.30056711974531,74.99968239042225,174.6300356020501,-0.16984495148062706,0.18233388662338257,-0.2243563225492835,0.018121302127838135,0.2840225100517273,-0.4568656161427498,-0.06011546403169632,-0.28075728937983513,-0.0007478087209165096,-0.29782043024897575,0.10519310459494591,0.8405524976551533,-0.12018996104598045,0.6957014091312885,0.11066862940788269,0.019087286666035652,0.21315301954746246,-0.03211317304521799
left_elbow_block_correct,101.18918338354892,157.93745113425297,71.10613990599815,73.48471127385454,138.90731976482527,123.1046094592259,153.64989924849004,164.601059772044,164.26069218854042,166.9859321931283,103.33115102835583,86.9454728118366,91.63773900157483,97.94063201679046,171.57561335464285,-0.3382757008075714,-0.025572925806045532,0.0024080127477645874,-0.4477148503065109,0.08450263738632202,-0.1151655726134777,-0.2870038580149412,-0.5111957415938377,-0.5654325019568205,-0.5142753347754478,-0.25353665463626385,0.756590224802494,-0.004502272233366966,0.695644773542881,0.15224525332450867,0.031239904463291168,0.2063402161002159,-0.27305884659290314
left_elbow_block_correct,176.96069210619902,141.06448587303902,97.75350477463529,86.75715944992643,106.95447253338234,129.41306598166366,157.95359421874534,169.30809633684072,167.30811091533758,159.38054579626925,116.99361884831623,103.32463197996191,115.39182774386799,120.60641232723678,171.14473292907527,0.271328367292881,-0.047518908977508545,0.2676158770918846,0.43841396272182465,0.04499131441116333,-0.04343019425868988,0.31080097425729036,-0.6070598339429125,0.6240725265815854,-0.5842234467854723,0.2715489910915494,0.7568791533121839,-0.1208952097222209,0.7806506181368604,0.04240518808364868,0.003757063066586852,0.3653896301984787,0.23440372198820114
left_elbow_block_correct,121.29312611329549,150.74006254991988,43.32903350530047,51.37342033820461,166.20819524870913,130.20582957527395,168.31846445113632,157.4731152964998,158.83175946716182,155.6748633342943,113.3614918647682,101.98964645354772,97.2781269797787,77.54786517051508,174.0998262518306,-0.3033348545432091,0.16829955577850342,-0.13468419015407562,-0.09157463908195496,0.24544385075569153,-0.4519866406917572,-0.20970148965716362,-0.3020058027468622,-0.09774569794535637,-0.338543092366308,-0.0475480817258358,0.8968414613045752,-0.05026547238230705,0.6908236094750464,0.11815756559371948,0.024341068230569363,0.04703325778245926,-0.11872115731239319
left_elbow_block_correct,92.00336835488099,152.22879649305767,63.71557300174201,63.06885928739626,139.59691682190595,96.22290280838905,166.62080072836105,148.62867765603445,169.4477613095814,173.13384446568497,93.11401327386406,81.17887409280888,102.06847237771355,87.52625539695327,173.50741170968143,-0.21566717326641083,-0.003893554210662842,0.18383885733783245,-0.47462141513824463,0.09742704033851624,0.021932974457740784,-0.17222273303195834,-0.4809565795585513,-0.42577288998290896,-0.4907328737899661,-0.34207875980064273,0.6915494548156857,-0.051592409145087004,0.6660693036392331,0.12497508525848389,0.02248300611972809,0.24573727697134018,-0.31959952414035797
left_elbow_block_correct,173.42814803379943,151.81104649018707,79.64730984916756,75.258146334915,138.62623304116852,126.52467006795976,154.25029376237774,165.15304244857444,157.4385960287458,163.0677090209965,133.577537385778,89.77611470437654,117.30032259232651,97.4700282176083,172.78464633555643,0.44297715835273266,0.07899829745292664,0.1575331836938858,0.4684373624622822,0.14644399285316467,-0.03858853876590729,0.504941831342876,-0.4410805279039778,0.559439848177135,-0.4635845595621504,0.33122540544718504,0.7223153835511766,-0.04157643858343363,0.732360077498015,0.05124479532241821,-0.005393940140493214,0.37358828634023666,0.24428488314151764
left_elbow_block_correct,76.86575295839741,124.47507400896095,48.6964097559586,46.017263795203434,156.4793913743299,135.05779846262834,160.00133237554442,160.95978258322089,158.1473629736935,155.51481704166082,126.82299709873173,86.36918095446623,112.78789463595403,74.33547569056141,176.80403639844846,-0.156857555732131,0.07973402738571167,-0.1809320729225874,0.015949226915836334,0.12957605719566345,-0.4513180311769247,-0.05917127802968025,-0.42931768810376525,-0.05381559208035469,-0.4738116613589227,0.09582234919071198,0.8052202411927283,-0.013832738623023033,0.7130196639336646,0.08145126700401306,0.0032514436170458794,0.10044494364410639,-0.04232742637395859
left_elbow_block_correct,60.99971932845414,118.57020460291216,81.76385289093197,45.16168986395509,161.7271725466658,138.5951312790765,155.76668372388872,168.498351083882,143.8762548589599,149.73078990044388,123.4677136279039,90.60364913289543,129.13438089037015,77.89479027014245,170.9902318283424,-0.18187087960541248,0.04754608869552612,-0.15202580392360687,0.1174955666065216,0.19060784578323364,-0.35839200392365456,-0.12387942895293236,-0.4359726681141183,0.06314738467335701,-0.3589000179199502,0.10697083547711372,0.808036916074343,-0.11332305148243904,0.7530198023887351,0.03433668613433838,-0.0022511144634336233,0.1698569804430008,-0.06020112708210945
left_eye_thrust_correct,84.36483561249922,147.14373120545767,86.79736010401572,95.17675678904283,139.56137548762425,114.75014261180067,140.867525200244,139.79807117376822,160.43216729282446,166.34052629664416,99.75052547011018,91.21722511722524,102.38973998295758,91.28480870800102,175.49031160556754,-0.20467576757073402,-0.0799117386341095,0.060289353132247925,-0.4394418001174927,-0.11436104774475098,-0.124080466106534,-0.21024448098614812,-0.5744700070936233,-0.48678067745640874,-0.7475370999891311,-0.43348166765645146,0.755306578008458,0.188474680762738,0.5895365837495774,0.11254528164863586,0.011505529750138521,0.49715469777584076,-0.34128957986831665
left_eye_thrust_correct,93.26983855846265,133.97585321563716,51.214170874160345,69.2212316453245,167.60872898963916,143.90700701131644,138.51038816486263,153.99987066630294,149.95905699893106,148.12695251373805,126.50506279215422,108.86403735153257,96.74903105132069,82.8692063725802,178.27481199247765,-0.1636839210987091,0.031644612550735474,-0.16559395985677838,-0.007319599390029907,-0.023773491382598877,-0.32247018069028854,-0.07214732468128204,-0.46921613754238933,-0.1043076142668724,-0.6599768394371495,0.3621794730424881,0.7845188385108486,-0.33932776749134064,0.6689978843787685,0.1131868064403534,0.0006514803972095251,0.6069372296333313,-0.033319353591650724
left_eye_thrust_correct,155.8579475881022,124.29360175224535,107.57545099404129,100.7830185381619,118.07209710514105,151.85877013699638,129.3811867706432,160.37565265437257,160.81173433408352,139.72658959761984,107.07476983824981,97.49337935510147,144.20267055480838,99.74852914850146,168.87066469581924,0.20329798758029938,-0.1203630268573761,0.33687151968479156,0.34059491008520126,-0.16369718313217163,-0.06339304894208908,0.29729948937892914,-0.6692725466564298,0.4710147827863693,-0.8357387827709317,0.40500710904598236,0.6162314368411899,-0.3210444897413254,0.6563839865848422,0.09736201167106628,0.03932506777346134,0.6867736577987671,0.2529579922556877
left_eye_thrust_correct,56.938896504461816,150.22472741524473,42.87876824445102,132.07058094656094,164.51803481212397,113.88490717722007,157.52041293937216,156.48253198642746,154.2839896236394,153.27933781475394,129.93452485843636,118.06053981871509,130.11305888377845,153.53405362125906,169.9970727065573,-0.09193425625562668,0.006233096122741699,-0.12584538012742996,-0.06335271149873734,-0.1677120327949524,0.14697200804948807,0.04590639844536781,-0.5032517272047698,-0.0710514448583126,-0.824525352101773,0.1042403094470501,0.8219360751099885,-0.09155522659420967,0.7091212910600007,0.149817556142807,0.01724086981266737,0.20589620620012283,-0.030009016394615173
left_eye_thrust_correct,84.61214530796761,154.1373087412103,57.10700235267099,91.71190280885055,156.20279084138647,128.35250366423838,150.73659477407645,152.8861872249853,153.4362130088635,167.68091931414264,103.24199408312285,81.34896588397193,116.11438635374073,114.28610485010813,177.47247065758972,-0.22097183763980865,-0.014272570610046387,-0.1072884202003479,-0.46186771988868713,-0.10718268156051636,-0.12288960814476013,-0.13357394374907017,-0.5399688899051398,-0.5548928324133158,-0.7635161697398871,-0.3379265312105417,0.6899058402050287,0.21711099706590176,0.6786542118061334,0.14156624674797058,0.008631642442196608,0.4674084484577179,-0.28638678789138794
left_eye_thrust_correct,118.79910028120108,145.58201830156585,23.8016390443216,107.83052890452598,159.7083019375532,148.26688227370076,153.5086310642387,169.75086029120558,163.83036536708076,158.58377176599816,118.40823984301421,62.97925391574164,128.37837024306734,151.44975158962993,170.80197033737764,0.09431932773441076,0.3467264957726002,0.12015266716480255,0.46360599994659424,-0.08445042371749878,0.005959212779998779,0.040916578844189644,-0.025589220225811005,0.7561597730964422,-0.6863980293273926,0.23786955140531063,0.7197655439376831,-0.24212715961039066,0.685321033000946,0.1596546173095703,0.015915289521217346,0.4775612950325012,0.2103324607014656
left_eye_thrust_correct,84.34580356453554,137.66778355853813,63.90162545207593,73.18669043864257,140.2240470543326,120.41913782219724,145.92480508064287,136.6169709377897,158.94415385542038,178.679246201592,66.8197568670852,95.27304675073721,89.22496652464866,101.55000196231266,171.12837215882703,-0.22175423055887222,-0.019053399562835693,0.058214589953422546,-0.3497055619955063,-0.034826457500457764,-0.137114766985178,-0.12911254912614822,-0.5292461700737476,-0.41035471111536026,-0.6980769224464893,0.20945724099874496,0.6809386424720287,-0.38723573833703995,0.5727711133658886,0.16085663437843323,0.033387042582035065,0.5860694646835327,-0.27617767080664635
left_eye_thrust_correct,109.59615928718264,85.68659831043192,73.85185567913211,97.06473215255839,154.17447249324735,146.00931838222235,162.96476680593642,173.66283751842397,145.38524192514103,161.11570332143557,147.0122801900906,111.5690050210172,100.9117169090998,122.08212628115065,177.34573485185982,-0.21461008116602898,0.030550092458724976,-0.2266768030822277,-0.05313892662525177,-0.13584846258163452,-0.07750801369547844,-0.11593599990010262,-0.46153213432990015,-0.08901353552937508,-0.7580406253691763,0.2979074977338314,0.6830254609230906,-0.2701284922659397,0.7955710703972727,0.10492715239524841,-0.012642994057387114,0.46259914338588715,-0.10673001036047935
left_eye_thrust_correct,153.37888154247062,99.14902816818568,74.04320135741594,87.76390790910087,149.56633582646523,131.1739835605858,140.46233203512668,164.2038000628529,167.39236718194294,169.78393984772669,137.23209181165586,85.64734789272754,114.23278032157414,127.30385417554959,179.21232613809195,0.2152557447552681,-0.03940126299858093,0.4884983152151108,0.2653006762266159,-0.15070122480392456,0.20735672116279602,0.12459113076329231,-0.562777039129287,0.42592136934399605,-0.8150127497501671,0.3100488968193531,0.5546431574039161,-0.03559083864092827,0.7215811642818153,0.06733670830726624,-0.0075758276507258415,0.3769048750400543,0.19031013548374176
left_eye_thrust_correct,83.53160991569972,102.3966158017146,13.974676759106758,10.152787200727625,136.03054344610356,106.01079346981098,158.16386390847657,157.18092818845733,158.66984517754713,159.94439083920696,93.9375613886146,92.51164121037503,102.00276558650661,62.479077735357535,175.04799235490398,-0.12195344641804695,0.1142156720161438,0.24440934136509895,-0.16577467322349548,0.2267710566520691,-0.1633335342630744,-0.14395513199269772,-0.37007566587999463,-0.07065070979297161,-0.36175452964380383,-0.09706585668027401,0.823486692737788,-0.045073701068758965,0.76770532829687,0.1248454749584198,0.010850752703845501,0.016814664006233215,-0.37248335778713226
left_eye_thrust_correct,102.0795421371456,114.43649680828864,48.84184344945507,67.97540844313671,162.68847282164634,135.12745657384892,143.87298783591427,149.8004023336664,163.74448890459306,163.4593563970464,124.98341326511076,106.50268477106218,105.28271909965639,100.8950935649595,174.69527128497225,-0.20888464897871017,0.10997793078422546,-0.18324099481105804,-0.16100367158651352,-0.025412678718566895,-0.3631460051983595,-0.10853814333677292,-0.3700700312620029,-0.1980646476149559,-0.6459828525548801,0.3557984009385109,0.7979778141016141,-0.2919698879122734,0.6875314206117764,0.09962660074234009,-0.0027924987953156233,0.5818939507007599,-0.12676377408206463
left_eye_thrust_correct,120.65625279497687,92.56599937549818,20.769553364469093,51.93830261429723,106.77822095021172,168.55954510022568,164.54712039174711,163.88422480051509,161.46835576717896,155.77560703953088,115.73385246210253,96.90662333064438,99.57508863523783,100.80563796293013,177.15075343537416,0.0545649528503418,0.20911866426467896,-0.18252524733543396,0.12345198169350624,0.01766836643218994,-0.30680960416793823,0.120601586997509,-0.2975287517765537,0.07325311005115509,-0.6218111595371738,0.25585951656103134,0.7596461692592129,-0.29363883286714554,0.7758180418750271,0.057298898696899414,-0.0027418287936598063,0.4797169268131256,0.18947890400886536
left_eye_thrust_correct,77.09627480036083,157.61502944446497,49.48856124580701,102.00283623047845,144.1506492501617,119.63309468104302,137.8003281692286,158.99340901905114,151.9845540592411,162.640062943924,104.69986789570909,71.11377033816763,149.9158026468421,135.17875067047174,171.73365732221623,-0.17443741112947464,0.19501295685768127,-0.08407679200172424,-0.4303707629442215,-0.12907713651657104,0.08561965450644493,-0.16178529802709818,-0.23392849694937468,-0.5405497634783387,-0.804296369664371,-0.3881058180704713,0.7827733205631375,0.33079137559980154,0.6021843599155545,0.23067086935043335,0.0396247785538435,0.5962441861629486,-0.260829571634531
left_eye_thrust_correct,131.37513928844155,134.34499835398418,40.699582906900716,97.91168456923943,148.8034509187198,139.36882223705308,141.92748363272543,164.3783771208897,154.22571199296357,136.92659794351414,108.67209690311984,71.20673474738378,119.04078390540829,144.7813827941995,170.45811943375065,0.17888905853033066,0.18069802224636078,0.26629598438739777,0.3995469957590103,-0.053148746490478516,0.06144784763455391,0.14723582565784454,-0.25023368932306767,0.6933205872774124,-0.6488976869732141,0.22120539844036102,0.6233985032886267,-0.16652031242847443,0.6812902893871069,0.11636728048324585,-0.00974944606423378,0.3937106430530548,0.18352102115750313
left_eye_thrust_correct,111.21084081989878,89.2043049328641,13.645277644756058,45.26547760969625,122.13966725582725,163.6990634983311,178.34899219132834,166.1072162829622,153.57356887003493,147.47728391191288,162.34550896678402,96.22311295589842,89.93682180160576,99.6687940226901,178.96778680953298,0.0983165055513382,0.18023622035980225,-0.16231940686702728,0.2534935772418976,0.041026413440704346,-0.23441480100154877,0.18238015659153461,-0.33027403941378,0.2706338632851839,-0.6053810655139387,0.022279581055045128,0.7678777636028826,-0.045377952978014946,0.8088753880001605,0.04194644093513489,0.008784404955804348,0.12428078800439835,0.18830448389053345
left_eye_thrust_correct,69.98360210661711,117.59135947312164,90.33354940055199,99.38125535270694,177.1162068681512,131.71085830274984,159.24548337294232,176.66715179075058,158.64273354465593,156.14947932768135,141.8670909479118,104.18607772705278,97.19266136919717,126.81135161233534,173.36193922907535,-0.14895489811897278,-0.11816322803497314,-0.0008176149567589164,-0.12565676867961884,-0.18284285068511963,-0.13239849545061588,-0.054909612983465195,-0.6538518159650266,-0.14180083200335503,-0.8338548033498228,0.1785210706293583,0.8637797744013369,-0.16541480645537376,0.74463169882074,0.10278218984603882,0.008673242293298244,0.3059534877538681,0.018749869894236326
left_eye_thrust_correct,175.50656437493757,135.2127120080962,110.52658551171416,109.25159734606362,144.47327550061712,144.8558564034437,155.61904491119367,172.05798706422397,171.55814028316954,164.61562578012138,115.06258886616303,85.09421998049665,84.4334786954575,147.26960801423263,169.0354174076958,0.28005264326930046,-0.12358987331390381,0.36251966655254364,0.386900931596756,-0.13958388566970825,0.050131695345044136,0.27112901769578457,-0.6428750468185171,0.6639820989221334,-0.791370959370397,0.21825680695474148,0.7553657578537241,-0.058804238215088844,0.7426895188400522,0.08559828996658325,0.014517850009724498,0.2866494655609131,0.1819581463932991
left_eye_thrust_correct,102.58456056855724,159.5160501793967,109.8843238095815,107.91689224871878,147.54249690040177,130.11802485716262,155.795621120213,161.46882415102257,171.8417907355052,173.89347952629873,96.05011373077897,68.01059869986597,85.46881884962262,98.91519695195481,172.97192919036547,-0.2062835656106472,-0.19939163327217102,0.03130476176738739,-0.4100477248430252,-0.20340341329574585,-0.11107245832681656,-0.17937981523573399,-0.6871450514299795,-0.4744661543518305,-0.853136655758135,-0.2883552107959986,0.7758040457265452,0.09290227107703686,0.7003416448133066,0.1473502814769745,0.010788357583805919,0.3059137314558029,-0.2762087434530258
left_eye_thrust_correct,82.77824372979039,105.14744534359339,41.1318430564485,116.32198156391246,153.3305753815269,127.79940749467733,147.11286627884178,161.87338511155588,166.77155299380044,156.36150433237134,104.81762845450895,107.20228516991854,111.20670783585325,119.00841200230235,167.87760433216593,-0.07748034596443176,0.012007385492324829,-0.20497673749923706,-0.031130921095609665,-0.18035686016082764,0.02261798456311226,0.08768876641988754,-0.4951262157410383,-0.01681392267346382,-0.8463410418480635,0.3145015463232994,0.7829824406653643,-0.11028806120157242,0.7404687125235796,0.14162620902061462,0.013106513768434525,0.347562775015831,0.04015350341796875
left_eye_thrust_correct,138.4651848258569,119.44637983681397,69.72787786634957,63.74732978621338,120.22600707596295,99.80449377115168,163.02021049084024,178.51525917258442,159.96490109822497,153.24995211402455,110.14379091749493,64.69398697236875,124.11729711486186,110.65379627721123,177.2821763309002,0.2425883524119854,-0.054234594106674194,0.36019788682460785,0.3050350993871689,0.11275574564933777,-0.001004740595817566,0.16399254370480776,-0.5799386966973543,0.36068079341202974,-0.4952459800988436,0.39477232564240694,0.6451657544821501,-0.1033044708892703,0.7205660473555326,0.08488401770591736,0.0334855392575264,0.4573882222175598,0.23327957093715668
left_eye_thrust_correct,83.39609803032765,149.25340074814648,65.45794701152198,92.60396808544168,142.976225640814,123.79387749750015,152.68928191344227,166.40506820756903,168.00851475934314,163.84072288149534,108.06499537435701,83.7131601378407,96.88002197046458,112.82415806761317,173.175190641028,-0.24754931032657623,-0.06707099080085754,0.02278895676136017,-0.43462900817394257,-0.1377381682395935,-0.06930628418922424,-0.15560641326010227,-0.5575936008244753,-0.4741303566843271,-0.7874574232846498,-0.3228129390627146,0.7266793083399534,-0.051753388717770576,0.7223279308527708,0.1629103720188141,0.016455456614494324,0.21809134259819984,-0.2909559905529022
left_eye_thrust_correct,80.48788311114195,91.97165599391656,52.23026330023322,64.2690074751372,141.91729726833566,151.73569063551662,124.763791509906,156.45334814897345,130.33804796086216,154.71939451222877,115.64949042607537,90.12914615781992,127.72635347688939,95.59153857136704,170.649794168662,0.02718554437160492,0.09585848450660706,-0.2025841735303402,-0.0300716832280159,-0.08923393487930298,-0.20185559056699276,0.18034469336271286,-0.39918846427462995,-0.05627499893307686,-0.7388027363922447,0.431524433195591,0.7202367132995278,-0.44059132784605026,0.6396688765380532,0.12367582321166992,0.013838950078934431,0.7884498536586761,0.08325149677693844
left_eye_thrust_correct,174.69227810365146,141.05066251472778,99.45540509882876,95.38713293054849,108.84631760214704,139.53519909500898,150.14651687564321,170.50320356819006,166.22016634282045,156.84956343042185,127.10519451717592,80.1561740637062,118.04403444540537,114.67342230780373,175.02007214796902,0.3567509576678276,-0.06496688723564148,0.2545485198497772,0.43213047087192535,-0.09841418266296387,-0.06925420463085175,0.393322913791053,-0.6203200825257227,0.551063357735984,-0.7844038613839075,0.1942695815814659,0.6894003144698218,-0.05374277487862855,0.7588087908225134,0.07563737034797668,0.0028676127549260855,0.2679281681776047,0.26327431201934814
left_eye_thrust_correct,122.16793821651275,145.24298624112902,89.49793364724609,84.30541255162922,145.0090422125088,129.68270808901826,142.02998503737115,139.8428585347773,156.49569508964333,178.01257571408578,105.21800035649862,95.69564179901892,87.33285332948458,107.32494109600152,170.05871652116727,-0.3479722589254379,-0.10985207557678223,-0.04403059184551239,-0.4667574614286423,-0.09969472885131836,-0.12088780105113983,-0.2650368269532919,-0.5989622576162219,-0.5203911419957876,-0.7485330207273364,-0.0952936690300703,0.7742062108591199,0.002385013736784458,0.6438013212755322,0.14010000228881836,0.027622101828455925,0.058446502313017845,-0.29434485733509064
left_eye_thrust_correct,53.46792075364788,82.55668676826666,31.84106357548181,87.99474797234457,155.00739764584762,150.19957924101882,161.11689226540238,163.8678969643801,164.49570409535212,160.32992054377831,123.58531462711271,91.17755303247134,105.13145654847698,85.98482984993377,176.5509189199409,-0.04179343208670616,-0.04713210463523865,-0.11488671228289604,0.1281103678047657,-0.16731905937194824,-0.02024480700492859,0.0192878320813179,-0.6031862983945757,0.09426816180348396,-0.8415396700147539,0.3720346875488758,0.7417485227342695,-0.32214347645640373,0.7275040259119123,0.1058289110660553,-0.0018194676376879215,0.6300797760486603,0.1258191429078579
left_eye_thrust_correct,155.09767591300144,142.95637667128372,98.67094240702308,98.92171034516264,120.31348222542158,144.91647263835137,154.75069794427645,163.61903322651554,165.84136307488535,156.14728957918115,117.8590953254235,84.3397827711698,114.19950215173932,125.0054398904389,172.23982472380138,0.3133435733616352,-0.09814348816871643,0.2322271317243576,0.36001184582710266,-0.08873194456100464,-0.10659915208816528,0.35801064703264274,-0.6662331381812692,0.515632805560017,-0.778202430345118,0.12187352511682548,0.7367805084213614,0.01000535223283805,0.7442636331543326,0.12068638205528259,0.00137615529820323,0.12766750901937485,0.2595725804567337
left_eye_thrust_correct,96.13577802686603,154.5924824350702,84.33155782600882,86.40254448183508,141.6405500546678,108.65594514676295,153.36950839974537,136.87572999892464,170.99754315748132,174.47973723196904,90.09592171767787,106.30973036364892,91.39000892988658,91.02618077017917,167.36699951254536,-0.20746511965990067,-0.1754339337348938,0.22378923650830984,-0.48000531643629074,-0.15331155061721802,-0.003246217966079712,-0.1270616427063942,-0.6402706792578101,-0.37990639358758926,-0.7478370359167457,-0.1238190159201622,0.8073905417695642,-0.03166515938937664,0.6250127265229821,0.1422100067138672,0.03524188511073589,0.03403755649924278,-0.3191758692264557
left_eye_thrust_correct,80.15787455132283,152.96995685260418,68.96129009376271,86.94108789951902,149.49281854016627,114.47361564982587,146.98515562007424,135.6006655550997,160.826063319687,172.9902257054416,102.77135189097811,92.59327754980941,111.97366080233012,103.64261371427759,171.06278241076308,-0.21568268537521362,-0.044851720333099365,-0.03905089199542999,-0.4564864123240113,-0.07414668798446655,-0.09794415533542633,-0.12542177736759186,-0.545312337577343,-0.4639059528708458,-0.7183989211916924,-0.3714015409350395,0.6784323528409004,0.1027594804763794,0.5984440520405769,0.16153457760810852,0.024173466488718987,0.4030308276414871,-0.2966393679380417
left_eye_thrust_correct,45.961733508813474,133.6803679514868,60.26136164792487,59.829981742574795,153.1090221595843,94.72876142596392,170.1997763894709,136.99579995626132,174.9567285551281,167.5595599935606,96.54974981036294,76.05851657129926,138.16491192616328,85.4359725353858,164.58587290706245,-0.14753537997603416,-0.0012928247451782227,-0.04911580681800842,-0.4167235344648361,-0.0057228803634643555,0.016466349363327026,-0.03642619447782636,-0.44786581210792065,-0.2905001272447407,-0.6101695280522108,-0.3732420732267201,0.6875616926699877,0.08426497830078006,0.6390870828181505,0.18142029643058777,0.03455659747123718,0.3722078800201416,-0.32690244168043137
left_eye_thrust_correct,131.7852263452702,144.32974892488548,68.78189269431307,82.0393676774354,117.81973776485353,153.96053788643192,162.83629848249072,175.4669961112741,163.59731826083168,163.95476715854147,120.6443802315228,84.91885393116418,175.95135358408777,95.24014164510581,173.30934601296974,0.09399942308664322,-0.02568817138671875,0.2295457273721695,0.43588440120220184,-0.005239248275756836,-0.1636001169681549,0.11094051599502563,-0.5869499989785254,0.4700379893183708,-0.6464569517411292,0.30414628237485886,0.7272480181418359,-0.12059449404478073,0.7429434708319604,0.0627295970916748,0.0018722405657172203,0.42065420746803284,0.23780031502246857
left_eye_thrust_correct,111.6875469603101,145.62222843422973,78.57161747709178,75.50464704893076,158.19961363732435,135.2119624082597,154.16629263409945,154.2035852566906,154.93562353616272,165.40661135504715,122.51821649220436,93.37301111591857,97.15971711468177,82.76968578016583,172.08348785443482,-0.19582725130021572,0.007279306650161743,-0.2887098118662834,-0.06553138792514801,-0.01395273208618164,-0.5339481420814991,-0.05630670115351677,-0.4870968966279179,-0.11451098695397377,-0.6456619112286717,0.22393068298697472,0.8307739289011806,-0.16839397326111794,0.6824059875216335,0.0975266695022583,0.01905669877305627,0.3192373961210251,-0.056198593229055405
left_eye_thrust_correct,120.15649452441498,150.2717393683394,68.50768080528663,69.83098591475311,144.31130039738673,118.60773943542976,162.86802186840973,147.24854898226798,167.34788700578244,170.56970243571755,110.81002862793491,89.20007415688208,95.78757926462458,107.40932156511869,171.68687171379622,-0.3429187387228012,-0.021049201488494873,-0.08312603086233139,-0.4756743274629116,0.011809110641479492,-0.07914331555366516,-0.2111491896212101,-0.5293739843182266,-0.4970517195761204,-0.6133128213696182,-0.32106635347008705,0.7367758345790207,0.16846322640776634,0.7068407130427659,0.11760592460632324,0.023872406221926212,0.3938688784837723,-0.2786729410290718
left_eye_thrust_correct,168.12075879931223,129.1087982323582,77.20022862644068,79.4771203867354,107.19688926110892,131.35380314682638,160.6244240288936,173.0399575531621,164.45261351117668,163.981186386546,114.66639222829373,77.8604872388934,119.70477472768306,121.63467473859937,176.9635484277108,0.2986108399927616,0.015593290328979492,0.36459872871637344,0.3906194567680359,-0.008819758892059326,-0.016574084758758545,0.2543305796571076,-0.533522146375617,0.5072967750020325,-0.6790272766666021,0.3071499210782349,0.7028241580410395,-0.07222127495333552,0.750470978586236,0.05943036079406738,-0.007523452106397599,0.3896859586238861,0.2444445714354515
left_eye_thrust_correct,95.27417744477053,173.97011749966038,28.723808937115663,8.679150429385158,147.19214414300637,101.079873974991,177.40971086696004,174.17651725650438,143.68892223964122,161.77661301692365,141.68887602248938,101.08538104444233,100.3409178606332,85.77469915561831,178.88840986710596,-0.18539855629205704,0.17793965339660645,-0.15818196022883058,-0.035063356161117554,0.5049479827284813,-0.03760179877281189,-0.1530323401093483,-0.3455540327122435,-0.11644960939884186,0.008193862275220454,0.07436816394329071,0.8097078414866701,-0.18819604068994522,0.8166983934352174,0.03403070569038391,-0.0022387055214494467,0.21894894912838936,0.010860397014766932
left_eye_thrust_correct,86.67107782248128,139.38468622622347,51.91620588081346,67.11605411438543,144.73574198235355,107.2337742205082,167.7714989264698,147.31315077465024,167.87513380502088,174.7893269358586,88.10516079444054,74.22059891148217,101.42134448820464,85.15156036616246,172.86939171679225,-0.16287580877542496,-0.05013561248779297,0.2838129848241806,-0.4939740002155304,-0.018255114555358887,0.06222064793109894,-0.1243317136541009,-0.5326539073139429,-0.4011532822623849,-0.6341348681598902,-0.3531430223956704,0.7131350245326757,-0.011362374760210514,0.6444626655429602,0.14417892694473267,0.023461678996682167,0.26247407495975494,-0.3471178710460663
left_eye_thrust_correct,163.11770526308004,128.20995298735508,83.14244575868018,79.7030030472558,119.25703203102347,136.26961984819053,163.45166062390254,176.8116134190628,171.95401584893077,156.74430556815116,141.63328343996292,102.20572418759092,130.35361881757166,100.73966230105226,171.0682689988933,0.3009255975484848,-0.04674375057220459,0.17800384014844894,0.40345635265111923,-0.005991578102111816,-0.05151751637458801,0.3137055318802595,-0.6014651586301625,0.4352073948830366,-0.6308612157590687,0.2556271832436323,0.6834411690942943,-0.0657052043825388,0.7712168763391674,0.025214314460754395,-0.013205206952989101,0.32069131731987,0.2437264546751976
left_eye_thrust_correct,94.54580912139224,111.06708796790844,53.698181410738144,48.442343394469574,171.50435107892426,133.89371532625202,154.72208732778992,152.8568032438786,159.25427225713133,159.13654819444196,131.24093890187814,105.1575471704033,91.3993580931145,85.34276495414231,174.67497322800142,-0.23604603111743927,0.0036608874797821045,-0.12253983318805695,-0.10226753354072571,0.08652335405349731,-0.38869861513376236,-0.1161443367600441,-0.4932577917352319,-0.1582781970500946,-0.5313032576814294,0.05486883968114853,0.8357046535238624,-0.11056719720363617,0.6631199410185218,0.08987680077552795,0.019709652289748192,0.14803806692361832,-0.12199581414461136
left_eye_thrust_correct,85.02184817393142,138.67782012382114,58.64308922650682,58.70366414596069,136.72188110358513,108.00578827921646,163.47269778153301,149.31349691422002,171.84635178528916,175.9442102601398,102.09444455578274,94.71327074157507,109.56097057323862,92.57216226833924,173.98729330252692,-0.25068996846675873,0.003227055072784424,0.017593413591384888,-0.44827031530439854,0.08508104085922241,-0.05649452656507492,-0.16419504769146442,-0.4760973211377859,-0.43686178512871265,-0.5202878173440695,-0.21419882960617542,0.7965047899633646,-0.05053744651377201,0.7197664920240641,0.1380850374698639,0.027233190834522247,0.12662842497229576,-0.3270638585090637
left_eye_thrust_correct,164.05941660865372,121.4814141284702,73.19685295292012,72.70781096559284,130.5852096029884,125.12840615856977,153.07079674947096,158.1508485468161,168.57166661364892,162.14467066774552,141.8476687122496,101.68904741803756,144.91805720519983,103.66379202783422,172.28290726787333,0.22646315395832062,0.012681961059570312,0.40466369688510895,0.39491695165634155,0.05483219027519226,0.06607592105865479,0.22140201274305582,-0.5395361413247883,0.4890716904774308,-0.5601173867471516,0.23635611776262522,0.6333269844762981,-0.015306751243770123,0.7154845963232219,0.025540292263031006,-0.02198807056993246,0.26514776051044464,0.25557301938533783
left_eye_thrust_correct,91.6983113041939,179.4480578255838,50.18370098575155,16.77290011695546,167.14339427997214,102.83960194089732,154.90751659892862,165.6617199772539,153.18446815942895,144.04053001708405,139.03294746257018,104.24146353369225,99.16862247541472,87.16862267679907,175.28217716180956,-0.238816499710083,0.07964017987251282,-0.1206088736653328,-0.08737048506736755,0.45146672055125237,-0.009707518911454827,-0.15392572060227394,-0.3970258366316557,-0.1764739640057087,-0.03633696399629116,0.14671296998858452,0.8341996539384127,-0.13033457472920418,0.6481390465050936,0.07579568028450012,0.01602192595601082,0.234639510512352,-0.09472304303199053
left_eye_thrust_correct,95.24143861834374,143.70424902265566,62.51913508908396,68.80403815572629,140.63874469078692,90.45773153852792,175.5192525132379,158.9346182172197,173.0267176029822,170.87692848182107,87.78472559564524,85.8259950736481,90.79058933431692,95.68429661148507,171.80947920936785,-0.16962909698486328,-0.04893246293067932,0.25784482806921005,-0.4658752828836441,-0.010861814022064209,0.0796416699886322,-0.08975617749092635,-0.537125350558199,-0.37208324832317885,-0.6266409769887105,-0.23064713341591414,0.7690873130923137,-0.1164783106505638,0.733632980263792,0.12333214282989502,0.012187830405309796,0.0654737576842308,-0.3423813730478287
left_eye_thrust_correct,121.44976410200371,141.45990889366266,80.07218716117346,75.35970505674945,122.00059748684421,125.65221243662704,162.9792964262586,167.67091872866408,162.24181339287136,161.9973994626271,128.77542227918724,80.52123553890121,134.0731381205901,97.41849804448448,172.78865081614046,0.20399386063218117,-0.06223577260971069,0.2540246695280075,0.4966042563319206,0.014066576957702637,-0.06531527638435364,0.09924603812396526,-0.639742189203389,0.46700683049857616,-0.6411355073796585,0.22753077559173107,0.70121241256129,-0.03991486318409443,0.7315300767077133,0.0636553168296814,0.0038840670604258776,0.2602594494819641,0.26821786165237427
left_eye_thrust_correct,95.89127692477375,145.2213292098479,60.11140583209432,58.19206578920694,174.15793082658877,122.01295101284553,156.4738579489815,166.57094606780507,159.71326927148678,139.91091859481057,136.71038855390674,117.07114579084919,106.74217413654358,88.07905954977778,174.1880640150095,-0.24829956144094467,0.027970850467681885,-0.13682491704821587,-0.22749821096658707,0.05142432451248169,-0.3804936483502388,-0.14677031710743904,-0.4567122273729183,-0.29307935014367104,-0.5472598188207485,0.18220193311572075,0.9036925918771885,0.029853207990527153,0.7551343924715184,0.09555399417877197,0.008833939325995743,0.16375822946429253,-0.1358075700700283
left_eye_thrust_correct,132.34588430397113,153.00466391241696,86.17291544725133,67.59504856072623,148.7567932274038,116.27428231279272,157.52825324766837,160.17809714303718,152.34541391957026,173.18978564878944,101.26857801041183,105.6701167345891,92.19697799518444,113.32885088707319,173.10556289189608,-0.31667375564575195,0.0017102062702178955,-0.10634304583072662,-0.4626001641154289,0.05279499292373657,-0.05315766483545303,-0.22383573651313782,-0.4875610526651144,-0.5304489880800247,-0.5475336369127035,0.16783422231674194,0.8419524375349283,-0.3913898319005966,0.7290482465177774,0.10215145349502563,0.0409604087471962,0.5056174993515015,-0.2545122727751732
left_eye_thrust_correct,82.36781540744836,133.56713267335095,85.97526143024781,74.2530147978359,156.71311842083904,137.4892244893727,165.0193266883825,172.51312147111372,151.73261710339867,154.8491192497346,147.79996757795172,104.16991796649614,113.63094861316269,89.64114845537748,175.17172146339425,-0.0886319950222969,-0.05595460534095764,-0.2187849823385477,-0.00221174955368042,-0.0359724760055542,-0.3996025137603283,-0.024686560034751892,-0.55311334063299,-0.04886326938867569,-0.6483598344493657,-0.06189670041203499,0.7894563085865229,-0.040269430726766586,0.8149117238353938,0.10681554675102234,0.01300108665600419,0.03879343345761299,0.01608787290751934
left_eye_thrust_correct,102.75772273986284,137.70570924547144,58.70381575270552,57.04621897211159,139.6277114499777,122.32683623764171,149.4339457445141,151.081416384287,148.1339715812286,175.61060005368248,88.71678892380169,110.6229632492202,106.0044298862914,96.74709292406739,158.4329173036409,-0.35649625957012177,-0.047058671712875366,-0.017346486449241638,-0.4630873203277588,-0.05170845985412598,-0.05401601642370224,-0.15135877951979637,-0.5078286612406373,-0.33422571048140526,-0.6784228766337037,0.13992679491639137,0.8036724245175719,-0.3401200734078884,0.6878546988591552,0.18534287810325623,0.06058788485825062,0.464132621884346,-0.3003197982907295
left_eye_thrust_correct,165.63021537703565,139.3237390140636,86.02972143514822,79.67933099525091,109.46313794936839,141.76186444315513,165.99543930104323,155.35614502714552,155.69148865875707,146.6101781598046,120.7702590527567,83.81558562314356,114.82019867906578,122.68503261602143,172.59583957118733,0.3362044245004654,-0.05867430567741394,0.260960191488266,0.418956883251667,-0.064872145652771,-0.10278190672397614,0.24114489741623402,-0.5854198581073433,0.44471113570034504,-0.7384884005878121,-0.07849734835326672,0.7194593900348991,0.33043928630650043,0.7133796566631645,0.10630688071250916,0.01669836463406682,0.33489949256181717,0.2558298110961914
left_eye_thrust_correct,89.67384734060181,132.93290086603994,45.27223675631435,149.16144033353387,144.83885980477424,132.36810708471552,168.061539797267,168.94617055458292,148.51495462527072,150.12973621172182,149.87860752342067,118.02057816041905,114.16838694646886,108.28289918769943,174.19924935608987,-0.11785050854086876,0.03825899958610535,-0.22018945403397083,0.007700152695178986,-0.21945345401763916,0.07354669272899628,-0.015007708221673965,-0.448467040900141,-6.42724335193634e-05,-0.8799630650319159,0.17085878178477287,0.6473756185732782,-0.08604391291737556,0.8261611214838922,0.16476759314537048,0.0010155728086829185,0.24595317989587784,-0.00517144612967968
left_eye_thrust_correct,140.13321762572136,149.19149196081722,93.62362602459099,73.6503508377685,158.78702368476377,69.49566318672815,166.89434142804788,145.01460868800908,176.0161933756177,173.30881899308292,103.01170541150867,89.8424805221272,114.9574789555669,124.97456582517216,167.1233429410348,-0.49425438046455383,-0.08203315734863281,-0.043569713830947876,-0.25913140177726746,-0.011978447437286377,0.26715540885925293,-0.47334311809390783,-0.5525733414106071,-0.10959432180970907,-0.5824861112050712,-0.3307403167709708,0.7270288285799325,-0.04391143750399351,0.7107461509294808,0.08759701251983643,0.023201980628073215,0.21597548574209213,-0.36114272475242615
left_eye_thrust_correct,84.84051264234725,150.4921904935967,81.81022281268802,76.41392529228901,139.76162400477003,99.16540206998812,156.8325354300254,136.7917051098896,175.88212181897939,175.31431819420163,109.23820426933261,93.7975676519375,104.48340556712417,78.91132064074768,170.57929473388296,-0.1929190456867218,-0.08324891328811646,0.27202121913433075,-0.5052677243947983,0.03686976432800293,0.07320450991392136,-0.2557343505322933,-0.5343632660806179,-0.5088881812989712,-0.5884546600282192,-0.40375393256545067,0.6787416972219944,0.0003459043800830841,0.5551473535597324,0.1761144995689392,0.07924759387969971,0.3281000927090645,-0.30498381704092026
left_eye_thrust_correct,169.2151946451692,148.41447713374131,97.48262342668824,92.89782260093459,128.73167198476776,142.6433746301041,145.07562969530434,165.7737433886274,161.8093838387693,158.31542930371776,107.8454224005317,73.44150110430745,127.1557509076298,95.13519248321423,166.77283447059426,0.43520569801330566,-0.008042573928833008,0.13327522575855255,0.4500257149338722,0.026812493801116943,-0.09272558987140656,0.5963361449539661,-0.5586304194293916,0.606225747615099,-0.6078323251567781,0.2916264124214649,0.5734355323947966,-0.19941846653819084,0.6789099448360503,0.04981166124343872,-0.01962473150342703,0.48270078003406525,0.23501701653003693
left_eye_thrust_correct,95.30003413127048,135.19099884076607,76.89726181190755,63.87733941630856,163.73699168189597,124.5362227154148,153.1143643354137,155.69965503268295,150.71124220668733,158.8742641015013,134.72659059433687,99.77021051856724,116.8824079786261,93.52834931693128,169.46087096286368,-0.18928975611925125,0.0824575424194336,-0.23022311925888062,-0.08984709531068802,0.143206387758255,-0.4176785610616207,-0.07430193573236465,-0.41762491734698415,-0.11412757635116577,-0.4792824652977288,0.1399465873837471,0.8083040746860206,-0.12726496905088425,0.6153613361530006,0.09883743524551392,0.021783658303320408,0.21751618385314941,-0.0889524482190609
left_eye_thrust_correct,85.09713608248643,101.47155686565901,68.94060450159198,57.08462074387618,173.49027913299952,137.93364527967645,151.1673365814496,152.768402252015,161.6066678178525,163.95558619050274,132.11607206242292,106.9481401947077,95.76974597871816,83.45756336591839,169.29959602431074,-0.20313692837953568,-0.04898664355278015,-0.06571915745735168,-0.11830802261829376,-0.020128488540649414,-0.3159734280779958,-0.0837060771882534,-0.5797706092707813,-0.15007773414254189,-0.6636727298609912,0.03830014541745186,0.8293514405377209,-0.09029899910092354,0.6395976101048291,0.0736856758594513,0.02290020789951086,0.12131518498063087,-0.15514832455664873
left_eye_thrust_correct,100.94030336684472,156.9005458411063,96.82662997739783,93.83188086330257,154.59664031143754,110.51297659080342,159.42844727336401,141.64262138090584,161.1038929278482,172.0120089678876,85.28020780880239,79.15879638136437,96.12518737721562,87.67957081339708,179.08865645614966,-0.2161610946059227,-0.11672160029411316,0.15541334077715874,-0.4887467697262764,-0.10878539085388184,-0.07439306378364563,-0.2332243723794818,-0.6438622211571783,-0.4831016017124057,-0.7752792572136968,-0.362591321580112,0.6995682979468256,0.021304314024746418,0.6257092023734003,0.11095729470252991,0.01588058052584529,0.3109431862831116,-0.3244716227054596
left_eye_thrust_correct,150.83316159475456,136.3305941693814,97.5669425821591,94.47563645879339,119.58008847572468,149.07533534734807,163.28675216819713,174.1054381753228,167.05055979457856,156.33481327650148,118.0773235990098,94.95742210528752,144.81133582492515,102.92170691624686,177.4277857118567,0.1891745626926422,-0.09620696306228638,0.2566223293542862,0.41693087108433247,-0.09827405214309692,-0.07336172461509705,0.22466778568923473,-0.65161892271135,0.4954050313681364,-0.7791397819528356,0.2681267987936735,0.7344254603376612,-0.11798655427992344,0.7622025361051783,0.10634058713912964,0.01239989628084004,0.3574231266975403,0.25917041301727295
left_eye_thrust_correct,91.95901770155479,146.59612999292855,76.41754147702123,21.037134051795757,175.6416142802181,108.67446929088158,158.21045812170078,159.37400827531064,157.07165870891822,151.0071421422638,128.0021755327854,106.92739058926901,88.32741671067998,86.4412621090593,171.3759329327884,-0.21806156914681196,-0.08442866802215576,-0.04429375380277634,-0.05045686662197113,0.33752070367336273,-0.1983412653207779,-0.0747055858373642,-0.5988504067063332,-0.04608125612139702,-0.20632904022932053,0.08296266943216324,0.8819816932082176,-0.006418207660317421,0.6715753301978111,0.06315284967422485,0.035780079662799835,0.12047782260924578,-0.11070503294467926
left_eye_thrust_correct,146.08134725997485,150.23222618124618,104.9545202715364,69.71817824847001,153.22850027623875,118.03429182467642,144.10992439121378,154.34524220544426,154.21499631776217,165.59607696350935,105.18256901522203,76.68810490627165,87.80864591802906,81.15196809236276,158.63180902721868,-0.42369189858436584,-0.15592363476753235,-0.08947545289993286,-0.37576499953866005,0.002332448959350586,-0.20321261044591665,-0.33075721003115177,-0.5723401084542274,-0.33323208428919315,-0.567186750471592,-0.3839112613350153,0.7634014114737511,0.010848117992281914,0.7193472608923912,0.15670236945152283,0.050538621842861176,0.34212149679660797,-0.29379751440137625
left_eye_thrust_correct,169.62187221873228,145.95032331726978,81.46141967309426,80.89011901003998,149.61275019695347,126.30729439581216,159.44295331834252,167.51543284352186,158.58778394120526,164.7013162254248,145.48883526088227,101.53143922809132,91.51367317631774,125.16825608504847,170.3285992076464,0.3515332043170929,-0.007908850908279419,0.13142132759094238,0.425808809697628,0.008764266967773438,-0.028504326939582825,0.25914438092149794,-0.5178549067350104,0.4520971330348402,-0.6198262945981696,0.3209033759776503,0.6950866206316277,-0.11663398868404329,0.7796942217973992,0.060994476079940796,0.005274968454614282,0.41540615260601044,0.2240050882101059
left_eye_thrust_correct,66.86600346668618,113.71612405228007,63.03792483254312,49.043993705129814,168.597604274372,143.9223945479012,162.4303234093217,167.1255267802525,158.63753174716504,154.1878387619901,144.43465630690238,100.49797617958816,116.80613718416427,61.805566052463526,177.33534851304697,-0.16070271842181683,-0.0236242413520813,-0.13628565706312656,0.07606546580791473,0.056519925594329834,-0.3594861552119255,-0.09967035055160522,-0.5461460658698343,-0.02520037442445755,-0.5832796999602579,0.14106497168540955,0.8673189571709372,-0.0748269110918045,0.7546405485481955,0.09011057019233704,0.004048181581310928,0.18907546252012253,-0.038673339411616325
left_eye_thrust_correct,133.37622419649753,106.17363013209422,50.47420853549207,69.75479996293451,83.44239465159018,147.0482864251401,165.68656249557793,173.89842260817733,164.73632415830352,165.981779364748,158.99721758781928,108.7679835170204,108.98079136372432,112.02630543830163,171.50809121935737,0.21421097964048386,0.1081012487411499,0.030537482351064682,0.39409032836556435,-0.0069484710693359375,-0.07399998605251312,0.2505838479846716,-0.45541489124298096,0.48646064661443233,-0.6405151188373566,0.051483845338225365,0.713575690984726,-0.05444792099297047,0.8287100493907928,-0.016366660594940186,-0.01516961120069027,0.15755926445126534,0.23735318705439568
left_knee_block_correct,108.76187478976911,139.3903522330844,60.39968277033543,44.28778855935621,143.83083323357877,99.89786235833292,131.02466325011255,144.63982344893182,153.8933118132898,156.47634833213536,109.56230484038747,103.03815850181742,132.3801764176105,96.43841754785421,170.18589268918822,-0.17922621965408325,0.11767375469207764,-0.20763252675533295,-0.33266521990299225,0.3345302939414978,-0.05923755466938019,-0.22196790762245655,-0.39164526597596705,-0.5189781803637743,-0.22430692450143397,-0.4001541752368212,0.7235236333217472,0.1935603003948927,0.609745936235413,0.0621681809425354,0.0040757623501122,0.4624583423137665,-0.2968457043170929
left_knee_block_correct,88.92562512519848,161.03532570412582,21.73773721597395,5.907434654959079,153.59320858815659,109.12298567916434,152.09859802676542,156.1750187508003,153.60334176941015,143.26602645247826,131.14414298602856,97.3540821873847,106.97470860694244,73.09662363026322,173.6812058266967,-0.10769306123256683,0.17311209440231323,-0.16265731304883957,0.020359180867671967,0.4077186658978462,-0.16204404458403587,-0.028768105432391167,-0.31498534558340907,-0.059536200016736984,-0.11432267306372523,0.32895397394895554,0.8331000101752579,-0.372905470430851,0.6452845823951066,0.06569620966911316,0.012135433964431286,0.6206102967262268,0.00784355029463768
left_knee_block_correct,164.23429766428026,150.98140764582348,32.563980837126095,59.29043099918517,162.67142520930727,123.05655876909108,139.45818721518597,174.9765239416507,161.33019862639281,149.15520671926936,105.54567088296892,86.33429481341518,124.15747112220949,115.29325114275804,165.96376897455377,-0.02744164690375328,0.39158817008137703,0.18895797431468964,0.3263436406850815,0.3724050000309944,-0.07462923228740692,0.031564158969558775,-0.006735070608556271,0.5626637056702748,-0.08989779371768236,0.3915849939221516,0.6517289755865932,-0.35887011734303087,0.7051418898627162,0.01196107268333435,-0.0026835380122065544,0.7067667841911316,0.2931751161813736
left_knee_block_correct,90.92130722366178,176.5418321665043,45.884438482514575,4.368756172251047,146.68649549516414,111.66562005911702,164.37872650522482,176.76965363008438,146.14979190161492,162.1607082108719,132.74987644499953,107.16022059341967,108.51206852804351,83.06499567806163,173.16653249852914,-0.1104714423418045,0.15803003311157227,-0.1766175888478756,0.03901240974664688,0.5148304644972086,-0.04833052307367325,-0.039317719638347626,-0.3582909977994859,0.0019136990886181593,0.043722345028072596,0.18968859314918518,0.7705251597799361,-0.20805105566978455,0.837626697961241,0.017185181379318237,-0.009505287744104862,0.36532916128635406,0.01080789789557457
left_knee_block_correct,95.07194551019377,150.58809268330504,59.879661495411504,48.21881782107377,154.6414756165901,104.60819008062161,134.8592654673002,156.29648864726906,155.69657318841448,162.1694498583726,115.27526075139939,87.12130712031507,120.16642571943444,105.30723408529732,170.54240097025786,-0.20311425626277924,0.12179237604141235,-0.1900264322757721,-0.37523072957992554,0.34998300671577454,-0.05725684855133295,-0.19278517365455627,-0.3889953694306314,-0.5624825358390808,-0.1815400174818933,-0.38991016149520874,0.6728881397284567,0.06779496371746063,0.6898538866080344,0.055906325578689575,0.007869740016758442,0.3931184262037277,-0.2603941410779953
left_knee_block_correct,134.25602138265796,155.6239388158399,32.61450936588431,55.27470740699696,156.78742928502538,123.13456833908705,151.19839341503234,164.98854407363902,169.59458493160824,154.68687079002203,111.60476937482984,67.42998518806809,101.12456333898018,122.17735454294508,168.09300362421686,0.21165965497493744,0.1645970642566681,0.28780942782759666,0.33641472458839417,0.3914864957332611,-0.001306086778640747,0.19680563732981682,-0.3029430820606649,0.6376754753291607,-0.08942873915657401,0.31828029081225395,0.6739144907332957,-0.13053572550415993,0.6895093307830393,0.020996153354644775,-0.0284613324329257,0.447548046708107,0.14712447300553322
left_knee_block_correct,97.2445148501709,130.8641156650298,32.047267692577634,26.224387118460875,147.5192000370437,112.54056114905747,145.90209416780598,136.7804478377244,161.95910160492087,167.84622918261863,107.57304149662437,93.9937401244944,111.69960905218413,85.38374914794574,177.2107543844418,-0.22258225083351135,0.1878325641155243,0.020051956176757812,-0.25501228868961334,0.3559817969799042,-0.12345235515385866,-0.21083946898579597,-0.28816709760576487,-0.3653230853378773,-0.18829665426164865,-0.37075771763920784,0.7229091143235564,0.18999553844332695,0.5541261052712798,0.08050677180290222,0.021593837067484856,0.4669578969478607,-0.28978343307971954
left_knee_block_correct,103.83841605890224,147.45627913352368,44.345631130169274,13.392541919257301,148.79606600393967,111.51535247898474,164.86330447684898,163.5696101507049,146.52526465639292,151.80238638087428,140.19446747009601,105.1969730450602,107.92591089038666,87.93208700610465,168.41427690735367,-0.1773416567593813,0.20482231676578522,-0.14880387485027313,-0.15037734806537628,0.43069690465927124,-0.08906583115458488,-0.10874023661017418,-0.27997147431597114,-0.24543213471770287,-0.06810984155163169,0.23099826648831367,0.6644269884563982,-0.2700127176940441,0.7526542604900897,0.06572127342224121,-0.004629933275282383,0.4349329471588135,-0.08414177224040031
left_knee_block_correct,140.50294216729392,122.27233059734873,44.69676962746665,37.48027544387074,140.72848998444724,100.25286689018151,137.30423614200978,167.4943402461708,164.11802372748224,159.11072311029875,129.77255468470162,88.5344593577978,120.9031706821035,94.6485710565501,174.27114740567188,0.2576478309929371,0.15543964505195618,0.4031657204031944,0.2403988540172577,0.32180991768836975,0.18236106261610985,0.2553544584661722,-0.33871598565019667,0.4403021577745676,-0.22033447050489485,0.40456157363951206,0.5663780418690294,-0.18511725030839443,0.7464443889912218,0.041236937046051025,-0.013942631427198648,0.578042209148407,0.24311760812997818
left_knee_block_correct,98.9240073442015,136.01922710933027,40.959423727636555,19.879824095620943,145.60018466747246,112.15830968716487,158.10814784659757,168.8472497878136,153.77772793744904,153.2458370231861,108.98459750704734,102.90423926375408,116.50350437784007,84.28181615467322,178.65824972596528,-0.1780899167060852,0.17864200472831726,-0.1314745992422104,-0.23322834074497223,0.40769873559474945,-0.11138768866658211,-0.11955957859754562,-0.30352940084412694,-0.34986481070518494,-0.12341218115761876,-0.02676377445459366,0.8385250079445541,-0.04222540184855461,0.7655716645531356,0.08380979299545288,0.013701540417969227,0.06132622808218002,-0.21022769063711166
left_knee_block_correct,100.0889744619473,141.79741621179284,45.43582743505367,5.182165042887075,152.97150697140702,105.41090474627391,139.49838806261,170.5842607377524,150.895721311618,151.97208760140686,116.45302243189171,102.3331372312607,107.11753851932961,82.7270201219807,162.73710979951494,-0.18069468345493078,0.2137136161327362,-0.1519247591495514,-0.09325854480266571,0.47456144262105227,-0.040325626730918884,-0.09294164925813675,-0.2509614364244044,-0.19374548643827438,-0.0048260861076414585,0.21851176768541336,0.8287273808382452,-0.20902364701032639,0.6585276885889471,0.05868372321128845,0.02094289381057024,0.40465426445007324,-0.10780803859233856
left_knee_block_correct,166.9928807967137,159.3374281984126,9.572128235503348,32.93364281466986,156.5911416187963,111.01637728280431,161.75575210653955,166.20311468830764,159.71550244952877,157.1562995209597,130.49456993736277,86.37969431332465,106.4848244976632,97.27530200594347,169.24397481630064,-0.008716939017176628,0.46219064574688673,0.08049863576889038,0.19580820202827454,0.4523225650191307,-0.08569267392158508,-0.007833338342607021,0.03373751710751094,0.23554320074617863,-0.04766300957999192,0.31329415179789066,0.6821957166830543,-0.24902420304715633,0.7328388627211098,0.015393048524856567,-0.00587124441517517,0.5510417520999908,0.24140945076942444
left_knee_block_correct,91.3351684643812,143.43739294665514,61.032145814690075,43.440668772787674,147.86505250263642,108.8203105510795,138.53342924064395,161.32300896105235,149.74780287634138,157.26906884333692,108.86614380739469,97.19737222884208,147.11815053635812,103.60869441153362,171.4106437513594,-0.08947958797216415,0.2989394962787628,-0.13738738000392914,-0.37912383675575256,0.3145926296710968,-0.0351532232016325,-0.06465593539178371,-0.13552635861560702,-0.5120633896440268,-0.23477086378261447,-0.41399980150163174,0.7451753024943173,0.1873242948204279,0.6184697155840695,0.09735843539237976,0.028489856980741024,0.48726050555706024,-0.23771711811423302
left_knee_block_correct,115.25472509034276,145.39070774554935,42.78317890655225,56.025819580301004,156.60706903912595,117.15201048423434,152.32273520704163,165.81711958681885,164.48020299211032,152.81742301212321,116.9265694532454,90.44641658058266,126.52448407772191,123.56616005585148,176.42189709276357,0.06769055128097534,0.1779290735721588,0.3031098283827305,0.36091700196266174,0.2987101972103119,0.049586120061576366,-0.04429742693901062,-0.262740344973281,0.6492834463715553,-0.23144313809461892,0.04253542050719261,0.6018902647774667,-0.06557347625494003,0.7487910974305123,0.05999600887298584,-0.002630606759339571,0.15353354811668396,0.07444445416331291
left_knee_block_correct,106.52982764703307,152.2800427068245,32.57202662916729,16.351552784871792,121.32999970419705,113.6702554517385,168.06076275096143,172.33039456049906,157.1342068007145,146.01759235768554,124.89193682099685,107.99957517190526,96.72711461407435,82.53637486100943,178.95669134486664,0.037835389375686646,0.1700361967086792,-0.24543382972478867,0.16054683178663254,0.38776373863220215,-0.12587464600801468,0.08288315311074257,-0.3394224022049457,0.14763008430600166,-0.14420594018884003,0.11477721109986305,0.7412161554675549,-0.10897189006209373,0.8446947659831494,0.03702455759048462,0.000971588771790266,0.2058037966489792,0.15338189899921417
left_knee_block_correct,151.99581477716842,151.26789563431413,3.6147004245635466,65.35510910859759,156.38282801774275,134.31654700823916,153.60384798021812,163.9960076036076,174.03949230371808,162.06071276341711,118.26171980425524,86.38858276188415,99.86249190558932,128.16164458427696,171.94315635530697,0.09860136453062296,0.3744077906012535,0.07164010405540466,0.39142149686813354,0.23618239164352417,-0.09008929133415222,0.03083551675081253,-0.028623323189094663,0.7020223289728165,-0.3245219097007066,0.1962357759475708,0.6631726517807692,-0.041600607335567474,0.7362757220398635,0.07421883940696716,0.015801201108843088,0.24882964044809341,0.13418273627758026
left_knee_block_correct,113.19115072094249,143.46405288210727,85.94839224966859,54.044182791573895,140.51029377324645,123.6683326184547,131.01337241904264,155.3013743240252,150.70184566290828,174.54307025668453,109.32575010671304,93.56880398785819,106.1135082186287,90.0472566519559,161.62346914878847,-0.29748236015439034,0.018247872591018677,-0.1661129891872406,-0.4356563091278076,0.26210448145866394,-0.07718120981007814,-0.2871543727815151,-0.4320897087454796,-0.5988668762147427,-0.2838757559657097,-0.28738611564040184,0.743400938808918,0.048578713089227676,0.6601034477353096,0.12762022018432617,0.0253092423081398,0.2872394174337387,-0.2807369576767087
left_knee_block_correct,129.0609666969617,145.06057092496698,17.084316614752876,12.38118497589803,112.7903240825703,103.57883356751425,149.4494381149148,162.52677044856915,166.983963349667,142.01863429862306,110.2935804877873,98.7430822331761,106.61738738108568,79.92244661476813,165.57787698503353,0.03487837314605713,0.2508030980825424,-0.018777646124362946,-0.002094958908855915,0.30654896795749664,-0.12788259983062744,0.25652241706848145,-0.19244262715801597,0.0599166676402092,-0.2560459836386144,0.2638578712940216,0.8152635828591883,-0.04806254059076309,0.6785707012750208,0.07776498794555664,0.03185423742979765,0.2576959617435932,0.09900599718093872
left_knee_block_correct,151.83399224929755,140.5460982051402,60.127711734055055,69.08898020173147,143.50752516462435,120.97064850037425,147.61210519132703,155.39061235800057,168.6694485015454,142.2165884532914,114.81472169517951,56.48026864196503,114.55383368164398,124.97138269719319,173.65828238841368,0.23419711738824844,0.13102665543556213,0.4238559529185295,0.4199121594429016,0.18650424480438232,0.04163400083780289,0.19103163108229637,-0.3408365130890161,0.6648401282727718,-0.3909724832046777,0.3305705450475216,0.6075883924495429,0.00419975072145462,0.6472241699229926,0.06772342324256897,0.015937621239572763,0.3392866775393486,0.21325048059225082
left_knee_block_correct,103.26928616933466,141.31635726080435,46.261398077095876,44.505382421475296,155.80365620103962,114.86833085495743,156.41959136242374,165.56553151022752,152.83746881441698,155.01477710603896,130.08300668311114,105.82292745110236,119.19387051256919,104.55562162950045,178.2986073248661,-0.21351145952939987,0.1820569634437561,-0.14158883690834045,-0.37981361150741577,0.2709144353866577,-0.1128373071551323,-0.16229064390063286,-0.31707260268740356,-0.5027333460748196,-0.29500818508677185,-0.1848151497542858,0.7619268868584186,-0.03852333500981331,0.7292584155220538,0.07630044221878052,0.011791305150836706,0.13273295015096664,-0.25558438152074814
left_knee_block_correct,140.08915322232156,149.39155213242978,44.8408745696467,32.51597009279216,129.43405818676487,141.2205512767452,137.9419526629488,162.95862336321818,145.6124259206642,150.02449476923303,125.64226448120274,96.29443706185832,122.85397441547508,62.91251139292884,167.89731926551067,0.05282840132713318,0.298327699303627,-0.17753096297383308,0.231942780315876,0.3825610280036926,-0.16370053589344025,0.2182776890695095,-0.11690926179289818,0.30051225051283836,-0.14099393412470818,0.36088913306593895,0.7645806856453419,-0.3998533524572849,0.6569463200867176,0.08892598748207092,0.021846164017915726,0.6891278028488159,0.07544584944844246
left_knee_block_correct,155.62062763568375,141.8278412697798,53.15670630638744,62.45277360176136,149.06865241730054,119.99950426729775,131.8082165156497,167.77722684856093,161.1502218042254,154.95577252647496,119.54501198151505,80.84702973259698,115.3028170803389,119.27974562515797,161.8616922947921,0.20356057211756706,0.2009311318397522,0.4005182534456253,0.3240397423505783,0.31080952286720276,-0.01505272090435028,0.2757705096155405,-0.25378789473325014,0.6573608759790659,-0.19046180415898561,0.29973756708204746,0.5921911401674151,-0.20898894034326077,0.7166669769212604,0.02991315722465515,-0.011196192353963852,0.4981401264667511,0.2201666384935379
left_knee_block_correct,132.4162300601729,139.38691245108748,70.03729828776038,45.32972996966066,149.3700001282312,112.17671486972665,134.92451037972177,142.37015420264444,158.26793647187336,178.29587061841144,96.62993574524012,91.69799200694551,99.26206578866825,84.47543432476587,169.12528896218217,-0.38441938161849976,0.17974647879600525,-0.018578708171844482,-0.3307895362377167,0.2668866813182831,-0.17264306545257568,-0.42076109163463116,-0.21792837185785174,-0.4462388586252928,-0.25579313142225146,-0.13615707866847515,0.748527102638036,-0.13844775967299938,0.6625778009183705,0.09887954592704773,0.022873693145811558,0.039154648780822754,-0.3320096284151077
left_knee_block_correct,97.11485280721938,170.7659051804554,33.35217322856792,13.171198364455131,151.18919011211398,121.80659399554467,152.67710092973883,168.6282235329093,155.6604941648476,151.20587650809483,111.70241548895703,86.47605569350027,101.77165435070398,76.23735365286687,175.685595246493,-0.113652303814888,0.17755988240242004,-0.21439328603446484,0.03229691833257675,0.45812975615262985,-0.1653577983379364,-0.014713929034769535,-0.31364232941996306,0.010544681921601295,-0.03925682127010077,0.3869328275322914,0.7551030452596024,-0.2530716583132744,0.7479555542813614,0.06731992959976196,0.0020583162549883127,0.5964999198913574,0.054036421701312065
left_knee_block_correct,145.25853941449748,145.9926923709996,32.27733854535134,40.40363263103242,161.99968951234388,103.40367101850451,155.36872260112693,157.942666723817,173.50244839240986,163.44603450228283,121.62760461024367,76.51726002084492,120.78743182574429,110.03991700087722,176.0254298678854,0.11418473743833601,0.3176416605710983,0.34985683485865593,0.2637239545583725,0.4213496074080467,0.07779382541775703,0.014237705618143082,-0.12245165946660563,0.46135882288217545,-0.09299445542274043,0.1293669417500496,0.6375374233466573,-0.0025650784373283386,0.7309498226386495,0.0489770770072937,0.0035146655282005668,0.16238341480493546,0.18675782158970833
left_knee_block_correct,80.32854469256327,151.40635176824372,37.539128833763506,21.667282623453087,145.4329257403032,114.14593779426978,152.7698692434659,138.66533461064844,157.74719710065327,175.91679130140602,98.0127388973578,106.47729082226029,106.83371545239095,84.47486865263423,162.35250212024422,-0.21584945544600487,0.059929102659225464,0.06946773827075958,-0.3365171179175377,0.3647034168243408,-0.03092743270099163,-0.047450095415115356,-0.40279640909284353,-0.2826363667845726,-0.15307288523763418,-0.13518763333559036,0.8165679657831788,-0.026333563029766083,0.6703279102221131,0.13700729608535767,0.04541466943919659,0.06913316249847412,-0.2754291743040085
left_knee_block_correct,139.66748229183582,146.8940035149439,22.76568404712735,49.493435235917126,162.0405603424611,119.2016722826186,142.0693609160513,166.72943593973,167.2168030832475,160.8332891590509,125.56265197597509,78.88110625949065,117.99481580800081,116.10371379068297,177.54722761219438,0.06373532861471176,0.41326744947582483,0.163667693734169,0.3554776459932327,0.36594177782535553,0.013652823865413666,-0.03429138474166393,0.02018750470597297,0.5828791167587042,-0.14720843720715493,0.23145811818540096,0.5278073401423171,-0.06201045401394367,0.7376542539568618,0.07285767793655396,-0.0006421229336410761,0.3327331095933914,0.2037217766046524
left_knee_block_correct,92.90528449125969,143.3720390724059,43.062916948153365,29.124356311870944,151.1237767469103,119.99211658874852,148.40184425220585,148.45573458524657,155.77966472339997,166.83576948821866,114.06636662892018,103.53943467900014,105.44694470518046,86.24333414330039,171.6341486983042,-0.2447868064045906,0.06991234421730042,-0.048335105180740356,-0.32878315448760986,0.3607882708311081,-0.12500039115548134,-0.1242638397961855,-0.3781082620844245,-0.37720912136137486,-0.16543638613075018,-0.18060913123190403,0.8148909220471978,-0.020199188962578773,0.6950941691175103,0.14194858074188232,0.04487871192395687,0.11833956837654114,-0.23613417893648148
left_knee_block_correct,83.3646167913174,141.2513438491065,34.98738396375105,34.28391196498497,132.26618464517068,105.14470738998287,159.58363404246413,146.11994232398467,169.95529743292187,173.12217414376485,95.40540428566536,80.99543914056181,117.60709706980056,86.34239615186925,171.857216218474,-0.20089545100927353,0.13487482070922852,0.06478606164455414,-0.3535493277013302,0.310610756278038,-0.027473539113998413,-0.14437017851741984,-0.34631586470641196,-0.32288172357948497,-0.23711666860617697,-0.3967734228936024,0.7049033304210752,0.06590509897796437,0.6852317114826292,0.11493605375289917,0.01771746249869466,0.37062548100948334,-0.32574719935655594
left_knee_block_correct,173.78153008837285,146.56443443185637,29.258695070642904,48.127068614114975,159.85548226176655,116.46273910350637,159.0785636967158,165.6677822377731,166.295061206516,167.73916776200625,125.94776797202547,81.79827420605112,127.05254466795134,108.75932664522415,170.8369303170106,0.06782158836722374,0.3639838397502899,0.2707867808640003,0.3447045125067234,0.34896619617938995,-0.04152075946331024,0.044872784055769444,-0.09477162966504693,0.46617112401872873,-0.18773315707221627,0.28273529652506113,0.6921323700807989,-0.10922529455274343,0.7465465827845037,0.012091994285583496,-0.016272257082164288,0.3978053331375122,0.26418593153357506
left_knee_block_correct,112.61704861895822,144.02255007881575,35.387281578882835,16.834848245216254,158.61729623502603,112.5794825935337,149.805986873743,174.71775942590804,154.31380035672973,142.69767522699874,123.99729006351221,99.72242444533596,94.9502380363521,93.42458579867586,167.6876656280022,-0.2571745775640011,0.19353125989437103,-0.09022615849971771,-0.23482678085565567,0.40436790883541107,-0.08951932471245527,-0.14342770725488663,-0.2647901806049049,-0.2990793511271477,-0.0864851358346641,0.168962262570858,0.8969072070904076,-0.20228739827871323,0.7092094984836876,0.07538473606109619,0.029842100106179714,0.32399339973926544,-0.12954003643244505
left_knee_block_correct,81.78611290069438,144.35043030118013,40.73327445495409,29.027515197624144,122.92914993542776,103.41068519157405,162.48771593965938,147.50358526508438,164.7580896983957,178.11421008429807,105.04868013769322,88.26693582935114,110.43615830494659,83.77006196321496,176.44814251552495,-0.17983267456293106,0.12442386150360107,0.05228973925113678,-0.29467719327658415,0.34623341262340546,-0.08790482580661774,-0.11366150574758649,-0.3921816691290587,-0.3010272686369717,-0.2176538452040404,-0.37529000686481595,0.7242684916127473,0.1070518339984119,0.6840096667874604,0.08003580570220947,0.013997187372297049,0.38565272092819214,-0.30862972140312195
left_knee_block_correct,165.29495779322176,148.51659688539732,16.12309239897515,35.20253320927189,162.49320739666763,103.43397297776062,154.37114267552772,162.51592282458054,164.5857567808375,166.21228320283825,114.37672802927128,77.27839544689155,112.68887513006013,104.28083092855199,173.86628471979006,0.05260302126407623,0.44014064222574234,0.15062404423952103,0.21270845085382462,0.4470466524362564,0.014400690793991089,0.04471748694777489,-0.0070981113240122795,0.37903306260704994,-0.06897054146975279,0.2853076793253422,0.7078968780115247,-0.07319250330328941,0.7518024342134595,0.021752208471298218,-0.017675036564469337,0.3604702949523926,0.2522021010518074
left_knee_block_correct,75.5577166304257,96.78115817098977,62.2091076370167,40.69363390101689,148.98800086287963,160.14377484300934,173.8340917310482,177.38820292681334,149.1780104418286,158.46433777934462,118.87224620382703,88.36124171389373,115.8651023136693,69.81938162327197,177.7855255205133,-0.12391061242669821,0.06686404347419739,-0.18981970846652985,0.15576443076133728,0.055285096168518066,-0.2872852310538292,-0.08916229754686356,-0.45563209941610694,0.07401156425476074,-0.5898528187535703,0.06672777980566025,0.8028905303217471,-0.07270172238349915,0.7667716653086245,0.0634724497795105,0.0142065966501832,0.105355110950768,0.03674817830324173
left_knee_block_correct,78.21656665647903,143.09937899574567,26.646378786176523,40.18439891849589,141.24966109647548,94.66160957263077,169.13145284352487,147.55512236575217,172.82998959232287,176.22375972551248,99.17852494143071,89.01254410908913,113.2151881665205,90.07279512445807,172.647251911519,-0.17978087067604065,0.10421404242515564,0.1597803235054016,-0.38505321368575096,0.2773122787475586,0.057083919644355774,-0.13172947673592716,-0.37410392379388213,-0.35635655431542546,-0.2877138457261026,-0.3578805854776874,0.7100954451598227,0.02919936866965145,0.6766184964217246,0.1399420201778412,0.02461888175457716,0.30819395184516907,-0.339492991566658
left_knee_block_correct,170.5652975010284,146.348164893946,17.79682826994228,53.790674567957524,161.53382421992404,109.09874853407732,158.071415899898,165.34440529356226,167.92970448437092,160.21452612220392,137.53911185330554,101.02136220424602,116.76677361085575,106.8965864632786,169.80416123650645,0.0816512331366539,0.4114771634340286,0.1909371353685856,0.3826148808002472,0.3301367908716202,0.014643847942352295,0.06995345582254231,-0.03377119591459632,0.5044327743817121,-0.20051993569359183,0.30476839025504887,0.6790365860797465,-0.05913364957086742,0.7703544185496867,0.010611891746520996,-0.020959087647497654,0.3583390489220619,0.2431693784892559
left_knee_block_correct,93.38571814024237,160.43052995534254,33.2569374156212,10.00331738594809,163.01807711891018,108.67837523172764,157.0281293819302,169.6999658756063,151.08096634536292,144.40171384432307,144.44272188706924,111.98096927909708,108.78244662391981,80.38095747260309,175.97249885755303,-0.18748312070965767,0.18394342064857483,-0.09008807688951492,-0.10619727522134781,0.44494985044002533,-0.10595568642020226,-0.0919826328754425,-0.29089204990305007,-0.17384185642004013,-0.06213786476291716,0.11224540323019028,0.8452692774590105,-0.046060360968112946,0.6958518174942583,0.0773547887802124,0.017490642610937357,0.17528176680207253,-0.08847858384251595
left_knee_block_correct,94.61722705450937,140.85499831650606,31.16973017320539,19.936338059761013,146.96120100651657,125.58041843028685,155.91121550347646,149.08684730277153,159.90474322666682,173.79073306466793,103.33366672750336,96.83585402239967,103.85482865394889,80.18021983586326,172.95286586515596,-0.25771037489175797,0.14279022812843323,0.09518437832593918,-0.2785123363137245,0.3967830538749695,-0.07204577699303627,-0.1827448606491089,-0.3228341406211257,-0.3265534043312073,-0.13629645761102438,-0.25402143597602844,0.776246421970427,-0.05826402083039284,0.702333920635283,0.12839895486831665,0.027560053393244743,0.15930797159671783,-0.31041834503412247
left_knee_block_correct,151.4546264686665,146.64641086110117,51.141000153992096,34.185095009522506,126.08307605812419,111.12633896876406,147.81106421078982,157.51092143152985,160.29370687180958,154.55003618276726,151.3506157774044,114.82493627529783,132.86226826375253,104.0513575545465,170.17657538360004,0.21546491235494614,0.20368027687072754,0.4047689661383629,0.22216855734586716,0.4357403591275215,-0.006693944334983826,0.27109669626224786,-0.3138180421665311,0.4242285090731457,-0.07630524504929781,0.2722512382315472,0.6759961796924472,-0.047693352098576725,0.7679044557735324,0.00678098201751709,-0.023342082276940346,0.328408345580101,0.23742306977510452
left_knee_block_correct,105.11120616036946,162.49041587569764,43.619155721873135,20.046163424028244,158.88222256452318,114.65934369089914,150.1450024209615,168.5628331580161,148.4977290839567,158.73143416943347,138.0748488629889,97.89280444667843,104.45028946312294,78.41477369488365,160.70709130439008,-0.16907468810677528,0.21204636991024017,-0.10568976402282715,-0.0634583830833435,0.49078511632978916,-0.11001455783843994,-0.07265087217092514,-0.22645567008294165,-0.1223040372133255,0.02176507539115846,0.14144819974899292,0.8187042658682913,-0.1316601186990738,0.6393490617629141,0.07526025176048279,0.014940370339900255,0.24534402787685394,-0.043117016553878784
left_knee_block_correct,100.60448897273794,137.31060325726563,7.6838586178182595,13.652853696669672,132.25081792529778,104.89637086237246,173.95054578257958,152.3691485957947,170.52520442515453,173.0017366483187,84.82077200732927,89.01979015356885,98.84803791463146,75.82892838399094,171.44967310937855,-0.11309553682804108,0.18520084023475647,0.24662691354751587,-0.2606818377971649,0.3763091266155243,-0.05069898068904877,-0.09555978327989578,-0.3175234920345247,-0.16518937796354294,-0.168057335074991,-0.26499246805906296,0.7307703667320311,-0.12958335131406784,0.6616978221572936,0.07952120900154114,0.016527521423995495,0.07820823043584824,-0.31765441596508026
left_knee_block_correct,107.06788686742553,155.80755145821396,14.837776239177556,16.85767482083692,98.76063083519368,109.81215553284602,162.31729075470355,176.1868207286237,159.1986886868029,155.4461028505162,130.8568230074052,100.26141532359938,104.7981049605684,82.69360205711402,175.75607836276964,0.033889517188072205,0.22635258734226227,-0.0785097237676382,0.18470768630504608,0.5231979433447123,-0.001508072018623352,0.04855197295546532,-0.2680890909396112,0.19003960490226746,0.023760045412927866,0.28172358870506287,0.7535687037743628,-0.03584445267915726,0.7908307262696326,0.03231966495513916,-0.014543377794325352,0.31101756542921066,0.2104852795600891
left_knee_block_correct,95.3910954609305,156.49909005493421,30.313000228626116,12.057366757327488,158.802158845532,104.91997243008967,153.5282734327814,172.8717354636374,154.1454472028783,148.72647762528905,144.20413038020564,107.40063218564734,106.38230140071643,83.27463118214001,175.57691320445258,-0.21811995655298233,0.19971930980682373,-0.06856566667556763,-0.14765521883964539,0.4828277137130499,-0.054836321622133255,-0.14436567574739456,-0.26495940261520445,-0.23308014124631882,-0.005149225005879998,0.22459008544683456,0.8449623805936426,0.007653195410966873,0.7556563240941614,0.07250839471817017,0.005903482902795076,0.21557166520506144,-0.09969282150268555
left_knee_block_correct,116.32095211293736,108.39324512800117,31.458903173432073,67.90733161597223,143.0296781907853,115.95061361110956,166.1713653934046,150.54484450044382,166.3659151872583,175.49797882355048,89.76813474294377,88.36243828901415,125.06430567367164,110.16242388225805,174.69989997941494,-0.21491332817822695,0.2728532999753952,0.08556559681892395,-0.1958383470773697,-0.06716406345367432,0.24883496761322021,-0.27319653891026974,-0.1884812714997679,-0.053948646411299706,-0.7351691576186568,-0.32415773533284664,0.7248934654053301,-0.023734362795948982,0.6852670458611101,0.1006915271282196,0.009849435184150934,0.2348310947418213,-0.32992812991142273
left_knee_block_correct,165.98655674601295,149.9857596651889,56.694405009827825,37.69703340114394,137.92549948365595,119.70169430818075,158.89734490748606,169.5173562488608,165.65949355208357,161.4714617594821,136.98741483132434,102.89681721875722,130.77131869056052,109.89316439196658,170.43233792667098,0.22742623090744019,0.14799901843070984,0.41997540928423405,0.2996571618132293,0.43968334048986435,-0.017847642302513123,0.17650641099317,-0.3610844695940614,0.3927976001868956,-0.06020477134734392,0.2899307717452757,0.6299648201093078,-0.05859000637428835,0.7096126591786742,-0.003032118082046509,-0.022261278703808784,0.33497387170791626,0.21608838997781277
left_knee_block_correct,119.51556235198886,141.6722557131416,51.57256962344924,17.63494940684945,157.83274442407975,119.89140854841011,151.28317677404462,154.79220845381508,158.0477025873851,172.09538112107785,117.61853659496697,105.67009660878963,104.382716079749,89.74338413564014,167.75805342246096,-0.24820636212825775,0.17329606413841248,-0.13394911587238312,-0.22313722968101501,0.4197149723768234,-0.11043893033638597,-0.16048771515488625,-0.29563229717314243,-0.29557501152157784,-0.08066087402403355,0.046997662633657455,0.8555165585130453,-0.09418541565537453,0.7404761966317892,0.0739581286907196,0.029667265713214874,0.14104174822568893,-0.19641518080607057
left_knee_block_correct,104.07012305834928,146.61066280662814,39.7255138574066,27.03899441478257,139.10098847010858,113.60508260842762,150.52210140314162,151.052803316518,143.14829009886657,178.47173074315404,93.33398799188886,115.75819866127198,105.9088365379669,87.78246377043757,164.5773482666955,-0.28843003511428833,0.16029110550880432,0.0392933189868927,-0.35783299431204796,0.323948472738266,-0.05021606385707855,-0.16278884932398796,-0.2939730165526271,-0.3569905273616314,-0.22483092825859785,0.14666836336255074,0.7986157955601811,-0.3782568983733654,0.6685057701542974,0.15315204858779907,0.059541961178183556,0.5016080588102341,-0.27096405252814293
left_knee_block_correct,148.9099566453396,148.71165193596,12.241182729011248,45.50096966347337,157.591261950392,122.81655540880612,154.02222037177145,148.31649999955383,164.80098361706112,152.59768089572478,125.92151683954822,86.14871894640815,114.59791733082234,115.25531744010952,175.33367824892855,0.1360915219411254,0.3887646831572056,0.1272876113653183,0.3778400719165802,0.3397051990032196,-0.0516304150223732,0.015463259071111679,-0.008176923380233347,0.5338152386248112,-0.20388569554779679,-0.11625542119145393,0.6319320885231718,0.4260912872850895,0.6879423348000273,0.09798586368560791,0.00032858061604201794,0.44541436433792114,0.2166755124926567
left_knee_block_correct,103.09530129955432,168.6148573864189,29.930321406985946,15.301112992320904,136.26119630213805,111.21987310068616,169.23045642366964,172.07728691701828,138.61537563960107,156.31043440997155,142.38415256229047,111.46774217313627,109.28077118044918,74.64891691180027,175.69763731925758,-0.11992864683270454,0.21507875621318817,-0.13472925266250968,0.005213938653469086,0.444561630487442,-0.17559854313731194,-0.058815304189920425,-0.2600572360679507,-0.022965887561440468,-0.07491536717861891,0.10084071382880211,0.6122505711391568,-0.06697208061814308,0.8140240954235196,0.0876503586769104,-0.000884348526597023,0.18282614648342133,0.05344051634892821
left_knee_block_correct,164.20897126701126,153.88063902927487,39.662498535908085,33.77276103135546,90.96868075662326,103.79156999045355,153.01837962789992,152.86955772581774,165.34100231864318,160.8835027042598,141.99779627779526,79.74725559257593,124.29780405466816,99.7705516938621,173.22452550980034,0.1786395162343979,0.2142685353755951,0.16992054134607315,0.23268352635204792,0.4404629245400429,-0.0366847962141037,0.19170224899426103,-0.2974063695874065,0.32016785675659776,-0.09242093726061285,0.2354376488365233,0.6225032268557698,-0.03282969957217574,0.65993363247253,0.017547518014907837,-0.01592129049822688,0.3012715056538582,0.2565286383032799
left_knee_block_correct,108.86757363823146,166.87505340685945,49.02156492590652,15.696413857172233,157.45263526675706,104.08962168014017,150.05017888091552,167.67021299024702,155.50370122207593,162.1469201044196,125.62044091542822,88.76583211898456,95.83564851084404,88.93201622532122,155.93896828196432,-0.21217175852507353,0.20116600394248962,-0.1137484610080719,-0.07654590159654617,0.4852458741515875,0.007087633013725281,-0.105422493070364,-0.25765869324095547,-0.13679437711834908,0.02809640089981258,0.07515237852931023,0.8351682394277304,-0.07008631899952888,0.6652454703580588,0.049592941999435425,0.015517719555646181,0.09042788855731487,-0.08150489628314972
left_knee_block_correct,114.17223186284386,133.24031718095972,44.83479920386943,30.91869761031306,165.46484585167033,74.60559978655877,162.4025942255472,131.78854548363717,166.86802875969803,173.73565689955143,105.26201561215163,100.45589857324234,110.92975483879643,79.87465291971475,173.75307198894612,-0.20442438125610352,0.21761853992938995,0.31116198003292084,-0.31562936305999756,0.29421982169151306,0.1356835812330246,-0.29715204052627087,-0.2049882635474205,-0.24948075227439404,-0.2533494606614113,-0.35695129446685314,0.6987245306372643,0.05273597501218319,0.5892581567168236,0.09977254271507263,0.043941013514995575,0.32783086597919464,-0.3063809871673584
left_knee_block_correct,160.51876340362182,142.151320057208,50.97800138880751,36.583269427275354,136.29614832781763,113.49437174232416,152.82486552536014,164.04690194751274,157.52221270063407,161.67507227799504,147.06971642522214,93.23408718353099,150.67634484886923,88.35861643842739,167.1779256102465,0.22032104805111885,0.1671726405620575,0.4456717483699322,0.31892305612564087,0.401414655148983,0.056133195757865906,0.26695756055414677,-0.33801285130903125,0.42816842533648014,-0.13611481292173266,0.31068907119333744,0.6279886593110859,-0.11461197398602962,0.7219486464746296,0.01475304365158081,-0.020800341852009296,0.4267094135284424,0.23888109996914864
left_knee_block_correct,98.66730039524238,153.9520637196328,53.63800743890107,11.399146060484542,152.4654992204689,100.99590478349454,142.99402510076393,167.55191216915287,147.39278384450355,163.59730097135517,132.50061933329093,99.25785894073098,106.888535476171,85.91860063593555,154.5773040881844,-0.20805876143276691,0.19830112159252167,-0.10859599709510803,-0.12349065393209457,0.47029973194003105,0.023459017276763916,-0.10137571021914482,-0.27175175677984953,-0.20648491010069847,-0.022730358876287937,0.13472344353795052,0.8355500744655728,-0.17851852998137474,0.6329174088314176,0.08532416820526123,0.03610098548233509,0.2583657130599022,-0.12536101043224335
left_knee_block_correct,107.69640608903346,150.84485914494132,50.64270564224747,22.66608716476947,149.84473302414858,108.81342638795046,134.97187553961797,166.50614326286012,161.4965462094068,164.47365144104114,138.5671017933956,111.52605129538561,102.22624903752674,89.1235475500778,153.34144455862497,-0.22148556262254715,0.2168651819229126,-0.05992439389228821,-0.2115006297826767,0.4745727591216564,-0.047184452414512634,-0.11018749698996544,-0.21876223431900144,-0.28914690390229225,0.006757881958037615,0.04672790691256523,0.8621090049855411,-0.053460799157619476,0.6745209093205631,0.07909968495368958,0.03308031801134348,0.08773227035999298,-0.12791074812412262
left_knee_block_correct,111.82798561733078,135.4053224874618,29.47517857463522,33.29039912861237,151.67271709653602,37.88764274457683,163.7588753150647,131.15857441955393,168.76346673435933,162.15710201417772,86.31653276520844,83.10457806810261,121.08078171656697,92.660332302948,172.98832051014278,-0.2248716652393341,0.23550978302955627,0.13739229924976826,-0.17253432143479586,0.30790403485298157,0.20246154069900513,-0.3399287909269333,-0.2653164839139208,-0.0022487854585051537,-0.2539784585824236,-0.33932070434093475,0.6978204274782911,0.036792200058698654,0.6217145348200575,0.04546642303466797,-0.0073226995300501585,0.3069418668746948,-0.2927432358264923
left_knee_block_correct,159.32584719867293,160.5091207299319,17.727724967601233,32.365963265927675,164.46215771855637,113.90391023247791,158.90669333053665,174.54478739123095,163.02037929165505,156.8975751943864,119.30099917338862,99.12881633689425,114.69202155566396,91.87946978842979,175.17414210924332,0.0046838559210300446,0.3944912478327751,0.060208454728126526,0.2387082725763321,0.4911489151418209,-0.06270144134759903,0.025571566075086594,-0.033348016208037734,0.33357745222747326,-0.01714662997983396,0.3391984384506941,0.7587593311909586,-0.11595704592764378,0.8175904268864542,0.06036826968193054,0.018728026654571295,0.42078152298927307,0.23149333149194717
left_knee_block_correct,116.77582615944836,161.3247692340234,43.77572474108006,29.730961357843857,142.55196619851847,103.62433241410794,171.69314999969015,163.59430099355936,155.86555244875575,156.98097231097998,138.44054045705488,106.00592087214305,91.92532205538822,92.28464718084034,154.7027180157724,-0.20180801674723625,0.26131023466587067,-0.06625190377235413,-0.1804303228855133,0.5452112182974815,-0.047008126974105835,-0.14611965417861938,-0.18783056270331144,-0.26255370676517487,0.11350428033620119,0.012896779924631119,0.6964466171339154,-0.10111238062381744,0.8008553581312299,0.04050147533416748,-0.012156667187809944,0.12427428737282753,0.03124985098838806
left_knee_block_correct,132.2637212049316,157.80040534717693,29.849102205732727,21.65751035402393,134.7397090113589,101.18525744184637,171.56015775048405,161.3862896554595,158.77159725035503,172.33250101232707,101.75137811625093,98.74494464692158,79.87696397409371,94.78257929188787,168.1281129666888,-0.2640467807650566,0.19673648476600647,0.1369732804596424,-0.24313406646251678,0.4100559204816818,-0.022270136512815952,-0.1424180120229721,-0.2745369868353009,-0.21996071934700012,-0.11329733300954103,-0.016828790307044983,0.7663366300985217,-0.38069339096546173,0.6625416977331042,0.09056738018989563,0.043764738366007805,0.3372056633234024,-0.19774827733635902
left_knee_block_correct,153.5854065036999,151.5816307688856,13.589995938604323,25.080121277575227,169.3675328643853,98.57585752367115,158.53709470842531,146.23299703698038,179.68045608629117,164.93829288370753,119.9707069703346,85.15937402620378,108.21335220872605,106.76298762312898,170.44242743228907,0.11727017909288406,0.3926326334476471,0.2268942641094327,0.17336050420999527,0.5043995995074511,0.013389483094215393,-0.006714314222335815,-0.0400774278678,0.268903236836195,0.004981351550668478,0.058802876621484756,0.6404646537266672,0.38773832842707634,0.6275679967366159,0.027628391981124878,-0.01331245806068182,0.2623349577188492,0.15879712533205748
left_knee_block_correct,94.25877550952373,160.84788678782022,44.073454437275046,8.338162880701857,155.63000653271075,116.15373439387388,161.49975301757846,176.19703442794344,148.69799884821265,157.06371206344878,119.27820790688048,91.75362865486926,112.33873292610178,82.03639168919347,172.00010761287143,-0.13768854178488255,0.20124652981758118,-0.15983222424983978,-0.002532392740249634,0.49128587543964386,-0.11132235080003738,-0.0894477628171444,-0.2844193878117949,-0.08591671660542488,0.029864163836464286,0.0696965865790844,0.819060563808307,-0.08388522639870644,0.7647094724234194,0.02248886227607727,-0.005802924279123545,0.16275309398770332,-0.051309503614902496
left_temple_block_correct,166.1182252831906,145.69861830788855,99.07929955525564,81.0340711675909,105.90306908987543,136.82719620393385,158.98216538714968,137.59462424296737,157.2505841736585,152.3341773203967,116.97892990087934,104.31109833791416,82.68540353368113,129.52130169225404,169.12157797193558,0.3959113210439682,0.046295225620269775,0.008652657270431519,0.37300994992256165,0.0670885443687439,-0.14505858719348907,0.4789578877389431,-0.46809500677045435,0.5803459547460079,-0.5302647076314315,-0.14995718374848366,0.7212345876032487,0.38389917835593224,0.7684768714243546,0.04230940341949463,-0.0009209865238517523,0.4563528001308441,0.2534528076648712
left_temple_block_correct,102.50016025566683,140.86233667119365,83.3811861181993,74.34527571498147,124.97974081240099,116.68267978664115,149.6813142548312,129.06831935428403,149.73146032551583,162.83126431714936,75.29260939180402,91.47222497626427,98.01059730826138,97.13462752138417,177.14702879927285,-0.28435297310352325,-0.0176335871219635,0.08603828400373459,-0.5034080594778061,0.005257725715637207,-0.07597259432077408,-0.28041946329176426,-0.5164814745076001,-0.563909137621522,-0.5978173171170056,0.130847891792655,0.7914374913088977,-0.42303946055471897,0.6154320086352527,0.08983346819877625,0.015351262874901295,0.5438016057014465,-0.35661184787750244
left_temple_block_correct,101.18093866816949,150.02806112072545,58.49030336103056,88.40632817416963,153.54739137678123,136.39363182260053,160.49519556618293,161.09283874862223,145.8319436363819,162.04456166871188,145.587656893026,107.54127062460243,122.04658382429005,103.28251962479445,176.13260948403513,-0.1357867233455181,0.07117930054664612,-0.24944128096103668,-0.20372672379016876,-0.15698808431625366,-0.36444757506251335,-0.04091601446270943,-0.4400027812225744,-0.2683432139456272,-0.8148937941296026,0.24264153465628624,0.76810668699909,-0.44052929058671,0.7942911266582087,0.11672189831733704,-0.005971636390313506,0.5607602149248123,-0.08615481480956078
left_temple_block_correct,81.89237794802396,106.18881969779748,55.27135320401206,42.64448503872786,150.25921350962332,148.15947310156216,165.34726707180192,169.42929266460112,135.23453166771304,160.3362617718723,136.4878492981102,101.75051471777313,114.87880408208346,76.14382875459656,178.4581150828947,-0.09920089691877365,0.04907864332199097,-0.21042147651314735,0.0667269304394722,0.0729658305644989,-0.3943844537716359,-0.0369953028857708,-0.5041316160932183,-0.032710056751966476,-0.5574068436399102,0.20181984826922417,0.7322531333193183,-0.19862376525998116,0.8208165159448981,0.03611591458320618,-0.018638532608747482,0.36403825879096985,-0.023670783964917064
left_temple_block_correct,95.03240889364629,148.6639835954343,59.93978027290569,80.99962885126577,138.95926693323364,126.0756878063665,159.31034683575865,145.14682669763567,157.6344128209228,173.22571653123126,78.41298580459885,90.58049342956225,99.81624978256875,109.21966029535868,178.39260432791409,-0.23202025890350342,0.02488994598388672,-0.024211764335632324,-0.4645014703273773,-0.039209067821502686,-0.13920841831713915,-0.17259261384606361,-0.5095944097265601,-0.5835766233503819,-0.6941149523481727,0.16752561554312706,0.7588627645745873,-0.31146327033638954,0.6816901871934533,0.11955350637435913,0.016927989199757576,0.4610418230295181,-0.2656802088022232
left_temple_block_correct,175.8657035210693,148.95598183191115,89.98744329798973,89.69404222300986,121.36310197667385,136.52959640472946,161.6094587917387,148.73598477969207,176.40732457819837,163.86377198472485,119.1444283483702,92.12631075967599,88.50453055059882,149.08841545451108,172.657536387113,0.34845057129859924,0.027403563261032104,0.2974214181303978,0.44977155327796936,0.02435213327407837,-0.07493153214454651,0.3381054475903511,-0.5156229482963681,0.6885435059666634,-0.6010456429794431,-0.1171565130352974,0.6876263273879886,0.3284972980618477,0.7126495493575931,0.038159191608428955,-0.027368584647774696,0.36527422070503235,0.19605063647031784
left_temple_block_correct,115.98681449017084,120.64882394845695,61.00678867527222,47.81633921782013,160.7349044431634,124.92310418891917,151.2940682150425,141.05580419911013,161.51382513142354,163.3918148793373,106.18087315179177,96.23400455908464,100.35538357712643,84.13291001624486,174.66692956491374,-0.3057931959629059,0.03931441903114319,-0.10245212912559509,-0.2994108498096466,0.060935795307159424,-0.3090854436159134,-0.20735765434801579,-0.45439219172112644,-0.3318988922983408,-0.5530762046109885,-0.2368637714534998,0.7603817612398416,0.150347163900733,0.6460413963068277,0.0922698974609375,0.01298327511176467,0.3152550011873245,-0.2719652056694031
left_temple_block_correct,137.07866337220332,137.76874761430557,76.21673311570463,66.61906658135504,106.51340039769114,126.73330055301177,160.0719645376487,148.15973875188826,167.65346129800946,160.264235708263,123.68279244501826,93.07656545844843,118.43747772831871,108.91028078177877,175.82417122458475,0.22142925672233105,0.01735377311706543,0.18802298605442047,0.40756483748555183,0.09621196985244751,-0.09424649178981781,0.19733077753335238,-0.5372674542013556,0.5070865945890546,-0.5454296546522528,-0.1977822734043002,0.6887527031358331,0.4195430474355817,0.6997637075837702,0.06541186571121216,-0.004453867208212614,0.5274115204811096,0.2458568811416626
left_temple_block_correct,78.20745143100203,123.39100452556156,54.40251870931292,58.68465611225941,142.71808605647985,157.76821367897492,147.98111726267481,169.10823873958313,145.1740249446996,151.02047062061334,127.80819847461429,92.979685650612,119.71693408319341,48.239975149642866,171.29720701632414,7.317960262298584e-05,0.0926717221736908,-0.20393048785626888,0.37173018604516983,0.09343618154525757,-0.15152712166309357,0.12248747795820236,-0.4043439789675176,0.3958606570959091,-0.504316137637943,0.3381826728582382,0.7732402221299708,-0.34605421125888824,0.7102696434594691,0.08588951826095581,0.0071138860657811165,0.5896341800689697,0.07828246615827084
left_temple_block_correct,82.25963784588852,116.05127310090059,33.935152316319794,19.517137162250577,159.86293588162096,129.493889213835,170.21103942139962,166.10543066661077,146.58866931276754,153.5956104530897,119.37131502281603,94.0673837505436,107.47324404883499,80.277796412449,171.48988655660668,-0.04842536151409149,0.041248977184295654,-0.19017516821622849,-0.049997322261333466,0.27040567994117737,-0.33773644268512726,0.11020571738481522,-0.4723401132505387,-0.06971438229084015,-0.32706684502772987,0.033750470727682114,0.8390313622076064,-0.05614502727985382,0.7807583448011428,0.09097564220428467,0.016169970389455557,0.11861014738678932,-0.09702488034963608
left_temple_block_correct,107.4368012667531,117.51051219204648,36.784409923339936,57.302994368427214,105.22433270628716,133.65330578460024,166.13032851222854,163.19292401610898,162.0523904971179,162.40172662051,132.53375869695773,85.01126066726736,106.35101030569719,65.72309943173795,165.37638854314778,0.0746917612850666,0.1952650547027588,-0.14479272440075874,0.3186885342001915,0.1158875823020935,-0.06674058735370636,0.06923594325780869,-0.3134428565390408,0.24316461384296417,-0.4663742487318814,0.3582760989665985,0.6850773985497653,-0.28939855098724365,0.7169513399712741,0.02397918701171875,-0.008430087007582188,0.5940625071525574,0.17418347671627998
left_temple_block_correct,95.52005734979578,129.65814186564572,62.18408744765823,74.67620403402762,175.26708023849156,131.1379449043832,145.34219024129948,170.24235363001392,157.1777423968351,150.64487768594495,125.31646857840987,91.21532012501324,88.9746969634245,95.00399295930873,170.44472405420714,-0.2605203241109848,0.019037067890167236,-0.11933277547359467,-0.08779805898666382,0.09706434607505798,-0.4353023748844862,-0.16692552715539932,-0.4581213570199907,-0.12597168236970901,-0.49083044892176986,0.36846774071455,0.8228596174158156,-0.16253123432397842,0.6906180703081191,0.1253931224346161,0.005303776822984219,0.46849171817302704,-0.11621914617717266
left_temple_block_correct,95.99553521381743,134.68501356591727,51.96659664641114,60.47720841859886,140.63376248040882,118.91981304261107,137.45598926460156,153.36468156535602,142.97416360135315,148.93369367481193,89.62923854504758,105.9591959407211,141.34317499023618,118.89900086251971,169.32210205619882,-0.10620370507240295,0.27961137890815735,-0.11721983551979065,-0.46343903988599777,0.06450545787811279,-0.060964714735746384,-0.028566868975758553,-0.18592452257871628,-0.5594221651554108,-0.5785901173949242,0.4032260775566101,0.7490601912140846,-0.4142519533634186,0.6864416375756264,0.13171818852424622,0.03463338315486908,0.7460009455680847,-0.20874956995248795
left_temple_block_correct,128.08657558023978,132.81768758134962,50.02020840912742,76.16265302187946,144.31003333220966,136.4299363043147,165.05022354515486,136.88955083363945,169.32922737954692,156.41576052152877,118.80882602015431,82.63368634753097,112.07356617499666,138.186495927012,172.05579706364634,0.1338960863649845,0.08635586500167847,0.39228079095482826,0.43398571014404297,0.06490787863731384,0.050396875478327274,0.07220275327563286,-0.397587654995732,0.7362980358302593,-0.5334637145278975,-0.33043696358799934,0.7055196185829118,0.4235680215060711,0.6736856718780473,0.08046141266822815,0.0004898111801594496,0.629856288433075,0.09035883843898773
left_temple_block_correct,86.90877282664398,116.70224209771965,40.02032852345543,42.55611329013308,139.565659089015,152.71196750460265,167.01660171060087,178.40781297006208,141.94561534758697,156.0824066842602,141.3871372184206,108.05569916354892,117.1982205756932,73.96659254603153,179.0704544732777,-0.04760061949491501,0.14403384923934937,-0.19796427059918642,0.13865521643310785,0.08990100026130676,-0.34462479955982417,0.03780502825975418,-0.35981603898108006,0.07755126059055328,-0.5114611331373453,0.16823596507310867,0.7097312267869711,-0.12739025801420212,0.8208795245736837,0.07537907361984253,-0.01545584388077259,0.280047670006752,0.01103707414586097
left_temple_block_correct,43.83200063939782,54.59028915605045,98.36323151101071,42.400407296703186,165.74132610501226,169.46124663083484,175.67745834288723,172.882778878565,152.09367534060215,159.09131051392305,141.70647770984348,114.77852992865357,155.01099055528357,82.65771112756917,177.9132442159956,0.016179710626602173,-0.10263913869857788,-0.017946159467101097,0.07217813655734062,-0.03746628761291504,-0.1555367447435856,0.052421312779188156,-0.661359513993375,-0.005337435752153397,-0.653793002362363,0.08915659040212631,0.7916985499905422,-0.10328289866447449,0.8417731273220852,0.0032380223274230957,-0.003182385815307498,0.1879187487065792,0.07822260819375515
left_temple_block_correct,146.93484840331607,135.96421059171797,12.422207194840148,100.77721928145021,165.3044549158289,136.83120348196348,163.60826549270377,145.4534811175211,171.4704997766735,161.1279258646891,88.12916578038023,71.99186059136565,118.00248017351765,148.25885402025708,173.1439728372234,0.08767493814229965,0.3107639402151108,0.08234641700983047,0.3758774846792221,-0.08254891633987427,0.04731583595275879,0.04816967248916626,-0.1115715476917103,0.6203736662864685,-0.7034010934876278,-0.13138437271118164,0.7013438892317936,0.33869436383247375,0.6554809164954349,0.0916479229927063,0.002106748754158616,0.3927394598722458,0.17263879626989365
left_temple_block_correct,114.23471941543278,155.53214233865137,96.18992584174173,84.4963322586411,128.87431803513272,114.98025923978375,149.94743831350007,153.03101113328472,169.83728562962213,171.36363394732032,96.57978940101853,80.23854412189704,85.92447830331679,93.81916988394802,168.65657720854196,-0.3244883753359318,-0.13316699862480164,0.0694366991519928,-0.4991900101304054,-0.04827260971069336,-0.0984131284058094,-0.283342101611197,-0.591688287910074,-0.5325788045302033,-0.6463225609622896,-0.2626446867361665,0.743571984115988,0.06595807429403067,0.700850831810385,0.14851555228233337,0.03337692003697157,0.270276315510273,-0.3209330029785633
left_temple_block_correct,161.7266100416587,163.33352292793245,8.729201039521255,27.84560888289384,124.86781356406586,101.07796997025193,154.29227201528732,126.75720322201505,143.46079892170474,133.1939365041854,104.81567789886083,78.81835232144128,89.8456362884107,102.45106537253186,167.49553342093125,0.017302267253398895,0.3209847956895828,-0.016832396388053894,0.04314826428890228,0.4007609933614731,-0.09909262135624886,-0.04191906377673149,-0.1383482003584504,0.3103789910674095,-0.07660716120153666,-0.18592891842126846,0.49910551961511374,0.1550488993525505,0.5540067022666335,0.01089543104171753,-0.025849955156445503,0.24985262751579285,0.07569314166903496
left_temple_block_correct,173.01585132745117,117.4827916878077,87.13357015817742,80.38870127354096,133.69022634657358,135.70389852628514,164.41604701735548,147.16520268024735,164.34511329898976,160.0873966612307,128.3142878734542,90.11393899626903,79.28381035922793,143.794085128885,178.49746074826623,0.29742971807718277,-0.04104405641555786,0.3406665399670601,0.3548402190208435,-0.04142498970031738,0.02101808786392212,0.19061921909451485,-0.549841457977891,0.5284614004194736,-0.70518415607512,-0.1029963456094265,0.7320485766977072,0.39115503802895546,0.6936779078096151,0.07908934354782104,0.014490703120827675,0.3990876376628876,0.15288758277893066
left_temple_block_correct,96.79330697306068,133.56920956473638,46.377096483639875,52.510254379541124,149.17385724439973,118.91164428547607,154.9969270060823,155.33392537945582,151.286460911405,172.7002893174877,90.8485540241529,98.02235412287742,118.09136273712159,103.46316241154165,176.94152670956663,-0.2509467974305153,0.1043151319026947,-0.09500548243522644,-0.43305210769176483,0.15318191051483154,-0.09380029886960983,-0.18543504178524017,-0.4133297158405185,-0.5212406069040298,-0.4733012868091464,0.14828626811504364,0.7836941825225949,-0.34049661457538605,0.7063338505104184,0.11588367819786072,0.02080710045993328,0.46375447511672974,-0.28827786445617676
left_temple_block_correct,90.23967885494517,105.93861313717423,81.3832066437156,46.21489876817839,132.37486502346954,157.16172123323338,163.45503175529734,166.78164930117228,157.10352845249994,153.522898531433,121.26295113307319,99.59991779368966,129.3194639388565,81.51425948969633,175.26958146762993,0.06152971088886261,0.033074766397476196,-0.24223573505878448,0.13123292103409767,0.05547735095024109,-0.3595436178147793,0.15745426714420319,-0.49980138475075364,0.10833785682916641,-0.5818984978832304,0.2133127599954605,0.7876078016124666,-0.11964712291955948,0.7573723322711885,0.0502074658870697,0.009838703088462353,0.3023412972688675,0.0557553805410862
left_temple_block_correct,178.76417764690558,113.88452894323973,87.28583870019159,62.0233053908117,117.93063309895922,120.19498314615561,162.68255870357063,133.99866183036463,166.2715304651702,150.95063106679873,131.10156747068012,88.16600238782328,66.02257018898246,123.80292545555723,173.4518116772285,0.4267567805945873,0.03873506188392639,0.11073600500822067,0.3212575390934944,0.08947953581809998,0.06254415214061737,0.4057387672364712,-0.4829648786690086,0.4883756600320339,-0.529111867537722,-0.32775816693902016,0.6589070504996926,0.39871707186102867,0.5896383470389992,0.032499462366104126,-0.020607694517821074,0.618044912815094,0.18508651107549667
left_temple_block_correct,147.46693276781747,128.34541839831502,85.77274425183882,58.063213238936065,161.17188582771985,118.96680981733702,148.4109049232928,141.85674522610765,153.130197838223,177.07369508863778,91.81569441026124,104.22390356829027,82.98260551873335,106.2736790841326,173.55325187101954,-0.4299475699663162,0.0059798359870910645,-0.08004923164844513,-0.41155919060111046,0.027138173580169678,-0.11602832563221455,-0.36037103459239006,-0.47761338390409946,-0.45417148992419243,-0.5927538815885782,0.2490941472351551,0.7882022317498922,-0.3462483398616314,0.6736835893243551,0.0800376832485199,0.028259193524718285,0.5560321509838104,-0.2752614915370941
left_temple_block_correct,72.82592794488448,115.32807880710942,47.60105752313352,48.91096765632386,140.14913567919555,161.53473441619397,164.66012379784604,169.7803547347873,158.43076519730164,162.65955881784308,134.51919030208956,101.07618547671555,124.032041383305,57.57624573578229,177.01016540869864,-0.014624476432800293,0.10861659049987793,-0.17592715471982956,0.3101050704717636,0.03235447406768799,-0.1929045170545578,0.04142370820045471,-0.41632705670781434,0.26707490161061287,-0.59882399183698,0.11252469941973686,0.7686754788737744,-0.14575546607375145,0.8153459157329053,0.06747809052467346,0.0039931549690663815,0.24706872552633286,0.07932230830192566
left_temple_block_correct,164.61767079254673,125.66984071983735,73.71257365078766,58.59811199243123,126.10986529306837,127.77163902350601,156.146657391061,145.314482293069,157.8364981107461,152.80487316052202,137.89004322030257,99.13468219525619,113.86085025823304,116.25889575516933,175.2890215033995,0.36209723353385925,0.0429435670375824,0.37442124634981155,0.384043644182384,0.07537537813186646,-0.003790244460105896,0.293014083057642,-0.4921511956490576,0.4648231603205204,-0.5676415511406958,-0.1753854714334011,0.6948059848509729,0.3642680086195469,0.654623334761709,0.05230545997619629,0.004906053654849529,0.4350309669971466,0.23885854333639145
left_temple_block_correct,105.65495432931117,137.71117481988085,52.475707913920616,54.74569144127546,132.52882627527174,100.02409694563137,157.19015704802706,144.72782772291745,155.94164861311432,169.59542222606837,80.8659873142637,93.6146494692825,85.75054323908972,93.80605422996113,168.61376273290628,-0.23751264065504074,0.03612625598907471,0.33204638957977295,-0.4688528776168823,0.07021620869636536,0.021669596433639526,-0.13260877411812544,-0.43311851052567363,-0.3744499860331416,-0.5229739430360496,0.1238020034506917,0.7652645823545754,-0.3041571853682399,0.6523672458715737,0.1270035207271576,0.02532526943832636,0.41133326292037964,-0.34658315777778625
left_temple_block_correct,86.95652837174532,137.35464403497252,42.12054567899734,50.348949746438386,137.69836430220892,115.98555304804641,164.01825041778918,141.50131931353368,173.34873334649797,173.80997502651894,93.46697091893341,84.37101044570461,107.63091543196118,89.01058976345936,168.82490052896352,-0.2622728496789932,0.03324151039123535,0.16136465221643448,-0.4670114070177078,0.11268231272697449,0.01256588101387024,-0.17420687235426158,-0.44273273181170225,-0.4035672143800184,-0.4666169388219714,-0.376077224384062,0.6962475972250104,0.0669849916594103,0.6998991565778852,0.13613924384117126,0.020527776330709457,0.34189336001873016,-0.3572643995285034
left_temple_block_correct,97.63107654843574,142.28406780956956,42.87313902950786,67.22099596610144,151.16694281482768,123.79870385963709,155.36438346454437,143.89170996011885,161.7899838606757,160.9708893477756,119.67768461625862,103.81932119239907,101.39328070247309,109.08342494695425,172.384035499147,-0.2630030885338783,0.040392398834228516,-0.08861309662461281,-0.4600294306874275,0.045672833919525146,-0.13618668541312218,-0.15059765055775642,-0.4426692770794034,-0.5459570623934269,-0.573677902109921,-0.1763560064136982,0.7999966097995639,-0.035229604691267014,0.6949129654094577,0.14615711569786072,0.02251245453953743,0.10454712808132172,-0.23441937193274498
left_temple_block_correct,74.24644165254973,132.7541304678689,44.97127003851262,47.12434524912642,142.39831221521536,115.25104445737156,161.7510182267014,144.41583511251318,170.06811580436454,169.67374407220123,95.07635855731465,84.61877476326302,126.88347950979659,92.01316874487611,168.40003990258737,-0.23003459721803665,0.06762003898620605,0.014037996530532837,-0.4571400433778763,0.13818970322608948,0.00761326402425766,-0.15716148703359067,-0.41819799691438675,-0.41820038645528257,-0.45032090693712234,-0.3675876983907074,0.6796777471899986,0.035421142587438226,0.685610793530941,0.13493043184280396,0.02792014554142952,0.3108614906668663,-0.34298644959926605
left_temple_block_correct,143.70309674843682,135.1315957509739,60.49356598935394,64.75691745205623,114.69418103528949,133.76261289428513,159.95612763545077,165.32253485296874,165.7128108204846,168.98784782102064,139.48958732017104,88.96932604412545,138.00275758752406,101.1611782290225,171.52900935364008,0.28707602247595787,0.030155211687088013,0.3288862928748131,0.48289648070931435,0.09009787440299988,-0.05852590501308441,0.25010102707892656,-0.5199490594677627,0.53747617918998,-0.546935002785176,0.2784738512709737,0.7232058239169419,-0.13533903937786818,0.7480557751841843,0.04684954881668091,0.0009073233231902122,0.4179499000310898,0.27888431400060654
left_temple_block_correct,91.94986435427424,126.15722651275163,54.99206114155414,49.60938524402503,165.40135247749663,137.72078911138445,158.18526535314277,158.68006580722036,155.99497470928102,152.74118620021144,121.41831966648928,97.604231645426,103.74507364636563,72.59622656711211,172.86183055338688,-0.19110240787267685,0.054118841886520386,-0.18371794372797012,-0.014000490307807922,0.08797329664230347,-0.4448048509657383,-0.04660676419734955,-0.4479907448403537,-0.04624675214290619,-0.5381289119832218,0.09159170836210251,0.8677425985224545,-0.0398908331990242,0.6972488169558346,0.09844622015953064,0.023152860812842846,0.10920454934239388,-0.08036468550562859
left_temple_block_correct,97.01368515388707,134.86795135090227,55.1093673407886,45.173902347826164,134.9269493790399,130.35514814839073,163.6685336391967,147.29693557524794,166.67006308828363,170.7141699521035,97.67908489716505,91.92869650734693,85.3365444280501,79.77884394068417,175.01843135280828,-0.23029087483882904,0.007883161306381226,0.264954574406147,-0.4482676573097706,0.18250513076782227,-0.14746859669685364,-0.153340584365651,-0.48717600014060736,-0.451434439746663,-0.40623348858207464,-0.31279966863803566,0.7287659654393792,0.05029033240862191,0.7208514222875237,0.10586786270141602,0.010456806048750877,0.2775757610797882,-0.3513110280036926
left_temple_block_correct,170.00465678415708,148.24467682866972,86.68425783966926,80.44754626600347,111.13342955813079,127.33314779784628,160.6451496894886,167.0373548908589,162.9077381404474,174.44524792590246,120.37362928378613,83.02752568387416,136.4048518371632,110.93465155633733,177.89364957387534,0.2447103001177311,0.00969347357749939,0.40297001600265503,0.4293728210031986,0.06412148475646973,-0.03981533646583557,0.2239962094463408,-0.5463675942737609,0.5462865405716002,-0.5769128289539367,0.27849929267540574,0.7248886141460389,-0.0783906108699739,0.7413410458248109,0.04618912935256958,-0.00043264729902148247,0.36559708416461945,0.28255030512809753
left_temple_block_correct,125.84998596467148,144.3269307688615,85.58328726762136,55.6626048015963,155.51682126906812,133.2926203048595,171.6596608353754,175.5805788324216,147.9625934343671,163.08913906903535,144.49146816790918,105.0720220285771,98.74985191865959,79.38212355027143,173.93289918831664,-0.24278422817587852,0.07531183958053589,-0.26882145553827286,-0.07417725026607513,0.12615621089935303,-0.5107958558946848,-0.14792939275503159,-0.4484342827927321,-0.1269683763384819,-0.5057912364136428,0.05764095485210419,0.796138595091179,-0.12829630821943283,0.8154289231169969,0.06451931595802307,-0.0034267748706042767,0.19771600142121315,-0.10301603563129902
left_temple_block_correct,97.17754783935374,142.52815359494224,58.373610625522524,53.82287371455473,134.7070500388092,103.71186070308597,164.96714555073905,147.52988322784174,171.8128280391856,170.86932410400712,100.52212134446927,91.48894741290542,114.23241661376446,95.6639734918697,174.27743666652435,-0.2566792070865631,0.046226680278778076,0.009295821189880371,-0.44968236424028873,0.16356468200683594,-0.027268484234809875,-0.18691111961379647,-0.45458942162804306,-0.4425200060941279,-0.4425917516928166,-0.2556710974313319,0.7430621136445552,-0.032711605075746775,0.6938829172868282,0.11362892389297485,0.014514179434627295,0.1692330464720726,-0.3332630395889282
left_temple_block_correct,151.29592524995405,137.2386498095766,65.23812946858509,65.0536635610658,105.17613959152703,134.78814158865646,164.73737402237376,171.80250137784483,168.1764305982015,153.16191242017305,133.34678775038802,106.39408923270247,146.94265272326382,100.59640365666839,173.04385313043727,0.2238324787467718,0.03498151898384094,0.29313256591558456,0.4725025724619627,0.1092066764831543,-0.09517762064933777,0.2038078010082245,-0.49652287061326206,0.5236291438341141,-0.5041576891671866,0.27989743649959564,0.7382040948141366,-0.030471937730908394,0.8188474506605417,0.04368045926094055,-0.000418179202824831,0.2989960163831711,0.25753454118967056
left_temple_block_correct,97.83785294978138,114.18369861050142,55.480670278281245,61.057511350101244,169.00570099230148,135.26815098643996,158.73296725989573,171.0244148441948,156.73706631680733,146.44765903730857,145.64960699486952,116.219767987947,111.71957402999386,93.59084092754635,179.72986153407527,-0.20437511801719666,0.08580845594406128,-0.14859142526984215,-0.06537403166294098,0.10955676436424255,-0.33118388056755066,-0.1462785303592682,-0.3962143376702443,-0.09775622189044952,-0.4959793403977528,0.09797867387533188,0.8734903916483745,-0.08075030148029327,0.7252460703020915,0.10131210088729858,0.004618457751348615,0.16875094547867775,-0.11242831125855446
left_temple_block_correct,97.7603650840361,135.40724655737006,48.13511180925051,48.52255349141043,138.38280955934857,111.88607755004043,174.066155963268,139.20657423549395,165.0286048609529,172.2127177543619,102.50225300750512,105.02341289871113,95.77692535491606,91.41018259975073,172.51995067336583,-0.2800503447651863,0.05018916726112366,0.13964538648724556,-0.4619878502562642,0.1550937294960022,-0.06331966817378998,-0.18530314974486828,-0.43181238044053316,-0.45793196372687817,-0.44495821464806795,-0.25964885763823986,0.7317890776321292,0.02378513664007187,0.6338328374549747,0.12107318639755249,0.030839240178465843,0.19358765333890915,-0.33738502860069275
left_temple_block_correct,151.56372081119895,131.93440556505286,59.22585419735623,60.46849421892644,114.33624910523652,120.81232491719263,154.3614973307665,158.108309162033,157.2949063662214,165.6833119480479,149.5621129123401,99.80262095192822,134.52125688772543,103.68168494804776,169.11803505582876,0.25989750400185585,0.04970210790634155,0.4469471760094166,0.4458882585167885,0.14124587178230286,0.013093873858451843,0.19673343384056352,-0.4787386048119515,0.5107261725643184,-0.4593773770611733,0.27162833893089555,0.5811649572569877,-0.012063942762324587,0.66130614397116,0.02836647629737854,-0.017759453039616346,0.2864599674940109,0.2335403822362423
left_temple_block_correct,106.23531891500672,108.99739996086583,43.233725052447696,29.53794864419909,159.98262195024478,149.43135974089267,158.50271374858988,172.98319140328357,152.54486238746512,130.93395536741357,149.66929157370777,103.29563344259886,102.69566370126941,73.82322310433338,177.7318206703366,-0.18738213554024696,0.13928166031837463,-0.15016759373247623,0.18119722232222557,0.23606988787651062,-0.27375881373882294,-0.11164810135960579,-0.329015203518793,0.16789452359080315,-0.3485118232201785,0.20452963933348656,0.8157479085493833,-0.08651864901185036,0.6432320990134031,0.0764915943145752,0.005232516210526228,0.22085504978895187,-0.05606808327138424
left_temple_block_correct,92.56813271093658,147.57005798301446,63.16713758748231,60.95743354160264,146.73090331598127,75.9268552317313,172.6151921665469,157.96962896714123,170.05930313356336,173.48061407108653,91.99559457032095,81.27081826396282,105.22180068805626,86.97327750827536,171.69872604466414,-0.1833501271903515,0.01574680209159851,0.20594139583408833,-0.4701286107301712,0.07311549782752991,0.07162681221961975,-0.13690057024359703,-0.4622831915039569,-0.3551602475345135,-0.4993702743668109,-0.2731708697974682,0.7596785451751202,-0.037304554134607315,0.7255912448745221,0.08698317408561707,0.003292557317763567,0.17424166947603226,-0.3469626009464264
left_temple_block_correct,138.5867071644629,150.08158887390783,75.44106930020297,59.34661537438566,117.12591841443593,131.53485637254772,167.62977392576735,174.8987950138922,162.6069628103042,156.0417094206762,124.29860547552603,97.30149875870458,159.992886582181,94.45201674207888,170.10747352030276,0.1125078871846199,-0.020069539546966553,0.27990342676639557,0.4847014248371124,0.16522729396820068,-0.11760896444320679,0.013283361680805683,-0.571463986649178,0.4564245129004121,-0.4446018481394276,0.2818445349112153,0.7164243018487468,-0.05471205245703459,0.7619397199014202,0.04476135969161987,-0.0007746622432023287,0.3158318102359772,0.24779842793941498
left_temple_block_correct,99.50867813581108,127.902450598563,58.780461455468874,49.983469628248734,172.1030042003835,126.20366982883274,156.91755331675975,167.69973766671723,162.0478897739305,144.2610278630575,136.08556410046415,102.38467408054385,94.2871494443822,87.73777508553914,173.1168308183004,-0.26458411291241646,0.03155091404914856,-0.11466024070978165,-0.1396622657775879,0.0946308970451355,-0.3894137926399708,-0.14978450909256935,-0.4538608663715422,-0.1713108904659748,-0.5017445259727538,0.0200223196297884,0.8971240944229066,-0.05016152560710907,0.7188482112251222,0.08617141842842102,0.022006499581038952,0.0928015373647213,-0.10049326345324516
left_temple_block_correct,106.16227964908069,142.89632530723406,93.46869031896551,65.5147091608225,132.02126110405828,107.72303731318627,176.55360209058512,146.14639741496265,154.11930580488828,169.70947857235817,96.21175776591588,114.0137182894584,75.62713928974614,107.05294438782117,176.06817618343044,-0.3293258138000965,0.006249219179153442,0.29337913542985916,-0.5147639103233814,0.08687210083007812,0.055549055337905884,-0.29746135883033276,-0.43383318837732077,-0.5781524758785963,-0.4870784943923354,0.12846401520073414,0.8054190510883927,-0.3727579992264509,0.6762588256970048,0.07814633846282959,0.026514654979109764,0.49460774660110474,-0.3328995555639267
left_temple_block_correct,175.509921969703,150.07684659337423,85.94136157733652,77.70192952328233,123.7593533970639,127.6013143502519,164.04270737776403,144.62980011321278,164.95708138149345,164.0635112926164,96.44689961154164,50.71055997803625,68.47664075409543,145.84191074984216,173.01637140331385,0.3717210739850998,0.021297961473464966,0.24261131137609482,0.44734713435173035,0.11169877648353577,-0.017391815781593323,0.31698859483003616,-0.5065877053420991,0.6988048031926155,-0.478325656382367,-0.16963695734739304,0.6281885888893157,0.30766526609659195,0.6316241410095245,0.022234201431274414,-0.016036664601415396,0.37456052005290985,0.16177483648061752
left_temple_block_correct,95.56209243881449,129.7438795890877,77.49781832884003,51.87272769062077,152.75967289934448,137.31768484950402,167.68231538181624,168.49755495013875,140.0327427258877,151.8783748196868,142.88679172859682,106.57602141003844,115.76226921706002,83.59157202958475,173.28997160259632,-0.15910916216671467,0.0809013843536377,-0.20793157815933228,0.017119981348514557,0.12713739275932312,-0.4444175846874714,-0.081784937530756,-0.4256772879161872,-0.0063784196972846985,-0.466786372999195,0.04868626222014427,0.7336454209289514,-0.04908790439367294,0.8248441037139855,0.05142524838447571,-0.006442485493607819,0.13380681350827217,-0.056413400918245316
left_temple_block_correct,133.4991591602603,152.69503763571754,84.9132604199192,69.67783389985617,153.6794168931955,109.93577590535422,156.0480516942987,147.0511709325832,151.10363869983007,177.15869680125064,105.4830151117459,89.29014963737703,103.78974161168955,106.51647203165263,170.9434901813282,-0.3889198750257492,-0.02109682559967041,-0.08280834555625916,-0.48183953016996384,0.023829281330108643,-0.012595295906066895,-0.3060262110084295,-0.5369563945569098,-0.4642637576907873,-0.596619273070246,-0.3788053300231695,0.7285782448016107,0.18841231800615788,0.6869499436579645,0.08450353145599365,0.018982249312102795,0.4673875421285629,-0.32808534801006317
left_temple_block_correct,160.5110516399991,149.4652126157215,22.93510844526623,83.56396386108473,166.6583623950472,148.22302489327606,160.8374801034377,170.60425626626727,158.98799334163297,159.806344024824,143.06578553846234,82.51029762591766,128.74567551365553,105.75827844802485,170.92764252312193,0.045347598381340504,0.3772552087903023,0.15581752359867096,0.48956505954265594,0.03193354606628418,-0.06494706869125366,0.008720760233700275,-0.03377727197948843,0.5516834575682878,-0.5544524915749207,0.3329435009509325,0.7136579029029235,-0.18425258807837963,0.7365014426177368,0.07545912265777588,-0.008162779966369271,0.5146764665842056,0.27189722657203674
left_temple_block_correct,57.043951029905244,117.80243853850625,99.40557734139797,106.24484860170766,162.52176676405662,177.34319986775142,148.8684189271127,168.1681784659318,161.21152919087808,131.06192619717334,142.07284545306422,129.88801714731824,130.7695917903354,71.34679796922693,169.45567460137914,-0.06831860542297363,-0.019505828619003296,-0.15156124532222748,0.2374025359749794,-0.22458189725875854,-0.20623760670423508,0.03392225131392479,-0.511123615433462,0.25899549946188927,-0.8898348986404017,0.09067107364535332,0.8327664554817602,0.0015492923557758331,0.6783072770340368,0.09829306602478027,-0.0017640122678130865,0.11331234127283096,-0.019610337913036346
left_temple_block_correct,109.35960982089536,145.310654664739,72.4610693061292,58.94343089012256,121.75920734033431,107.96247812220781,160.28699296276827,155.30725983409582,155.22932082617456,162.46146557910888,88.27056134154157,99.64747592236832,74.1584194384284,96.70703858852656,169.12571255934134,-0.2877793461084366,-0.0400204062461853,0.23191731050610542,-0.4932039603590965,0.05872499942779541,-0.052154913544654846,-0.14466759003698826,-0.4998546717688441,-0.43927752412855625,-0.5162083385512233,-0.05860764719545841,0.7724158884957433,-0.2901402357965708,0.7369058849290013,0.1214911937713623,0.026358097791671753,0.24104633927345276,-0.3083249181509018
left_temple_block_correct,170.62051353682904,147.93160321414308,25.856072774748217,77.80572325434333,119.2398730034366,128.8220354916828,160.08107423247503,161.78864902852618,171.9092938705998,168.50459254968618,115.5012603108268,77.07405083102026,128.18354562475312,114.8873221196985,168.5149053339975,0.09660240262746811,0.3543473035097122,0.20591943711042404,0.4681684374809265,0.12662291526794434,-0.07049369812011719,0.10340451588854194,-0.12296310812234879,0.6256140037439764,-0.4855799302458763,0.2871461077593267,0.6637444868683815,-0.03356007346883416,0.6961276307702065,0.043498486280441284,-0.024955324828624725,0.32546988129615784,0.2705559805035591
left_temple_block_correct,87.02358207849015,126.71341049672844,52.70793536244676,52.65055652165881,148.80895481273024,95.78017764459112,170.41203202546802,126.56786515674953,169.71873808453705,167.72225861111417,97.66211019603784,105.52986351960136,103.14682115988359,81.1335076227068,171.36049826236146,-0.1874074013903737,-0.0037985146045684814,0.3146362379193306,-0.48058442771434784,0.07702851295471191,0.09910706430673599,-0.17897880263626575,-0.44814039953053,-0.4043066520243883,-0.5201008785516024,-0.3148260433226824,0.6859605442732573,-0.009493701159954071,0.5576058756560087,0.15490129590034485,0.05230974778532982,0.21950748562812805,-0.336374007165432
left_temple_block_correct,152.93738737042523,125.37734458325808,69.12922613050222,68.33518179259728,128.30525184715808,131.2879678208814,146.45722078590467,161.482747113516,161.88568684911831,169.68685181059774,147.6708310144028,88.93851596875598,143.08108243008633,93.96769279777472,172.89350685176314,0.2774661062285304,0.016155779361724854,0.4428435489535332,0.4516956899315119,0.06012961268424988,0.07793910801410675,0.2714751400053501,-0.538035343401134,0.5378980375826359,-0.566233585588634,0.27774009481072426,0.6006062524393201,-0.1133229248225689,0.7051870124414563,0.029615581035614014,-0.01825634017586708,0.4042007625102997,0.28523290902376175
left_temple_block_correct,66.23325780546361,115.87134164582109,36.43273297810206,51.22791848308852,168.9715044056596,139.9836913287505,158.18109872922366,152.52147095640333,156.85216268213924,164.52410678536245,133.84702333727176,95.67390442177712,116.06000794281952,80.09893558531152,171.90016383267385,-0.14889436960220337,0.10356834530830383,-0.04211942106485367,0.060026682913303375,0.1643352210521698,-0.3342235703021288,-0.027542464435100555,-0.3850455633364618,0.047714557498693466,-0.4476189664565027,0.16068705916404724,0.8021476515568793,-0.1879940629005432,0.6228184946812689,0.12578478455543518,0.022179380990564823,0.2776585817337036,-0.07547126151621342
left_temple_block_correct,81.77708643668295,134.38773376704088,39.00434965648806,45.92179604660369,164.94092030873065,148.10662124811475,159.65543067880606,164.59460017657645,164.98529027812407,146.37369149220555,140.4880175606198,122.57260001043767,115.3435875988546,61.41286321685128,175.7433225454399,-0.1301017738878727,0.10405370593070984,-0.12779873795807362,0.17392732203006744,0.18649014830589294,-0.27974233962595463,-0.029599063098430634,-0.38494192715734243,0.1752213090658188,-0.42900108452886343,0.07617058604955673,0.8481219792738557,-0.06328168138861656,0.672439374960959,0.13076797127723694,0.018553204834461212,0.14631084725260735,-0.02374842017889023
left_temple_block_correct,86.68485107144558,139.77659264246375,57.57862128176666,67.94099939154312,144.39927355836858,117.65210832162741,157.0330152497764,147.30776292755712,156.09198316664228,175.61034506484054,94.56312870306056,76.17737345166694,97.59970286918094,92.16304553321812,175.49435326734064,-0.2925580143928528,-0.03074270486831665,0.10858556628227234,-0.49628259241580963,0.0446506142616272,-0.07467358931899071,-0.2523526344448328,-0.5370227713137865,-0.5514090750366449,-0.596159340813756,-0.321257958188653,0.6738093476742506,0.04896110109984875,0.6006266456097364,0.1462487280368805,0.02625274285674095,0.2955501973628998,-0.2952873483300209
left_temple_block_correct,171.7047314144678,144.9337113755967,104.38037689520262,91.3604143748859,147.92798608101864,152.4870130310363,162.0042296489836,162.9881577593893,168.79909918285543,150.79678935093952,119.36274553850708,99.47694222303919,133.74026247761626,80.05815156465623,167.05182804875767,0.44071125984191895,-0.058879196643829346,0.08527127280831337,0.4424152635037899,-0.002087831497192383,-0.1027936041355133,0.6276547275483608,-0.5725177226122469,0.5559033118188381,-0.6068668065126985,0.2891157232224941,0.7508979740086943,-0.15517044439911842,0.7910853328648955,0.05941331386566162,-0.0022705323062837124,0.3989643007516861,0.20304029807448387
left_temple_block_correct,126.46396548168516,128.1865501711963,80.29835692311882,68.8856322292975,171.2691685383059,135.98700137987092,160.50307487756498,170.8953752704413,150.49600748787077,138.23957324601804,121.28630395057975,108.72549017942215,85.24314531268557,89.76942561147676,173.66959042636714,-0.2893940880894661,-0.010822653770446777,-0.19085869938135147,-0.09489971399307251,0.03379499912261963,-0.44775038212537766,-0.16831376031041145,-0.5044675867538899,-0.10193124786019325,-0.5921062033157796,-0.03659728541970253,0.8567784626502544,-0.0409405454993248,0.7256937820930034,0.10058906674385071,0.01499004615470767,0.041870635002851486,-0.13818542659282684
left_temple_block_correct,98.65248737492225,152.78896558391128,80.72444858986192,70.53924415532182,141.8361010833746,102.15747634412821,169.91928778929946,148.06490009714193,171.98210611662128,170.4562766313893,93.57808099482672,86.51494082081531,93.29730862336751,82.55199244591535,172.89124308158873,-0.19870797917246819,-0.05070894956588745,0.26662706583738327,-0.5167945176362991,0.017968416213989258,-0.008690699934959412,-0.14705054927617311,-0.5470184534788132,-0.42582005728036165,-0.5878520458936691,-0.33229241240769625,0.6776996999979019,-0.011546027846634388,0.6583919078111649,0.09559369087219238,0.011285390704870224,0.25858399271965027,-0.31921567022800446
left_temple_block_correct,171.13813561064453,150.59654765097292,85.56113781474154,79.39074249829443,107.43691728878031,126.03871005094037,159.96052194005873,171.93659916582675,159.3174885002392,159.08268275564825,131.58014846747145,89.28361220171283,126.30324710912386,102.97705321256623,174.0644488852803,0.31983366422355175,-0.035675048828125,0.22031865268945694,0.5101444656029344,0.05673834681510925,-0.04691538214683533,0.3113809432834387,-0.5981929011177272,0.5678397919982672,-0.5854787535499781,0.3066560234874487,0.7203772359061986,-0.033018773421645164,0.7320009164977819,0.04286789894104004,-0.009580112528055906,0.3368540182709694,0.2400773987174034
left_temple_block_correct,100.79411951357737,108.44612490748857,56.94191796185123,21.72101277134134,159.98159775041594,152.67009411371987,172.6177107958078,169.6476450654867,147.78944528204738,143.04311968683305,134.87399357248944,93.04324511789395,102.36291410339315,67.18468612732076,166.99480117887882,-0.20898833125829697,0.04065212607383728,-0.19346848130226135,0.23365472257137299,0.17322030663490295,-0.29803095757961273,-0.16552740707993507,-0.4326054910197854,0.20362840220332146,-0.4036416271701455,0.06989003345370293,0.7881515463814139,-0.05730050057172775,0.7461689552292228,0.04938560724258423,-0.0006684139370918274,0.11202843114733696,-0.06387732177972794
right_chest_thrust_correct,90.30911713324045,112.97959671511131,51.54072505172216,56.12521338232173,142.72987443394933,127.44172295591248,149.00846249275423,125.31549534676424,149.52937302896265,157.54661025129602,79.04653912928563,90.35320643686227,123.75402394350678,82.46079573354741,174.18688748860697,-0.21082507446408272,0.1047503650188446,-0.05637960135936737,-0.3145017772912979,0.011917352676391602,-0.26055535674095154,-0.2340953890234232,-0.40701945731416345,-0.41434759832918644,-0.6360642523504794,0.2738955821841955,0.7427330403588712,-0.44112021662294865,0.6106087355874479,0.08883771300315857,7.122848182916641e-05,0.6837865710258484,-0.32334959506988525
right_chest_thrust_correct,84.94421990698099,92.3276849130136,32.41918554386702,45.193658683324024,129.0404255782433,170.5191113400852,160.42510309422934,159.25172947908575,146.34368579822478,157.16255212024618,155.8991647417488,115.18180176557361,117.58126242227989,40.98363366264059,177.51892442249286,-0.028843820095062256,0.1388334035873413,-0.1650819331407547,0.27649740129709244,0.014247208833694458,-0.17930460907518864,0.05303262546658516,-0.36860313219949603,0.23590011522173882,-0.6038674931041896,0.33175553008913994,0.6930393357761204,-0.38217269256711006,0.7870331783778965,0.0521998405456543,-0.004083762876689434,0.565869927406311,0.001837586984038353
right_chest_thrust_correct,157.63214769447276,96.96135224252329,88.49915804358177,71.21427143076663,113.18145958296843,137.86474079694878,153.9535720094505,136.66081095210208,155.3622146857391,151.14383814400404,126.88113751821835,101.69760094453414,75.54996260108373,121.64524754125802,167.69289099182956,0.36812081933021545,0.030856966972351074,0.011719077825546265,0.27304334938526154,0.005591213703155518,-0.016979128122329712,0.43787195160984993,-0.4907127122860402,0.4815329499542713,-0.6180312435608357,-0.23805872723460197,0.688494821311906,0.4091029353439808,0.7398419578094035,0.04771840572357178,0.0008547096513211727,0.532288521528244,0.23477168381214142
right_chest_thrust_correct,77.22225493549398,98.73255088782051,73.65166585873533,54.80912874304206,150.97406350774204,156.7161203761222,159.9888760981535,173.92552383015962,139.4662619614867,156.28307225165182,134.13397363422285,97.76062986749294,120.07836280666088,76.823467295496,169.72913774918428,-0.0754021406173706,-0.0274430513381958,-0.21097590774297714,0.04771319031715393,-0.022374331951141357,-0.29597704112529755,0.05939839780330658,-0.5704106478951871,0.059271298348903656,-0.6454020529054105,0.16585278511047363,0.7327561588026583,-0.19212569296360016,0.7891602129675448,0.07344430685043335,0.015459203161299229,0.34755972027778625,0.009213916957378387
right_chest_thrust_correct,171.0227896176731,96.41193875088659,49.271851802344614,103.50262439987496,148.68216094375666,162.27658513957752,134.3147811738516,93.09023752648993,174.64861113612724,122.89611139898146,91.64950477196416,76.54043143254628,118.21006584045942,156.32954880593584,105.53620317041992,-0.45217709243297577,-0.044496893882751465,0.041543155908584595,0.1578136384487152,0.05955380201339722,-0.2713632583618164,-0.24605496414005756,-0.2753956066444516,0.616428492590785,0.00045135151594877243,-0.14554926939308643,0.6928487969562411,-0.06205460615456104,0.5936660720035434,-0.11838273704051971,-0.052395543083548546,0.09825769066810608,0.12275588512420654
right_chest_thrust_correct,148.6103526745378,147.6115810382279,50.3532949439292,98.093478970206,148.5581154172106,150.13479779748013,161.90176184369773,154.57504885256617,177.6118774011056,173.15873373383081,122.11768255728776,85.97185412944286,112.16601399688493,158.71647916082657,171.56340472558915,0.16747692972421646,0.16075876355171204,0.29066022485494614,0.46204958856105804,-0.03514301776885986,-0.04982858896255493,0.1373360976576805,-0.3105395007878542,0.7691696658730507,-0.6296691168099642,-0.2131764367222786,0.7144725453108549,0.34622881561517715,0.7341588269919157,0.0703936219215393,-0.03335927054286003,0.45895031094551086,0.16043394058942795
right_chest_thrust_correct,96.80411999050526,103.78542146116989,50.02571256342305,56.83703562350604,159.66491533914314,128.24826500020336,146.06634613005716,129.8285348577809,158.03405525379492,166.77710223703573,109.17070910770694,98.65317081435975,113.28320270923695,92.12871373599819,177.50576720911482,-0.2310703545808792,0.08421304821968079,-0.10451667010784149,-0.257032185792923,-0.03897225856781006,-0.2516941651701927,-0.15567565709352493,-0.42341508553363383,-0.31027572602033615,-0.6979885606560856,-0.23558693379163742,0.7323168010916561,0.12898267060518265,0.5290414185728878,0.09835058450698853,0.009944317396730185,0.3004952296614647,-0.2796054184436798
right_chest_thrust_correct,88.21578805600409,85.71263459453775,48.159106842599186,66.58842117383917,135.3416394953352,170.03404286289327,144.89525080685283,165.70292335986989,149.32280157277754,157.2529520562239,120.07224219792914,86.05017544408112,114.20424796368106,57.49304487893393,170.08886032052885,0.06984081864356995,0.0865958034992218,-0.21563437581062317,0.270346462726593,-0.07678335905075073,-0.15924635529518127,0.15298569947481155,-0.41982651106081903,0.2067132517695427,-0.7131937181111425,0.33243895322084427,0.7504430974368006,-0.3083864077925682,0.6840879882220179,0.06693679094314575,-0.0052826800383627415,0.5811423659324646,0.11721630394458771
right_chest_thrust_correct,135.6051167035897,123.69703095381797,27.09435204517464,21.215609826003607,124.1241901493263,126.109979474107,165.58359744810625,166.24970546868616,148.75760393687693,153.3709485787785,125.97828199025949,104.78645925085655,117.44053806054599,83.9644505450571,173.77307297159314,-0.027798190712928772,0.250037357211113,-0.16180366557091475,-0.05889899283647537,0.3446255475282669,-0.3028058111667633,0.11273407563567162,-0.23230787855572999,-0.07081673666834831,-0.2472668115515262,0.057816024869680405,0.8678244079928845,-0.01208503171801567,0.800858887610957,0.0924597978591919,0.014814386609941721,0.0993272140622139,-0.10394268948584795
right_chest_thrust_correct,91.75251287001882,110.22248157172604,51.117528159187685,67.88860998506775,150.27192545411606,123.4062942624158,140.82675970043658,155.49423569366783,156.9008367461687,166.76485259321205,123.47288462383767,97.3785545845847,130.79982178675635,131.8485831874429,169.81407307827786,-0.0785149484872818,0.18091587722301483,-0.19370993971824646,-0.30774974822998047,-0.06518179178237915,-0.09392096847295761,0.03702271729707718,-0.2879268198739737,-0.39310838282108307,-0.6920829087030143,0.2827811688184738,0.8145405382383615,-0.3020906001329422,0.7034257382620126,0.11299628019332886,0.007574635092169046,0.49617868661880493,-0.13254821300506592
right_chest_thrust_correct,104.06994061123116,126.38115536890194,59.00508533579757,73.99366008153669,147.01836361799744,126.0888879546212,144.01177094002875,134.53979541951526,143.2484914606918,131.55765944442655,84.68031205908818,112.14438588222401,142.76065387223798,124.06873217589705,173.5186916410885,0.006757006049156189,0.3733535408973694,-0.07519474625587463,-0.43269533663988113,-0.05710721015930176,-0.07941816910170019,0.04144950956106186,-0.04842174146324396,-0.538642305880785,-0.6991528542712331,0.4077492170035839,0.7456724373623729,-0.416986096650362,0.6365930764004588,0.07721251249313354,0.02666630782186985,0.7651855647563934,-0.2636556997895241
right_chest_thrust_correct,95.49854341872246,91.58465327469891,33.032424424941446,68.03857275469495,160.95955005718736,120.63513116680043,160.52063336517546,139.45153281430055,170.9365701840398,155.63870594988316,91.71696722401228,81.93360413701228,132.01107422672425,127.8403084518019,172.32304825971974,0.03540397062897682,0.1980719417333603,0.21290525048971176,0.19497403502464294,-0.019193947315216064,0.20415261201560497,-0.02358396351337433,-0.2519994820468128,0.4484599158167839,-0.6157536352984607,-0.3927602842450142,0.6543908868916333,0.3460313305258751,0.6531487856991589,0.06524467468261719,-0.010356330312788486,0.6213929057121277,0.05330551229417324
right_chest_thrust_correct,128.97330126946935,96.26718792202577,20.643895246519698,52.323372005929954,111.1299522533654,163.80737586504398,164.13103613427134,162.35683574656136,141.06025454030802,141.95169376162136,144.78785872728145,106.96165215767017,97.39113183099535,81.17591742528904,178.00644342347508,0.10943800210952759,0.21758776903152466,-0.167440764605999,0.3004428297281265,-0.014805793762207031,-0.18311025947332382,0.17457321658730507,-0.2877770649502054,0.2790478356182575,-0.6593671428272501,0.16522124782204628,0.6654620779445395,-0.07365819439291954,0.8451471937587485,0.038885414600372314,-0.010595270665362477,0.2475549429655075,0.15892623364925385
right_chest_thrust_correct,159.38984494423005,97.68490237083947,27.219012732616974,69.43125797025314,160.5295542340593,171.15557632607695,169.7300303104574,168.59029063912817,158.39052158253395,153.49525034378888,145.23101236441883,95.80958098634558,129.0088436154015,115.59475942098724,174.76913583480044,0.060841068625450134,0.3309071511030197,0.13447782397270203,0.21682608872652054,-0.06743454933166504,-0.2914198487997055,0.12386304326355457,-0.11934486031532288,0.238728703930974,-0.7100476622581482,0.1099118459969759,0.7321169376373291,-0.03564988635480404,0.7917412519454956,0.041085124015808105,-0.004655006341636181,0.18450705707073212,0.2142268419265747
right_chest_thrust_correct,163.9870021388113,69.9249769136757,115.34003222006105,23.338641152022262,140.45389797298452,111.40913384816825,168.38694435666312,139.14106375114926,176.83375281188918,159.57741584366548,110.12925384716023,96.73956047772926,40.15494749678163,87.31513124531706,168.7402939606123,0.3624221608042717,-0.18204975128173828,0.2801789715886116,-0.02605345845222473,0.11366695165634155,0.1539404196664691,0.3650243207812309,-0.7267592700663954,0.20141451805830002,-0.4765904697123915,-0.2708449438214302,0.7178873268421739,0.31001513451337814,0.6955657450016588,0.01613748073577881,-0.006371185649186373,0.5093947649002075,0.03740836959332228
right_chest_thrust_correct,115.26542686817145,128.86474166675924,110.86812157204339,88.16217479156415,175.32596507149935,134.96123595979853,163.5098920027065,155.27289148931862,156.32441806902563,167.82510879134898,99.48416479508708,95.96081657902887,97.8433875615518,93.13548877380967,177.81331101850418,-0.2747233733534813,-0.04915875196456909,-0.11060227453708649,-0.22506122291088104,-0.1967727541923523,-0.2597125396132469,-0.25767989456653595,-0.5544727551168762,-0.30851413309574127,-0.8476834999746643,0.12063050270080566,0.82160298951203,-0.3979285806417465,0.7234992278390564,0.045664191246032715,0.001671537640504539,0.46786849200725555,-0.21249786764383316
right_chest_thrust_correct,150.57491992855762,105.47821341789076,93.74627800782683,97.63164488658443,128.60182283541346,156.20299394566217,162.08914922422602,172.27249040575148,153.0583213662334,158.17150582057462,136.97166123720913,100.47902504384602,151.0375896481846,105.92397575415674,177.3601124841311,0.19443990290164948,-0.10439568758010864,0.33010418713092804,0.26682932674884796,-0.25296735763549805,-0.07930701225996017,0.2202826738357544,-0.6546003735857084,0.29629307985305786,-0.9288044489221647,0.12559886276721954,0.7571986996335909,-0.06607820093631744,0.7802554451627657,0.07312291860580444,0.00992572889663279,0.21698268502950668,0.22176259011030197
right_chest_thrust_correct,160.8759803962954,104.23286118152262,76.81146022536345,107.34633778194024,162.04461257375183,143.14123467223743,172.40451239715645,141.24201382066542,170.7820854091604,154.6005942599384,114.18555101451648,98.27799110750361,102.34596213036058,174.36955404065318,174.128268481014,0.17040783166885376,-0.0018613338470458984,0.38638066686689854,0.21665941178798676,-0.20012718439102173,0.02215384691953659,0.10955866798758507,-0.5013770302757621,0.4286152385175228,-0.8355475505813956,-0.1666386015713215,0.7243300238624215,0.3770490549504757,0.7009726921096444,0.061116158962249756,-0.015093959867954254,0.45316527783870697,0.11533099226653576
right_chest_thrust_correct,79.98403094840998,130.96244043259023,51.09846799713695,104.95148255948216,148.09535756262886,135.2111757247187,157.58078504388337,155.34845728252287,146.18355893476993,161.16202847773715,101.96090796100849,97.74275123356222,136.28768545975726,145.66472887733397,177.7439991267318,-0.11409991607069969,0.1001414954662323,-0.19335658103227615,-0.20745232701301575,-0.21806931495666504,-0.04534052312374115,-0.0326879508793354,-0.4390076430863701,-0.2761019691824913,-0.8895255657262169,0.23658136278390884,0.7969029811793007,-0.4067944809794426,0.6933832434588112,0.0898713767528534,0.0036140073789283633,0.5981504321098328,-0.18580996245145798
right_chest_thrust_correct,136.53260902601997,106.8176087724822,61.53615257247075,68.10588268392544,103.03203609250137,154.61711310866818,163.41230074844086,170.0441620286613,160.98581816246906,154.37535544539014,150.98617232508204,97.97422349862065,92.23480336906444,72.88510535852008,171.45048003260803,0.1575435996055603,0.07086032629013062,-0.21107451431453228,0.40275193750858307,-0.09591454267501831,-0.11846092343330383,0.16043565049767494,-0.4785282304510474,0.32798684015870094,-0.7356236567720771,0.05476667359471321,0.7259550699964166,-0.04927981272339821,0.790931404568255,-0.01110619306564331,-0.009503522887825966,0.1265789121389389,0.16023139469325542
right_chest_thrust_correct,89.61688395478248,109.08113692015867,110.45246687224798,67.33500922655023,167.0478145701243,134.99931428243517,154.58893868338774,138.47089914059345,141.6781789627204,131.98073415756014,110.25916015749591,108.8128694452212,132.3781290131016,94.42773313165355,169.40523094986347,-0.2198946289718151,0.046941906213760376,-0.16639123857021332,-0.2506091296672821,-0.07452809810638428,-0.24372076988220215,-0.2680070847272873,-0.45264963572844863,-0.4188584238290787,-0.7013434595428407,0.36620496213436127,0.8028868013061583,-0.4057394415140152,0.7035342031158507,0.0011720061302185059,0.0010644728317856789,0.7042110562324524,-0.22778601944446564
right_chest_thrust_correct,77.18741540737604,99.54295298949425,51.06933482643224,66.65150424026041,136.0120415181797,171.10475377669948,171.77873972506168,170.48363460405903,160.83433024649193,158.89771980922282,130.65946971637854,99.59555778151916,115.17012200132844,62.74260027496555,176.96435554455005,0.020322322845458984,0.0612105131149292,-0.22173705324530602,0.3041970804333687,-0.11621904373168945,-0.19994524866342545,0.09569087624549866,-0.47151976241730154,0.27136654406785965,-0.7755417765583843,0.04364125430583954,0.725062912562862,-0.0007156829815357924,0.782659953692928,0.07217785716056824,0.002266234252601862,0.05128025449812412,0.11734910681843758
right_chest_thrust_correct,141.49432969009618,95.52013328657894,103.68254599974836,35.039378704959766,140.60935265459966,154.879230904769,158.44991137184672,161.62002011838905,154.79641383489712,152.34642447029074,103.92129235703477,74.2446107571681,150.20689821743258,95.26759171456247,179.63434065658478,0.2714788019657135,-0.1575210690498352,0.029434993863105774,0.17737077176570892,0.15497660636901855,-0.2242751345038414,0.3738238774240017,-0.740955610293895,0.15012380108237267,-0.4783513438887894,0.3406774364411831,0.759113650303334,-0.26934385672211647,0.6705643939785659,0.03009021282196045,0.008370309136807919,0.5745354294776917,0.16782722622156143
right_chest_thrust_correct,100.10552136828322,116.37328902836634,56.58327954779186,64.60623880795858,149.1932324841373,123.82184225553576,149.73097332036284,141.2592589164041,149.12968547240783,170.4121303401415,82.73764543540159,96.29950783015745,84.50540888879718,98.53395521080837,168.49344752209927,-0.26973751187324524,-0.020635128021240234,0.0767948254942894,-0.3125602100044489,-0.11116236448287964,-0.20137479901313782,-0.11402658745646477,-0.5219513215124607,-0.2532879300415516,-0.7618305720388889,0.21674607321619987,0.7706623040139675,-0.3475393243134022,0.6634823642671108,0.12680509686470032,0.03105393424630165,0.5379520207643509,-0.2905461937189102
right_chest_thrust_correct,126.3489540985859,140.9921129473988,83.69002395164976,95.01681938010647,114.54268026096616,145.01215604947265,142.26639313749584,169.56246226856328,152.40786286810732,154.95338899767043,105.44218412014311,101.94628685044269,125.79204859859446,117.08798218718391,173.45883729921803,0.1397002674639225,-0.023915588855743408,0.10546320676803589,0.4601496569812298,-0.1029166579246521,-0.08360852301120758,0.1343520067166537,-0.5375504465773702,0.5865325860213488,-0.7491614790633321,0.2483397654723376,0.6230077771469951,-0.18607256491668522,0.741567256860435,0.10210290551185608,0.027085596695542336,0.42312219738960266,0.25841420888900757
right_chest_thrust_correct,93.12380905361476,141.61522571119482,38.769941560972406,64.96165789511385,150.36171362630643,127.82490825304218,154.19120038289694,146.12734978960512,161.7813937826827,156.55635711271503,114.54293636908119,109.71876786690358,101.12768954689261,107.36822460076748,170.7476945690668,-0.25330066680908203,0.038331687450408936,-0.07396630197763443,-0.46573029085993767,0.04067254066467285,-0.14512517489492893,-0.11090685054659843,-0.4317047158256173,-0.5303678326308727,-0.5797504642978311,-0.18990368768572807,0.7820568820461631,-0.040028370916843414,0.6847442528232932,0.16414159536361694,0.032298630103468895,0.11510506644845009,-0.22655852884054184
right_chest_thrust_correct,68.88477911896081,149.51815293982136,46.99114179107068,71.13529927470178,143.5607569516448,93.46829337142762,164.39265906213984,141.20231236796047,166.45850301024754,171.64013671867394,94.46706318094589,81.76040217870874,128.4187899173302,105.81532178010977,168.49310869100285,-0.20666291564702988,0.017707020044326782,0.023536697030067444,-0.41679438948631287,-0.005179762840270996,0.10831622779369354,-0.09871819970430806,-0.461457971483469,-0.33391966280760244,-0.6302611567080021,-0.3688534384709783,0.6894619725644588,0.07269950601039454,0.686132874339819,0.1742447018623352,0.02399914525449276,0.36241431534290314,-0.3154684454202652
right_chest_thrust_correct,107.53536118362301,79.17633973476607,51.88796306943397,49.62723099060019,129.07828564961412,132.39596091819988,164.3292490197463,171.5647634666522,169.370865957101,159.33518417740945,129.25949710153355,88.06090159834491,89.9727340160444,86.18306297595424,171.99480740144705,0.29681533202528954,0.0044144392013549805,-0.08560213446617126,0.31147008389234543,0.018220186233520508,0.12694452702999115,0.2839870089665055,-0.5606441411655396,0.3076564008370042,-0.6247479829471558,0.3040022188797593,0.754215368302539,-0.18775574024766684,0.7329807963687927,0.0200156569480896,0.0004618684761226177,0.46326154470443726,0.2556590661406517
right_chest_thrust_correct,84.69892107231033,95.91088909976968,24.69481063083582,32.007397856767994,163.6408553273436,142.1418443660725,163.89971858811657,151.1848496176251,160.27945686502528,156.4774350413172,125.88902218551472,89.85918469686482,110.98371436440469,74.7619264085912,172.3198183654957,-0.1993439644575119,0.14645719528198242,-0.0727886762470007,-0.03227558732032776,0.0691906213760376,-0.3533656969666481,-0.10046979784965515,-0.32607894646935165,-0.06945190578699112,-0.5580294679384679,0.02721867710351944,0.8402684379834682,-0.10461773723363876,0.7001118112821132,0.09885722398757935,0.01826971350237727,0.0782913789153099,-0.1292771641165018
right_chest_thrust_correct,99.15245614282155,159.1897445148677,74.68595116055639,86.12213364244109,137.89330616828752,119.67998588240788,155.42766996820762,149.1791042103496,164.52201467530836,175.65440252642904,115.57500706319247,90.72388851261998,77.21105973786548,108.37919500845355,177.4733460264882,-0.29233431071043015,-0.08912169933319092,0.126359723508358,-0.48187074065208435,-0.018494844436645508,-0.07676179707050323,-0.21548228710889816,-0.5960404928773642,-0.5777456238865852,-0.6454040464013815,-0.3929355517029762,0.6885238830000162,0.10904325544834137,0.6739184204488993,0.1357964277267456,0.021139737218618393,0.40119469165802,-0.2976067066192627
right_chest_thrust_correct,165.24399701444182,121.25090061634884,70.0491239665527,63.63483060973456,104.61782508585577,130.01207413199432,159.92583629056324,172.04513858633348,164.6810121354272,167.02299786854564,115.87028794920953,83.17475353771019,134.9208162125959,106.77000875073036,174.31603633770962,0.3045105617493391,0.08227241039276123,0.3297794535756111,0.394960455596447,0.10155937075614929,-0.04906731843948364,0.3354543005116284,-0.46886718476889655,0.5064995144493878,-0.5531102737295441,0.3273910735733807,0.7362342158448882,-0.14588917745277286,0.739905146707315,0.0375419557094574,-0.0033754095202311873,0.4650874733924866,0.264447383582592
right_chest_thrust_correct,107.97513525365854,150.8563815578011,31.979770343030975,13.931551381512422,152.30526467838533,108.595867370492,176.25422389412884,179.7503110803497,142.5463308021949,157.9659964388213,138.7216588836856,107.746233296328,103.54738096566012,85.19044859548485,177.43138316570023,-0.19384049624204636,0.1925220787525177,-0.16631120815873146,-0.053365662693977356,0.4234372079372406,-0.13540033251047134,-0.16250614821910858,-0.312039204291068,-0.16392399370670319,-0.10940773820038885,0.1164121925830841,0.7676126878941432,-0.1105276569724083,0.8095193427288905,0.05091589689254761,-0.006707379361614585,0.20776963979005814,-0.06217226758599281
right_chest_thrust_correct,91.29362122479913,133.02566445557838,54.78568353548368,55.72227689142124,139.63643881826434,114.49023500951301,174.99023724869164,142.35129417432836,173.25294588543827,172.65586247305777,98.85866766147123,93.63003720545535,92.14047734907412,79.35517289698448,171.2928073383582,-0.20317582786083221,-0.03378790616989136,0.2782815098762512,-0.47583676874637604,0.038626670837402344,-0.09166384488344193,-0.11620855407090858,-0.5144281764514744,-0.39577118383022025,-0.5654053469188511,-0.18992114887805656,0.7861594180576503,-0.07818304077954963,0.6836418728344142,0.13374459743499756,0.02127224486321211,0.06752513349056244,-0.35406477749347687
right_chest_thrust_correct,166.54232453991557,103.60228354008372,86.27445596317146,63.336452697688266,148.74831964490014,145.70382060338918,162.7247506177239,172.18297137698187,170.75322484040058,153.03362180231548,123.16618876097588,100.12903273152855,131.03494496838823,102.84595697084207,171.01415399758645,0.42967720329761505,-0.015062510967254639,0.10478553920984268,0.20398173481225967,0.06954494118690491,-0.11056478321552277,0.5190449841320515,-0.5832000279333442,0.20119667425751686,-0.5514282488729805,0.27014415338635445,0.6997336244676262,-0.03153421729803085,0.773873338708654,0.00825434923171997,-0.013000983279198408,0.2980100139975548,0.22442903369665146
right_chest_thrust_correct,82.25825599333585,126.26752265807303,45.1187719777582,18.605194256636455,166.23702043166617,108.04481771680655,158.92248475871165,165.06248369103514,153.5000535643239,146.17961052231874,145.38608330109957,118.77463305197666,105.50373620915283,78.44585441457427,177.75357140527967,-0.17411171086132526,0.043379396200180054,-0.12935352325439453,-0.06801214069128036,0.28915858268737793,-0.20779478177428246,-0.08331899344921112,-0.4607711078133434,-0.14806265383958817,-0.27350136055611074,0.08173070102930069,0.8425044475588948,-0.10558992624282837,0.6619198380503803,0.06682264804840088,0.00836495915427804,0.18051574379205704,-0.10869481787085533
right_chest_thrust_correct,94.3238958535385,140.48919163167128,48.11219482175817,47.70698870217604,145.19723108339315,113.42368059644954,171.29730858868786,140.95197614550023,168.81671147225543,168.3089002397573,96.14521936232813,95.5014020518818,99.72206606581972,90.52754003218931,167.81166740815584,-0.271020770072937,0.0033128559589385986,0.11139190569519997,-0.4432079643011093,0.13868188858032227,-0.05301889032125473,-0.13245750404894352,-0.4772197171114385,-0.3823613617569208,-0.4583809836767614,-0.24838257767260075,0.7546495036222041,-0.04703170247375965,0.664241595659405,0.14237132668495178,0.03205184172838926,0.14309580251574516,-0.32553234696388245
right_chest_thrust_correct,161.15252994058866,128.66901036253606,69.48494301022498,58.59165541945622,127.42604201842435,116.78508294344412,152.3145255324616,160.35452909460926,167.2181497998493,161.93167177549174,143.2230138151787,104.30058320584799,142.32759863961803,96.41914883457608,174.75706184755273,0.2482597678899765,0.044942647218704224,0.4124345928430557,0.42589736729860306,0.15135860443115234,0.10202620178461075,0.20537630189210176,-0.5053965038387105,0.4805718557909131,-0.46719347301404923,0.2120973812416196,0.6314076596172526,-0.016092984937131405,0.726929169264622,0.03412872552871704,-0.008997224038466811,0.23690450936555862,0.26612137258052826
right_chest_thrust_correct,94.37687658432583,171.7094702819202,41.06026506941562,15.341143937470545,165.87235078073275,108.67176389389792,158.88349959977765,166.17477207527486,153.65943900979198,149.5445113239651,146.49885339099842,108.77456796147351,103.94979306122683,79.18385405099113,178.25662091016233,-0.207083560526371,0.11682745814323425,-0.11818180605769157,-0.08061450719833374,0.4231948181986809,-0.10793240368366241,-0.1407155878841877,-0.3688174735289067,-0.17290842905640602,-0.09175014006905258,0.14389048144221306,0.8368586946744472,-0.10223456099629402,0.6834866453427821,0.0809432864189148,0.009204466361552477,0.21215318888425827,-0.08281660452485085
right_chest_thrust_correct,106.44095611162767,146.2808020335144,74.93611900238858,62.30010040133677,135.14105430351,105.99749614414317,166.7978734658555,156.99734249613965,170.32902505445475,173.09302124309193,97.24664477314398,90.06196392383444,85.82823174965424,93.85455799611422,172.08640263790036,-0.25838861614465714,-0.010069161653518677,0.15931271389126778,-0.4732495918869972,0.0725860595703125,-0.07379885762929916,-0.16393608506768942,-0.49437481854693033,-0.43179189320653677,-0.506749636871973,-0.21070646401494741,0.8272108962701168,-0.04930111672729254,0.7829912235902157,0.07741937041282654,0.005720373068470508,0.11237633973360062,-0.3281867355108261
right_chest_thrust_correct,157.1767799752843,142.04415441078095,81.56116474712857,59.58849777491798,100.2545146459185,108.49495209075953,168.2028639101675,171.29686416818922,169.3612989945397,160.5789325891552,102.62169235016646,69.97436374730614,99.02780414877465,114.78746813568281,173.13076319757747,0.3084968328475952,-0.03591075539588928,0.26046131551265717,0.45036834105849266,0.13554289937019348,0.007002606987953186,0.16386636160314083,-0.5850529442541301,0.4971002247184515,-0.5105328927747905,-0.02628088928759098,0.7671836246736348,0.16837902925908566,0.7214195360429585,0.07351180911064148,0.029685589484870434,0.14265259355306625,0.2385392114520073
right_chest_thrust_correct,89.95709734390508,157.4566941485145,77.79443536491348,69.42959035069097,172.97228782074586,125.27410514082536,158.24460555973317,172.99005431869895,156.64855936585136,148.74269149078228,129.41102011592537,98.6991009776519,114.01685567663482,84.21555469515525,176.7388835768375,-0.2080944925546646,0.05721190571784973,-0.19394982606172562,-0.06731776893138885,0.08780741691589355,-0.46225840225815773,-0.13844824209809303,-0.4285465581342578,-0.118661779910326,-0.4982179803773761,0.17787228152155876,0.8563677268102765,-0.03003103844821453,0.7838583784177899,0.0869637131690979,0.0005064830183982849,0.20291926711797714,-0.08669444546103477
right_chest_thrust_correct,89.17643745281322,158.4369581948578,91.5281987091363,78.15637022841189,148.17436058637384,94.99754458623491,160.7179516151725,137.19679078723837,166.381682540969,175.78590378809488,94.62149759656003,87.68847688302927,107.48283673908766,86.53502680314521,177.65374926373858,-0.2290603704750538,-0.021090954542160034,0.09057831019163132,-0.4982353337109089,0.05345475673675537,-0.05032827705144882,-0.21916429325938225,-0.5005832333117723,-0.4767335467040539,-0.555238189175725,-0.3606700114905834,0.6829668860882521,0.05099577084183693,0.6076690535992384,0.10114437341690063,0.033864229917526245,0.3422488123178482,-0.30033406615257263
right_chest_thrust_correct,177.0109041028115,143.48790307197,92.77082077838534,75.15108964272146,147.02872574791596,128.67067451105433,163.89631492538717,155.28469371921918,171.6193908032928,168.43991262443726,117.94505812995045,56.822252124347,68.76943845358763,142.11703074066176,175.09736139752,0.37592020630836487,-0.08271455764770508,0.346809059381485,0.4073973372578621,0.04086035490036011,0.005833625793457031,0.2327638640999794,-0.5733211571350694,0.5506724193692207,-0.5898073250427842,-0.14662154763936996,0.724949068389833,0.3262102082371712,0.6414622729644179,0.1005125641822815,0.019366083666682243,0.39461345225572586,0.13516954332590103
right_chest_thrust_correct,104.01988892607756,157.38404924060288,90.95040361612078,67.81912899168773,175.39819986314257,127.0124648585041,156.6509630305515,168.99155667918617,154.28909883482524,158.26845206514514,120.13649658551742,105.39039111136029,110.59838157251977,72.31546129723138,171.89185140908765,-0.21403518319129944,0.06330755352973938,-0.22685152292251587,-0.03461778163909912,0.13899821043014526,-0.46267734095454216,-0.1239979974925518,-0.41616843896918,-0.06555889919400215,-0.4536094244103879,0.002356826327741146,0.8608073417562991,-0.05344979837536812,0.6909904901403934,0.08090946078300476,0.0193510833196342,0.09155694395303726,-0.12968994304537773
right_chest_thrust_correct,121.38703675687564,132.03604369064112,74.88865706925328,53.54067071200719,141.59349608891932,107.66121777057278,159.06316430797438,144.65765625864873,145.64128304621295,145.99750092267138,88.63145265444811,100.34430856775457,109.66755632724544,94.0798589492269,163.31107138154007,-0.41736752539873123,-0.058327436447143555,0.02908724546432495,-0.4063669294118881,0.006394565105438232,0.024776190519332886,-0.3295064717531204,-0.540481205098331,-0.2836664766073227,-0.6093005491420627,0.11731281876564026,0.7998027252033353,-0.31857921183109283,0.6115852044895291,0.13764053583145142,0.05635293014347553,0.4306422919034958,-0.32656921446323395
right_chest_thrust_correct,145.0870569017277,134.87009653335429,75.51216434471509,58.496101182237425,135.15878586555567,155.0134730876222,166.32174101086807,159.49007513120495,158.83403922376903,148.3605792544381,125.45774680619725,89.90837909644999,131.44945730760313,107.61955962921502,173.99462389235381,0.3562891520559788,-0.023370832204818726,0.087787926197052,0.30751611292362213,0.07924038171768188,-0.24372009932994843,0.3713734573684633,-0.5442849694518372,0.3009736961685121,-0.5519213973311707,-0.04350161040201783,0.7426819504471496,0.2544670826755464,0.7563066781731322,0.0991692841053009,0.0075562146957963705,0.23312927782535553,0.24308088421821594
right_chest_thrust_correct,98.97054002365674,94.30159189602604,45.48994826282427,32.37193316895581,148.97686512380355,145.72585830762037,169.88452528091958,169.57195924894407,130.31478699021523,148.58248425744813,152.89613174243487,114.42729342379306,84.32213839892457,84.72166690510859,175.61236226742835,-0.21777720004320145,0.04739898443222046,-0.11253082007169724,-0.02536911517381668,0.07250949740409851,-0.32230281084775925,-0.09929271787405014,-0.47752085025422275,-0.04774007573723793,-0.5471318333875388,0.046538129448890686,0.7009865075815469,-0.06840561330318451,0.805495920823887,0.05686149001121521,0.005170668940991163,0.1549367532134056,-0.0921054482460022
right_chest_thrust_correct,111.15139047787663,145.9539918521016,70.01074810888898,62.79092640911293,136.15297913012796,113.07027291252544,159.0755776401227,157.34145578425316,153.35022284212667,160.76049223449044,91.25882294773665,107.88381569770787,68.25938765105201,95.47270110141409,168.6177817090406,-0.294102743268013,-0.08117407560348511,0.28675527125597,-0.5042731538414955,0.011972784996032715,-0.08518106490373611,-0.1485337931662798,-0.5384496464394033,-0.45890084095299244,-0.5540687455795705,0.05320401303470135,0.7819482074119151,-0.231972711160779,0.7757368073798716,0.12758302688598633,0.021656186319887638,0.27700210362672806,-0.2949221059679985
right_chest_thrust_correct,165.66095724832522,150.42684677347447,69.7527989244384,78.60216696695433,134.00235611368313,141.54873036062202,164.08574110619142,163.1235715894123,158.48593584889713,168.8597828033956,163.83997974722305,91.17860166283594,140.97539300406555,118.27347105747367,171.5193152593068,0.2431619055569172,0.047950685024261475,0.4575485996901989,0.44851475954055786,0.049001097679138184,-0.09776553511619568,0.19613238773308694,-0.4639305085875094,0.5559714396949857,-0.5651468546129763,-0.029703427338972688,0.7533368556760252,-0.11389975645579398,0.7448065965436399,0.051631659269332886,-0.004086567088961601,0.14147702232003212,0.2566736228764057
right_chest_thrust_correct,80.38191233964072,142.03998443976224,107.37041337808276,53.673536544439024,152.3092996602003,73.2799784685809,143.3778801473082,126.60955059251873,131.89983027021293,134.8269374663291,150.01671447872732,128.96163869903106,132.61143402014997,118.51445052832354,126.7335349221479,-0.2537400871515274,0.09441334009170532,-0.19818270206451416,-0.3457109332084656,0.10515433549880981,-0.05470201373100281,-0.039213160052895546,-0.22487524710595608,-0.23673547990620136,-0.21527992747724056,-0.6429708022624254,0.27804958261549473,-0.6021780986338854,0.16773147322237492,0.08555498719215393,0.09849419072270393,0.01916980743408203,-0.11812588572502136
right_chest_thrust_correct,93.69469605332858,149.1980347515295,79.61784578621385,73.64341990058871,138.85936585026326,88.92205864469601,160.7718901630592,134.5390639644408,171.27654802781328,171.72613828688307,101.55573671905225,92.17723170724472,98.66723252619636,84.47678645996723,171.2466968846163,-0.22652092203497887,-0.0397813618183136,0.28910600394010544,-0.4999159872531891,0.05558985471725464,0.05669853836297989,-0.26146919932216406,-0.4742201529443264,-0.48761926498264074,-0.551664438098669,-0.3276960691437125,0.6996053792536259,0.011936423368752003,0.5715828277170658,0.17061898112297058,0.06380333751440048,0.2745913341641426,-0.334802471101284
right_chest_thrust_correct,168.91483121290923,132.7457987101436,89.57355655372861,85.85947286687035,132.99466851813958,134.15941655502212,144.46816252428331,158.6515082490293,162.86314935723848,163.04862380152704,144.42993273097883,92.62281392448253,135.95050750456087,99.64125730384696,172.51182766937276,0.3168018162250519,-0.020798861980438232,0.35317371785640717,0.43258683383464813,0.019456863403320312,0.046874210238456726,0.39215362537652254,-0.5899674091488123,0.5889424728229642,-0.6134485993534327,0.2329658316448331,0.6463617291301489,-0.13751658331602812,0.7239580359309912,0.02433335781097412,-0.01778537407517433,0.3860946595668793,0.2760608643293381
right_chest_thrust_correct,90.30018299810956,152.12106260440717,72.37937025174375,65.38550450311482,160.51220606812555,131.45272909233975,156.16322865889987,162.248431634801,150.66684126654863,155.2225788402446,136.74230637284327,88.44291993709243,117.06544510915336,79.9300182122959,169.18654075136502,-0.15432242304086685,0.08733782172203064,-0.23652642220258713,0.02419869601726532,0.1640910506248474,-0.4461972340941429,-0.014742671512067318,-0.3988265390507877,0.029942883178591728,-0.44222170067951083,0.14203574880957603,0.8017863337881863,-0.1343674100935459,0.634572118986398,0.13099560141563416,0.023579067550599575,0.23850971460342407,-0.042813122272491455
right_chest_thrust_correct,84.7120954448801,116.80397258610971,43.675623914878514,38.929683023538665,163.69612379423984,129.44952895594446,156.9443813158663,146.19453976063028,161.860954429036,163.97894384831548,124.81522570290345,110.01838250059322,107.27524759985401,75.66984968674845,176.3681967657656,-0.1950194016098976,0.06342163681983948,-0.13428141176700592,-0.060689233243465424,0.1481706202030182,-0.37665922194719315,-0.08440405502915382,-0.46487957797944546,-0.12472644820809364,-0.48519799672067165,0.05376703664660454,0.8276675585657358,-0.08604057505726814,0.6277013663202524,0.08155092597007751,0.02222912386059761,0.14735662564635277,-0.1339089199900627
right_chest_thrust_correct,101.58617004326987,144.55568261765126,73.21558546540743,75.06646704906743,140.66822026662985,112.60954417538429,163.41905753153094,141.9969186517053,164.06778690704934,175.59942732387202,93.80944119287051,91.963116312899,100.22277564948769,96.84371870464089,175.97751738601636,-0.28508470579981804,-0.030297458171844482,0.06732343137264252,-0.4894358292222023,0.01549983024597168,-0.050713494420051575,-0.2646615656558424,-0.5430653515504673,-0.523466661805287,-0.6130870404886082,-0.2626883538905531,0.7770726260496303,-0.026906687999144197,0.694870847160928,0.09348535537719727,0.009826247813180089,0.19910311698913574,-0.3063685745000839
right_chest_thrust_correct,151.24165649953756,148.52053148151055,64.2517035208157,77.00294940181632,74.14336459724777,142.5206156556025,164.45366678450878,168.9776973190242,164.58935889724503,157.5473718988224,119.91900746005496,97.29201107720883,143.5893126391262,87.28826813409717,172.83061678835992,0.17833906412124634,0.05751904845237732,0.0951998122036457,0.4834667397662997,0.07699862122535706,-0.1055399477481842,0.23611754551529884,-0.45680229051504284,0.5648750700056553,-0.5357577620306984,0.25874853506684303,0.7356786908349022,-0.03906857222318649,0.7782647194107994,0.060158103704452515,0.002125422703102231,0.2869160547852516,0.2215554527938366
right_chest_thrust_correct,90.08772303523514,161.7387200665668,69.50407197105511,45.036401314423905,169.9609577556937,125.07878401590334,162.47911667649578,160.79821191334773,156.31432973589244,159.63002592951037,128.8359839156975,111.7787751671375,116.8335812631464,69.71869615334569,175.4494893910059,-0.1320917308330536,0.049574583768844604,-0.18111710995435715,0.012561164796352386,0.30563703179359436,-0.38510815147310495,-0.03601543605327606,-0.42799073550850153,-0.00736577995121479,-0.2665028581395745,0.08857426047325134,0.8752949228510261,-0.003559563308954239,0.6972285499796271,0.10974806547164917,0.018382186070084572,0.11555757001042366,-0.06078894529491663
right_chest_thrust_correct,144.99777313874858,177.03740488869005,159.27834345580538,152.5569793717335,142.48235401657598,135.78801370730181,144.37824486197403,165.78751506190957,108.12671296933428,150.2510021766107,64.92978660256475,102.12925312933257,106.85476942436597,65.6158189994438,20.979239565435265,0.04787743464112282,0.35253655910491943,-0.013819113373756409,0.029248178005218506,0.3577066659927368,-0.2149086929857731,0.030770551413297653,0.835272547788918,-0.20909082517027855,0.8783522816374898,-0.3073236010968685,-0.3664614586159587,-0.15885278210043907,-0.6041132835671306,-0.005155026912689209,0.025794995948672295,0.15242686867713928,-0.20773335173726082
right_chest_thrust_correct,168.2976895844749,148.78306206282426,86.33300765932113,76.17754188147376,136.43531268949644,136.3730302277716,158.0943688027718,170.88440835801367,160.55856592255992,168.80977967583402,130.8752564584102,102.09379727792484,138.35112091907078,112.85212269483496,176.55157618571084,0.23931621760129929,-0.042453885078430176,0.3939918056130409,0.4650717154145241,0.07711449265480042,-0.03830063343048096,0.1911864704452455,-0.5876158914179541,0.5508960313163698,-0.5499864658922888,0.3085827655158937,0.6936258235364221,-0.04028206551447511,0.7605316796689294,0.05985212326049805,0.009563794475980103,0.35243235528469086,0.2540764734148979
right_chest_thrust_correct,81.11728775074087,100.38697006902359,48.65881421593847,36.5039177850839,155.6606320948141,148.12787056569556,168.53084724835904,169.8306597743031,153.01078109291942,153.45060873907715,126.52618989456641,92.43216773285896,109.89090720299673,63.996901656995995,176.46591976318027,-0.19331789761781693,0.054306238889694214,-0.18567605782300234,0.05492527782917023,0.050085365772247314,-0.43434129655361176,-0.12996641546487808,-0.47243749373592436,-0.06298299878835678,-0.5774800109211355,0.12078342586755753,0.8417231512721628,-0.03775692731142044,0.7939872813876718,0.04494112730026245,-0.011393055785447359,0.16038469597697258,-0.08370264898985624
right_elbow_block_correct,96.11773718980746,138.34653211938357,66.39759785305607,68.69053102034059,139.39006206261612,110.31701723142461,134.6719175938627,141.6796037847194,154.18219074658208,170.13557513819526,106.78680984961495,97.77627507186267,130.98826277138755,100.74825962593732,175.291266336777,-0.186433469876647,0.04268532991409302,-0.1914990097284317,-0.4272449389100075,0.06904542446136475,0.010140568017959595,-0.16293268837034702,-0.45783312199637294,-0.5370259825140238,-0.5704805958084762,-0.4245195332914591,0.7279738080687821,0.19673738442361355,0.6184286368079484,0.1411224603652954,0.01911730971187353,0.5127962529659271,-0.3023233860731125
right_elbow_block_correct,89.0054042366152,149.3448155152433,37.252586012255854,57.61630245879298,164.24414256025966,134.91187824286462,149.1957809252316,154.87703267621922,161.06756189397836,151.12416372250598,125.84291072330593,97.28199265196284,110.58040425713175,84.85999203128824,176.90721748667366,-0.13447922840714455,0.1323055624961853,-0.1762128472328186,0.002942129969596863,0.12420085072517395,-0.4437652323395014,-0.058152373880147934,-0.3586010590661317,-0.061968788504600525,-0.475390161620453,0.37149151787161827,0.8216790601145476,-0.36206981912255287,0.685718898428604,0.10525882244110107,0.0033221435733139515,0.6388005018234253,-0.002890298143029213
right_elbow_block_correct,173.7319736370496,163.87587359545807,32.68226578314943,54.38010751691496,147.75107760440386,128.8582319872072,156.03432349761874,131.79358265313954,152.31242346911813,145.44820312707935,127.03094373585184,108.13790091923406,130.37240784913917,122.01517042660824,168.64483876415846,-0.05206529423594475,0.33337315917015076,0.2486187145113945,0.33814021944999695,0.37512388825416565,-0.14725784957408905,-0.039662571623921394,-0.12700867629610002,0.572084566578269,-0.1352511045988649,-0.11491779424250126,0.6704512836877257,0.41499253176152706,0.7631002666894346,0.014713883399963379,-0.009055964183062315,0.4390771687030792,0.23159917443990707
right_elbow_block_correct,88.69004037010029,150.36379921194933,49.796233338897494,55.734206554437066,147.9760297922451,135.50892278439676,167.763587247264,172.4244839881577,147.29929725627852,159.02988280939624,130.96123553435373,101.34858488509816,114.96115804810788,87.11903357177005,177.49191256828817,-0.0835718959569931,0.11193236708641052,-0.21634090377483517,-0.007433608174324036,0.1566198468208313,-0.4794937204569578,-0.003389257937669754,-0.43517594260629267,-0.0726475715637207,-0.45225225610192865,0.13994202762842178,0.7267019875580445,-0.2389078214764595,0.7735108860069886,0.07691553235054016,-0.0032997799571603537,0.34006522595882416,0.017406007857061923
right_elbow_block_correct,76.63017147341776,111.26954924249742,51.751551639359754,46.907603499860855,159.1936943136259,150.1319204100345,153.94811934954706,173.39398850169826,154.68448809262202,146.0088531782911,129.0548220736884,96.39163699110449,106.74505037403127,78.19507770322318,169.92470046491457,-0.17338944971561432,0.05351126194000244,-0.13869039341807365,0.13858497142791748,0.15546870231628418,-0.24264658242464066,-0.05172063410282135,-0.45780395972542465,0.1629767194390297,-0.4316229473333806,0.11676932126283646,0.8409697760362178,-0.1449422761797905,0.6994170893449336,0.08618491888046265,0.014955656137317419,0.26197660714387894,-0.005085822194814682
right_elbow_block_correct,96.19241275336091,145.46211646347376,51.83119147954642,60.2343949526314,143.1169774766506,125.88412354792935,159.04895712226372,143.1395853857901,155.25395345643722,176.05443136362584,82.1031511229482,95.39214158870446,102.4771773667078,105.38586218846652,177.73140637654353,-0.22850055247545242,0.05596759915351868,-0.038390643894672394,-0.4814939349889755,0.12800264358520508,-0.13023317232728004,-0.14302890375256538,-0.47301076725125313,-0.5888735242187977,-0.49298976734280586,0.14571889862418175,0.7717400304973125,-0.3083571381866932,0.6863383762538433,0.10694903135299683,0.027584534138441086,0.4434060901403427,-0.2676083371043205
right_elbow_block_correct,100.56515249196906,145.32434359364703,61.662631632243894,65.1964867776513,139.8557619782575,122.59455106275323,150.52508782368997,148.47669104944526,150.777045555855,171.1582024831311,102.5719532886604,88.23673939494356,103.59194429515631,95.0235968467919,176.05533209095265,-0.32524294406175613,0.006721943616867065,-0.0393393337726593,-0.4838964082300663,0.07297706604003906,-0.14057951513677835,-0.23635794129222631,-0.4989632423967123,-0.542085318826139,-0.5530276950448751,-0.309083997271955,0.7103385273367167,0.20040196273475885,0.6826917473226786,0.135885089635849,0.018826212733983994,0.43412068486213684,-0.3201169818639755
right_elbow_block_correct,143.40856940198717,147.10744610028192,41.65723985305493,79.3818671153634,145.97433025946412,140.20299058845137,161.07616384917148,144.20771331829246,171.14377456244353,158.45801237656045,114.72878685737719,88.89878487397934,119.14536805657478,142.22735570316502,169.63600159641004,0.14180216938257217,0.2121279537677765,0.252027302980423,0.46895311772823334,0.1432620882987976,-0.07189865410327911,0.1348370909690857,-0.2717730444855988,0.7819931954145432,-0.4369364124722779,-0.13244329392910004,0.7041531163267791,0.3102196902036667,0.7234834986738861,0.049440205097198486,-0.021648176945745945,0.3607713431119919,0.20786930620670319
right_elbow_block_correct,162.20457274383278,142.489568089699,77.14204412899295,83.99970518632423,126.70818583380648,134.58260214638088,152.56013586761014,169.95080089769033,167.39728050188887,170.84975316304514,130.38707250498055,82.2561381937872,105.66339920002257,126.29588201095369,173.29679858784584,0.35903533920645714,0.012105107307434082,0.35022415965795517,0.4832400381565094,0.06342843174934387,0.004114121198654175,0.3603039812296629,-0.5177941352594644,0.7067914735525846,-0.549669447587803,0.301379157230258,0.7139183848630637,-0.13313125260174274,0.7283576696645468,0.056543201208114624,-0.0024396046064794064,0.4400303214788437,0.2458234801888466
right_elbow_block_correct,152.40054146197593,90.3133080333938,61.95600241297598,80.4216896031196,142.952860948318,131.3445050434979,141.0909823893211,159.48671735441692,168.7655274734865,171.47363331251032,138.13011725152649,79.49046328632924,103.70643904508555,119.08169751374749,175.88305168364465,0.31744684278964996,0.013694912195205688,0.4559347778558731,0.24138029664754868,-0.13924342393875122,0.2011091187596321,0.22413705755025148,-0.49086551804794,0.3424519347026944,-0.8018758787657134,0.2953492747619748,0.5230856643174775,-0.07314965408295393,0.6948616610025056,0.07520690560340881,-0.009247512905858457,0.3982498198747635,0.1969103217124939
right_elbow_block_correct,90.4757726617572,116.75991873139242,25.92513300315982,35.87316680536512,135.0598043788927,146.63565230735924,155.61639935670215,170.53042820462767,151.0506326002676,146.99588634485752,130.40951034282995,95.69164498293789,104.6187861789864,48.286904915626934,175.84829834604636,-0.04793272912502289,0.17092886567115784,-0.16269751405343413,0.34693386405706406,0.1823577582836151,-0.08071965351700783,0.05767545476555824,-0.314164143637754,0.32122253254055977,-0.39388031943235546,0.3321150429546833,0.7696113468846306,-0.28991515561938286,0.6910196425160393,0.05964532494544983,0.003269526408985257,0.49657072126865387,0.05998504301533103
right_elbow_block_correct,99.91950846381452,127.96325831031983,44.75951136585454,24.375666373514655,156.34912274780328,114.91150196891917,147.51293750146132,140.62536878350667,155.39327398603976,165.7200937181757,106.34581384192798,92.35711200633123,121.1932466536016,88.2943421368311,177.48398589695756,-0.2411513552069664,0.17665699124336243,-0.09322214126586914,-0.272112138569355,0.3534642159938812,-0.1014085877686739,-0.20810639299452305,-0.2947714179754257,-0.37314524687826633,-0.1900167614221573,-0.24311249889433384,0.7659391015768051,0.15762736462056637,0.6166652292013168,0.0844830870628357,0.017155490815639496,0.34345100820064545,-0.28426217287778854
right_elbow_block_correct,109.30643507985731,134.01062259747437,38.34496923973406,49.27541609993619,143.31604680433244,107.66970358644608,145.71537082239146,133.35492648420532,162.90602412584803,172.12126142811383,110.40784175859658,90.80904298580951,92.02783916086779,96.76620099106182,178.82612232329598,-0.2823556959629059,0.11099317669868469,0.1182459406554699,-0.4095945358276367,0.23095902800559998,-0.06946535408496857,-0.2560480274260044,-0.35676989052444696,-0.4947472847998142,-0.3404077300801873,-0.333676103502512,0.7704979171976447,0.0787554644048214,0.5800573816522956,0.1054050624370575,0.02581821009516716,0.3594151437282562,-0.309151828289032
right_elbow_block_correct,127.48248813655253,138.36047699025127,63.892170632100054,40.814892082988294,161.7525369230801,123.8697383835371,164.6919778657279,163.67657660635243,143.95219837889513,142.06831818633177,134.69599161481685,103.71993314445825,90.52950011464169,95.70561926756201,173.6511451067709,-0.3078813850879669,0.08002418279647827,-0.16052761673927307,-0.3070603981614113,0.16222774982452393,-0.27682869881391525,-0.20356684923171997,-0.39164147805422544,-0.3776281327009201,-0.42446721624583006,0.20965884625911713,0.6815903084352612,-0.24760104715824127,0.7344595091417432,0.11038091778755188,0.020559556782245636,0.411905437707901,-0.14995107799768448
right_elbow_block_correct,143.99081420370985,135.36879026379268,54.65992918697507,27.224773021590945,144.55806725753052,123.40661215999177,148.9334827016008,167.9752536977565,135.8618532312924,149.1222046970305,118.40484649922801,101.997393734958,111.2922300295938,88.46378625064358,172.59449561025357,-0.16869342140853405,0.19733963906764984,-0.22174470126628876,-0.2721273899078369,0.3139438331127167,-0.26044250279664993,-0.039024416357278824,-0.270108696538955,-0.3276420310139656,-0.253546800930053,0.26477446407079697,0.7927657994441688,-0.32779715210199356,0.7304130825214088,0.0936499536037445,0.02514492068439722,0.5249637961387634,-0.20272941142320633
right_elbow_block_correct,127.98910197735322,117.63220987363626,33.734687654578934,29.880317016630045,131.4517865093201,137.3819212852439,153.75777257310958,171.70316577914838,132.37432432228601,157.42150725454508,135.94930110349114,99.66505034909608,102.87030842697935,77.44413917820864,173.79801429531253,-0.08014777302742004,0.2706795483827591,-0.20218554139137268,0.0013717561960220337,0.2594055235385895,-0.4244249425828457,0.04100752994418144,-0.20657951501198113,-0.07615350559353828,-0.3290037598926574,0.2605591304600239,0.7192013177555054,-0.22774982079863548,0.8150071415584534,0.06342223286628723,-0.01159968739375472,0.4421806037425995,-0.05184405669569969
right_elbow_block_correct,143.99081420370985,135.36879026379268,54.65992918697507,27.224773021590945,144.55806725753052,123.40661215999177,148.9334827016008,167.9752536977565,135.8618532312924,149.1222046970305,118.40484649922801,101.997393734958,111.2922300295938,88.46378625064358,172.59449561025357,-0.16869342140853405,0.19733963906764984,-0.22174470126628876,-0.2721273899078369,0.3139438331127167,-0.26044250279664993,-0.039024416357278824,-0.270108696538955,-0.3276420310139656,-0.253546800930053,0.26477446407079697,0.7927657994441688,-0.32779715210199356,0.7304130825214088,0.0936499536037445,0.02514492068439722,0.5249637961387634,-0.20272941142320633
right_elbow_block_correct,92.66869775921985,141.87230869208256,56.45945643071738,66.73418386441611,144.46972614695665,109.43807639358882,142.4419675530259,148.34988019054396,145.3646368392091,166.03673754299703,93.90274695162019,89.90602822469809,148.97012915636412,118.26040220961782,175.45489591280696,-0.15076740644872189,0.23101896047592163,-0.18805226683616638,-0.4248284474015236,0.07226604223251343,0.06697937101125717,-0.10329056531190872,-0.24258335679769516,-0.5262020230293274,-0.567885123193264,-0.3624744713306427,0.7212327495217323,0.2616422176361084,0.5802496448159218,0.14631947875022888,0.03380267322063446,0.5049681216478348,-0.270135335624218
right_elbow_block_correct,115.48898243851978,142.4510619217247,45.62571290061079,76.66410667247612,158.74693565226448,145.7762180251535,151.01997991359588,174.0145335622789,154.8980389178083,145.50879997873938,122.29278500444903,93.35234331040412,133.07361420709515,137.36425652884958,175.30272922889966,0.0703812874853611,0.13221177458763123,0.3438967242836952,0.468109592795372,0.1136188805103302,-0.03929734230041504,-0.019759293645620346,-0.31302053574472666,0.7585367523133755,-0.46067232731729746,0.26567551121115685,0.652706584893167,-0.2694830931723118,0.7012430047616363,0.09051507711410522,0.012836501002311707,0.5165611505508423,0.12861017137765884
right_elbow_block_correct,91.32155271815053,130.60794686980262,53.140789825716254,56.65048135182243,144.73058353411548,118.87829042606931,144.4163828297015,135.62984166178495,148.74675185274128,166.7680470897559,93.37023877585531,109.20494705412729,139.31320212827313,115.16668778413417,174.37420897102865,-0.15749730914831161,0.20255979895591736,-0.17902687191963196,-0.43711233139038086,0.128076434135437,-0.009080983698368073,-0.12752215936779976,-0.2953662993386388,-0.5803933627903461,-0.49105305690318346,0.29311151430010796,0.7939541218802333,-0.42201678827404976,0.6730607626959682,0.10446780920028687,0.02980124019086361,0.6501823961734772,-0.25511711835861206
right_elbow_block_correct,133.81137223770386,137.959905024565,15.118517749280178,35.17102236673803,147.86451992461838,136.07376414297806,153.61354980104136,174.0943988468556,158.02470264784137,147.4469487305014,116.58408563501943,95.01715574484042,95.12872121394467,87.94879681675611,172.718591957729,0.0069574713706970215,0.2802797555923462,-0.18179216608405113,-0.033239372074604034,0.2939513325691223,-0.4162359517067671,0.19120876118540764,-0.16077991807833314,-0.04566479101777077,-0.28669061744585633,0.2841108553111553,0.8336584917269647,-0.3026941604912281,0.7464772216044366,0.10039651393890381,0.015754315070807934,0.5217874050140381,0.08148450963199139
right_elbow_block_correct,87.09869430769925,91.28825784442098,82.85787745457907,39.32003258123395,151.5972840186147,151.385904531581,178.64932226210902,168.33057159739488,148.13813690051882,165.45739545672933,138.31713885594002,105.92057953624975,124.69244345565748,85.95545039392225,173.05897206446147,-0.10188191011548042,0.03286832571029663,-0.21104567497968674,0.06416109204292297,0.08217605948448181,-0.3594811465591192,-0.08406071737408638,-0.5184032171964645,-0.05385773256421089,-0.544263169169426,0.07195310667157173,0.7579736858606339,-0.18044379726052284,0.805059090256691,-0.019528329372406006,-0.022405635565519333,0.22762029618024826,-0.06708296947181225
right_elbow_block_correct,65.79332956516572,107.9000215199789,54.3283739733236,47.49136675602367,163.7856775061223,161.51728389249777,156.64996997336675,170.01403739918837,157.28949257818843,147.12883361677302,130.90341810975727,98.07170914525176,122.66849726814344,61.24875847085375,171.39194985524333,-0.09791191667318344,0.007194191217422485,-0.14071306213736534,0.10120051354169846,0.06237417459487915,-0.23183254152536392,0.013685628771781921,-0.49639752181246877,0.09058132767677307,-0.5771520105190575,0.18105196207761765,0.8474015626125038,-0.14830542355775833,0.7300363215617836,0.1298186182975769,0.017364981584250927,0.3055696189403534,0.011155087500810623
right_elbow_block_correct,173.68086365460624,125.53257229717062,94.57434553943934,81.54804711496682,133.9219667052651,127.29654974049518,168.95166082712558,144.1831442999844,173.71023822070464,164.6422678594377,101.26257127540734,89.8012429420711,59.31195308420618,122.76350320052673,166.6470788058846,0.4485166296362877,0.02106654644012451,0.011661168187856674,0.3303164094686508,0.010309815406799316,0.06701724976301193,0.5220956895500422,-0.49564351968001574,0.5631635282188654,-0.6065172784728929,-0.09960171394050121,0.7317911154823378,0.3949346337467432,0.7147937781410292,0.04169318079948425,-0.007471296703442931,0.39514945447444916,0.17639461904764175
right_elbow_block_correct,172.4428549178289,133.94435299055866,105.28164651750778,90.43852845027891,153.70984537927026,143.884340820003,154.29226670657906,166.61453262306082,167.42520288520015,155.64793241182193,101.17855229061905,90.44276543793542,105.98082878792152,152.94243328426293,172.72120710232872,0.1538105122745037,-0.0928862988948822,0.34694618731737137,0.401464581489563,0.0012887120246887207,-0.03786977380514145,0.11218437366187572,-0.5991923998808488,0.6578849833458662,-0.5806152414297685,0.19391235522925854,0.658692579367198,-0.03918507881462574,0.7342001606011763,0.04007658362388611,0.0044105935376137495,0.2617827206850052,0.1823291927576065
right_elbow_block_correct,147.7456471780577,140.5424730464596,102.88949116384538,64.58698643785091,154.954520391485,108.78918262582498,160.21439974095605,144.54499265046627,161.92950905220718,177.61846351915185,80.98780081340573,87.28589800704218,100.33068749372066,97.50778243655304,170.54421721790425,-0.5149300117045641,-0.01677858829498291,-0.004184305667877197,-0.42906080186367035,0.07756391167640686,0.010236971080303192,-0.6050445586442947,-0.4787696022540331,-0.48949025571346283,-0.5157318133860826,0.10287053138017654,0.764036713168025,-0.35121406614780426,0.6673815231770277,0.0996541678905487,0.025974059477448463,0.4311269372701645,-0.3608618453145027
right_elbow_block_correct,115.21794682129034,162.61779818919373,93.27843611536267,84.81496041961752,133.46298159891325,105.4798558643276,148.11845336948156,151.91288190128918,173.7259886003511,176.4422022051532,101.35233360762231,85.1696599421096,73.69987131001083,93.51614915873029,171.87109464023916,-0.2963113356381655,-0.07285580039024353,0.23641987144947052,-0.5277360491454601,0.007445275783538818,-0.05932693928480148,-0.287716849707067,-0.5199748650193214,-0.5763839622959495,-0.5765173807740211,-0.27203608956187963,0.754469059407711,0.06711502466350794,0.7205760702490807,0.1315886676311493,0.020558107644319534,0.2701960429549217,-0.31559768319129944
right_elbow_block_correct,99.47104473267532,152.87294169451556,45.64302578744323,63.643301542564316,142.03942225932823,137.5207732936046,150.21649274952586,167.58421582062206,161.9678695282428,150.761588935855,100.28450617867816,91.22602314801188,123.01752314659679,98.46979974614214,171.66795243947524,0.021561846137046814,0.16452357172966003,-0.23318622703664005,-0.05689965933561325,0.1561107337474823,-0.5094034671783447,0.19292087852954865,-0.31811129208654165,-0.07363508641719818,-0.44940518494695425,0.2478468269109726,0.8056042874231935,-0.12275413423776627,0.727111884392798,0.13666066527366638,0.008141188882291317,0.28073354065418243,0.045146849704906344
right_elbow_block_correct,161.1574912462526,139.10306604463693,82.49128295564833,88.49803724569432,126.65383928536369,132.72410755440143,149.72471035075336,155.24188449278716,173.57675842094912,137.93542823757363,110.15878948062021,58.93906417934883,71.6476989426478,138.76880536309656,174.88590176038173,0.34679222106933594,-0.030583292245864868,0.23087283968925476,0.42883117496967316,-0.027316689491271973,0.018957097083330154,0.26589074172079563,-0.5015229322016239,0.6233908776193857,-0.6676606275141239,0.356256240978837,0.6359148286283016,0.013234714046120644,0.6508242152631283,0.12185388803482056,0.040578871965408325,0.34352757036685944,0.18746954575181007
right_elbow_block_correct,88.90959150551429,143.1576640774656,42.644303487783745,59.80216438068087,155.75203278550345,118.35748001889532,156.43637467400507,168.10582438072086,162.18877761211255,160.3427423006322,121.42642384181976,96.58503923904436,116.8448234089385,114.74844750742697,172.37332578979135,-0.22862885147333145,0.10427561402320862,-0.13460268080234528,-0.4656689092516899,0.10631874203681946,-0.06430595181882381,-0.09309745952486992,-0.38893561996519566,-0.5531797669827938,-0.5119649115949869,-0.21939046308398247,0.7799103911966085,0.012648550793528557,0.7556070741266012,0.1456109583377838,0.020218417048454285,0.19687316566705704,-0.21619655191898346
right_elbow_block_correct,117.73550342344308,126.69550384275978,77.10329708156172,44.43813077504231,136.83701954325934,152.29536791125346,171.18946705435278,172.90787996224026,153.86507232185647,153.33865091015372,128.8390573610774,111.25320253722937,114.1550352270443,76.05585812966481,177.58994391787633,-0.005464762449264526,0.11702477931976318,-0.2866429751738906,0.17933443188667297,0.12649321556091309,-0.3589151818305254,0.02034498192369938,-0.40526776236947626,0.10995956882834435,-0.4819423727458343,0.07166759297251701,0.7336457200581208,-0.1034453921020031,0.8084927626186982,0.011090517044067383,-0.01036336156539619,0.1666174973361194,0.028467689640820026
right_elbow_block_correct,111.49407868270681,143.6709418785689,62.30403760091879,56.49361354694696,149.25915353476253,144.2994195552008,147.4400043187842,154.87406898068957,154.90917954590222,155.39335059102942,128.75807161298576,99.0894592448084,113.90085344195205,75.06440035471883,174.48372292743088,-0.06048022210597992,0.1190023124217987,-0.24453732930123806,0.14222494885325432,0.17172476649284363,-0.39013901469297707,0.06437483802437782,-0.3563437720295042,0.13924266770482063,-0.4381518622394651,0.2165464349091053,0.8004990259651095,-0.24950337037444115,0.6489003340248019,0.11360612511634827,0.015507434960454702,0.4107109606266022,0.0054635300766676664
right_elbow_block_correct,176.07449725770098,143.33686015117,89.73255984944262,87.9162529282811,114.24433594204913,131.59985780181995,155.1699350503894,174.3698436306563,167.57624268437547,167.19168532070003,137.52957371673872,77.1923246991473,107.64816873614605,127.82216143733488,178.13693858592487,0.3634311184287071,-0.04198193550109863,0.31756477802991867,0.4496154114603996,-0.059228360652923584,-0.04461109638214111,0.3016176773235202,-0.5774154068203643,0.5486246300861239,-0.7205688358517364,0.12322027515619993,0.7070540784625337,0.0555393872782588,0.7658544181613252,0.0708649754524231,0.0027382432017475367,0.11294541507959366,0.25218986719846725
right_elbow_block_correct,170.91255379327131,96.12157704562125,109.45950525200934,86.14796026276856,145.20850621292996,127.24412483378818,164.32628432704053,136.78715550716674,174.72130018212493,161.53924718888544,123.93894606084521,100.71470604851677,68.36187412562217,139.6477039873114,172.99724314288486,0.3597009778022766,-0.10086113214492798,0.2792586088180542,0.21665798127651215,-0.08281892538070679,0.13806457817554474,0.3458046652376652,-0.6423000304494053,0.413993451744318,-0.7319381444249302,-0.25002747401595116,0.7195367605891079,0.42355892434716225,0.6678036840166897,0.039656221866607666,-0.01636027777567506,0.5769747346639633,0.14040157198905945
right_elbow_block_correct,144.78831539007308,123.79751886871115,94.90076884384828,52.32023304972678,161.00253393187754,105.57139924172597,158.04593111012377,150.68374314149438,151.10935580781054,159.61443147450368,98.65177162810652,104.61377527104956,98.31001314316953,110.76849889686392,175.46934205017183,-0.442878358066082,0.05156859755516052,-0.05210193991661072,-0.3908882215619087,0.10444462299346924,0.03222714364528656,-0.4575008265674114,-0.42206264520063996,-0.4374655894935131,-0.48030136013403535,0.29521842673420906,0.8029404780827463,-0.44225070998072624,0.7022129795514047,0.04536142945289612,0.024106561206281185,0.6693997383117676,-0.3398948162794113
right_elbow_block_correct,135.9188625443024,138.17026136948667,95.26806515289174,61.22553283135783,159.01430270369363,127.36358809883804,137.64356842581603,138.83309884224676,154.3308353823982,178.1200070911601,100.26818656251072,93.57285193087993,111.01676520396255,104.15913451303088,169.42143944551444,-0.4486573413014412,-0.02536022663116455,-0.06851392984390259,-0.4615348894149065,0.03153491020202637,0.05138903111219406,-0.4627737929113209,-0.5029144447762519,-0.4794592787511647,-0.5485248726326972,-0.16571124689653516,0.7586821157019585,0.0012241560034453869,0.6562841373961419,0.07640817761421204,0.01813113735988736,0.13229571655392647,-0.332082636654377
right_elbow_block_correct,83.06607833773425,104.07807823240057,43.87361170375709,24.686607516250508,138.7022781241217,153.82403638495728,177.24673866287512,174.50165417040947,135.76807104164922,152.88527978040437,143.05808444092997,100.77123141424659,123.24570948527837,56.48269878460354,178.00591888815043,-0.07220546901226044,0.15395289659500122,-0.16573284193873405,0.26264122128486633,0.1281256377696991,-0.13833254389464855,-0.013609707355499268,-0.35698037478141487,0.21701828762888908,-0.47545667621307075,0.02012074738740921,0.6730131295043975,-0.08369768038392067,0.760250010760501,0.050859808921813965,-0.0016304082237184048,0.11822856683284044,-0.0004188288003206253
right_elbow_block_correct,101.47786788649982,135.20180705135118,67.16927299268566,56.24685039625066,155.89101133788898,138.03576804821319,153.91341275634258,161.50128190898812,154.5841683033727,153.6060991218632,114.31732032018175,85.52742199553019,95.44435566899101,81.96213413442621,176.6018993125501,-0.12394226342439651,0.0036816298961639404,-0.23521379940211773,0.020846441388130188,0.09108638763427734,-0.45207454171031713,-0.013153228908777237,-0.5185927045531571,-0.03761773928999901,-0.5287996423430741,0.3979218602180481,0.7756303059868515,-0.317301481962204,0.712859224062413,0.08595392107963562,0.004650925286114216,0.6490504443645477,-0.007149071432650089
right_elbow_block_correct,174.7494490553232,145.3193899216233,79.6393393287373,66.08874707279098,97.03438515263647,114.63929878841881,161.2413884921266,149.91654620953403,165.7738609381669,156.81530931462194,126.61209898087718,84.00773035138079,90.61974524861388,121.4131340431166,175.34926614239146,0.3990873172879219,0.08601182699203491,0.14912723004817963,0.4057987257838249,0.11790785193443298,-0.029811307787895203,0.362936832010746,-0.4555741561562172,0.5239175036549568,-0.5170092595726601,-0.18882717937231064,0.723248718866671,0.28940970450639725,0.6906547533362755,0.0318048894405365,-0.006034797799657099,0.39081642031669617,0.24179525673389435
right_elbow_block_correct,167.86348821007041,140.9587221482401,69.49900688147694,60.060053003928374,111.88674883320724,112.5330164742946,155.17274975272372,168.80693488249625,167.99533675101375,169.94612714832266,140.78264929846034,87.91560818955429,112.26761430860617,109.11030951488071,175.36374877577467,0.37930693477392197,0.06899377703666687,0.35123100876808167,0.4317995999008417,0.1570349633693695,0.04027707129716873,0.3128791721537709,-0.4537203931249678,0.5306595535948873,-0.46436006063595414,0.1429527224972844,0.6984494603239,-0.015377354808151722,0.7614837563596666,0.05837702751159668,0.002534853294491768,0.1921389028429985,0.2633163779973984
right_elbow_block_correct,109.82008871007903,134.19557078198002,59.71002647599396,55.27699618617314,152.6467072962284,98.4526359556079,162.98819481455192,146.63654618574301,163.03933828348843,165.83342479438198,73.5563962910973,95.12057278416077,75.15363070428033,99.17692907507977,170.44514621622793,-0.2289651334285736,0.0456099808216095,0.42160338163375854,-0.4689154326915741,0.05887967348098755,0.06653520464897156,-0.13132291473448277,-0.40410781744867563,-0.3957031313329935,-0.5193618023768067,0.1342590358108282,0.7554333722218871,-0.36442058719694614,0.65518235322088,0.10086983442306519,0.02904878370463848,0.49431031942367554,-0.3486862778663635
right_elbow_block_correct,90.44313214148234,145.14555497194343,60.73369546845768,60.56733300451152,134.00576223129397,112.92990612968818,152.29158711393282,132.6696036859269,159.62264506575193,175.94823976126688,94.0239773335921,93.32307274122925,97.5538867219419,94.47486841401926,167.92389519050874,-0.27016134560108185,-0.026504695415496826,0.09124225378036499,-0.47414177656173706,0.06692451238632202,-0.0577128604054451,-0.12926470581442118,-0.4917675135657191,-0.41974096838384867,-0.526265668682754,-0.15809103194624186,0.7987190606072545,0.03959610220044851,0.6573568107560277,0.15177950263023376,0.03343413956463337,0.14810287952423096,-0.339474156498909
right_elbow_block_correct,77.85201149229572,148.32564586315567,76.75108317908717,94.64674430422855,146.67318991574274,116.45188541110622,142.580268335489,138.6310386358496,163.53890060942467,176.96828450876419,104.22844996202004,94.95517041740695,98.84425988915623,101.68563786899992,170.48272106544232,-0.18406520038843155,-0.12308984994888306,0.058399468660354614,-0.40929718501865864,-0.16708362102508545,-0.08868396491743624,-0.08293045731261373,-0.6081690615974367,-0.3751893234439194,-0.8127373880706728,-0.3344009113498032,0.7686122232116759,0.11047058133408427,0.615373867098242,0.16397780179977417,0.026168393902480602,0.3543359637260437,-0.314441554248333
right_elbow_block_correct,145.01821133302983,138.36781619335898,83.38835051206243,69.61065839604228,119.15217431592336,140.94359129712421,163.80218418481488,172.8909416606106,160.1044921210975,160.03318320385046,130.9012723792368,89.01931155576332,162.43561245069876,91.35000441947156,171.52209673929892,0.15928609296679497,-0.06602942943572998,0.3770362287759781,0.4697200506925583,0.012768030166625977,-0.09771165251731873,0.0758121982216835,-0.6439478236716241,0.4264504164457321,-0.6380222279112786,0.3186901956796646,0.7215547722298652,-0.10999388247728348,0.7550586622674018,0.039448559284210205,-0.002995638642460108,0.41504424810409546,0.2692217379808426
right_elbow_block_correct,99.60578082760031,145.69404526305817,30.7944269458568,13.481333316641871,160.2000003214467,125.86534511539053,159.0157303650812,148.85570122791017,158.18075943959647,152.29062118508415,118.0627520801887,95.94203166007405,108.40070439833296,72.76510439693048,170.29302592970487,-0.18199926242232323,0.1550605297088623,-0.1374881323426962,-0.013236179947853088,0.3812914341688156,-0.2753008306026459,-0.036346808075904846,-0.32062956877052784,-0.016824249178171158,-0.1705248523503542,0.06979375705122948,0.8331031780689955,-0.054132793098688126,0.6828312259167433,0.10383972525596619,0.025157274678349495,0.11805195547640324,-0.07677114941179752
right_elbow_block_correct,100.00244881271954,139.0924928252022,51.80736385595034,47.595950308478066,139.1168732262625,101.42125312139173,169.51837273150642,142.91609712261055,174.23031002598992,176.26219471581234,97.36057855412405,83.8675087409435,102.85242076420133,75.89388990893428,175.2270386997222,-0.21322982385754585,0.07358759641647339,0.25890250504016876,-0.43380921334028244,0.17988556623458862,-0.0485270619392395,-0.20603527687489986,-0.4143625001888722,-0.37164235673844814,-0.4061255257111043,-0.38653126917779446,0.6742373902816325,0.03830298222601414,0.6650911171454936,0.09462282061576843,0.018629114609211683,0.32098840177059174,-0.3360498249530792
right_elbow_block_correct,128.0937463016004,136.67553550966895,60.35268774034522,65.42447498430529,122.09644027908838,129.0457020210339,153.49939765910707,173.68103923207835,163.53957197281053,162.1124064537376,137.62548757126265,94.53043297408881,136.57866369876052,104.11416066097429,174.80045368959412,0.24368585273623466,0.009059667587280273,0.334137961268425,0.44231990724802017,0.16689687967300415,-0.03358159959316254,0.2529461942613125,-0.5581199525622651,0.6003286801278591,-0.46386748540680856,0.3176659308373928,0.7401347161503509,-0.14989623799920082,0.7694194318028167,0.0887230634689331,-0.001378736225888133,0.45386894047260284,0.26089951395988464
right_elbow_block_correct,126.56086934198132,124.60084589562486,68.71787505137948,50.59191378867441,148.57853779214236,142.3796412610906,173.6621913210932,178.19956821556175,144.56831856627784,156.44985171035026,135.3462883265321,100.06700256524753,101.49937040622889,85.8142595178626,178.7878434197866,-0.186647217720747,0.13022902607917786,-0.2857431061565876,-0.03659883141517639,0.07378804683685303,-0.4821675680577755,-0.11765610799193382,-0.3898849586257711,-0.12024851515889168,-0.5674949983367696,0.08739831671118736,0.8024770518532023,-0.15451138839125633,0.8021050592651591,0.045230984687805176,-0.004207478137686849,0.22534605860710144,-0.057346589863300323
right_elbow_block_correct,88.73927890327028,136.84346428518884,35.6828041492808,51.365676147008564,145.7469796316105,112.94409320995325,171.57479362394733,147.2182434714972,172.3769772239115,172.33862360446113,95.3180133320276,85.81567147201041,106.39029298013568,90.77817974859246,174.7211508191386,-0.25163278728723526,0.04767328500747681,0.16452623810619116,-0.46232349798083305,0.15622401237487793,-0.009315788745880127,-0.2063800178002566,-0.4391681170091033,-0.45570097188465297,-0.44059892650693655,-0.30803737859241664,0.730197855271399,-0.034262218279764056,0.6639602268114686,0.13812822103500366,0.024082044139504433,0.2029675990343094,-0.34361182153224945
right_elbow_block_correct,162.3233840375138,143.7416833348911,67.37392625284735,60.56067981878323,119.45752147186991,142.05130143062425,158.16706667523047,167.5775352753061,160.74687922996964,152.09005274074752,135.31633707558237,110.67272354764673,135.26316465008844,92.68862826672358,171.48248002274246,0.36387140303850174,0.13053593039512634,0.057479407638311386,0.2853897511959076,0.1633995771408081,-0.17586375772953033,0.47671996243298054,-0.3767054877243936,0.3383598495274782,-0.4105081162415445,0.3325453270226717,0.7026293673552573,-0.06226414255797863,0.7900857129134238,0.04019123315811157,-0.01774518471211195,0.37134627997875214,0.19890092685818672
right_elbow_block_correct,92.22609545953551,140.1152559727305,31.980355006473314,19.492068738489497,161.56478463683348,111.38301325352046,160.45636374205876,159.20429490898286,156.11254589766077,152.12437732667195,134.21738121463548,106.58585351285589,109.54241924983924,79.91850712773042,173.85030579894723,-0.2062364351004362,0.1455761194229126,-0.1272292360663414,-0.13943922519683838,0.3328866511583328,-0.2399531900882721,-0.0975337103009224,-0.3406864143908024,-0.1883041113615036,-0.21319298818707466,0.07727202773094177,0.8531627021729946,-0.1359407901763916,0.6813967786729336,0.08857676386833191,0.01951681636273861,0.19316790252923965,-0.12737122923135757
right_elbow_block_correct,96.64263324289692,144.7198297270756,48.38237186507941,50.03260479462517,145.29541768884476,104.92624398602733,166.82900287949948,139.61189461796585,170.94673115566616,172.8361958622948,100.09052748649488,100.63961987300942,98.63788944478996,92.29491210721413,172.07021231206107,-0.24879667907953262,0.03272634744644165,0.1704499227926135,-0.4354258179664612,0.17824670672416687,-0.013650402426719666,-0.16315613873302937,-0.45083380583673716,-0.39915952272713184,-0.4046268844977021,-0.2817122060805559,0.7677645897492766,-0.013220313936471939,0.6783816432580352,0.12406730651855469,0.024149132892489433,0.20023900270462036,-0.342553973197937
right_elbow_block_correct,158.60015979620675,128.65731744550737,64.88733249531683,52.33681238630168,116.879539501576,121.94645704216684,153.83174899532077,160.24338964994396,159.06810519492504,163.3790821108309,138.37474736139902,95.21956676818212,136.0958213751879,105.34055337807166,174.8209346190468,0.24801304563879967,0.07136812806129456,0.40775278955698013,0.4397720340639353,0.1873706579208374,0.023639127612113953,0.18291507428511977,-0.4801535957958549,0.5032728887163103,-0.430810903897509,0.30617034202441573,0.6333140677306801,0.009951079729944468,0.7071182674262673,0.026381075382232666,-0.015260437037795782,0.30697474628686905,0.2492956444621086
right_elbow_block_correct,81.88870905636834,133.92814291890548,27.82819705150543,16.254277006674712,158.44186683848153,124.05349682394309,163.5050638048824,175.9259155159658,151.91047741489183,140.86999999265922,151.76880388378729,105.45090039395745,111.42297658823719,72.45687599100567,177.38401376249783,-0.15768801979720592,0.14058136940002441,-0.11690071225166321,0.052969351410865784,0.2996220737695694,-0.2068813219666481,-0.09027361869812012,-0.35561312118079513,-0.025771113112568855,-0.2770673123886809,0.1981891691684723,0.8214127632090822,-0.12643739581108093,0.6902838560054079,0.08632659912109375,0.002244929550215602,0.2634751796722412,-0.053122036159038544
right_elbow_block_correct,93.83544199807649,151.55762017260906,52.92494459680908,42.77148411185303,143.05440906542316,97.18641626091829,175.08900991329546,153.16661430053247,171.13448425232548,177.48402149229312,82.97942192224764,72.34126673462843,100.79479147464377,69.53461558205521,170.53554570188655,-0.10876087471842766,0.052378565073013306,0.2936682403087616,-0.4654400944709778,0.2257494330406189,-0.0035092979669570923,-0.06415900960564613,-0.4447805667296052,-0.3267454244196415,-0.3166326070204377,-0.28951892629265785,0.7473126268014312,-0.005173075944185257,0.6944842552766204,0.0663023293018341,0.002358590252697468,0.21655412763357162,-0.2985639274120331
right_elbow_block_correct,165.0987612770061,150.28303087873428,45.83185172679393,49.38823574737977,98.34070838564324,110.06994338654961,167.41946407316627,165.73183984111378,162.25818711497413,156.06585905182652,131.74838260742294,87.5099096325548,132.7948056624445,103.59807765663791,171.82025921372843,0.19678492471575737,0.17330750823020935,0.24538017809391022,0.39720666594803333,0.2966967672109604,-0.04460102319717407,0.13079625901809777,-0.326051469281083,0.43688908753028954,-0.2762965516594704,0.15869007048240746,0.7026362164469901,-0.02268843191632186,0.7223486049624626,0.04383215308189392,-0.004353522963356227,0.19158846139907837,0.23961220681667328
right_elbow_block_correct,96.66097497362907,165.6593430409933,32.86358263043814,16.710310617000506,164.7020984105501,108.93900425860843,155.28767706934724,173.3402087144512,158.07855836164126,148.1608257364256,144.1946863317457,102.92632079379773,102.96050385042427,82.30573467251209,173.58419557074455,-0.2311711609363556,0.15651124715805054,-0.07887635380029678,-0.07629363238811493,0.4236844778060913,-0.10022569331340492,-0.14347882196307182,-0.31787109514698386,-0.12561968341469765,-0.09573901584371924,0.1127810887992382,0.8922570035792887,-0.04340945929288864,0.7096953676082194,0.0903877317905426,0.01747611816972494,0.1453289780765772,-0.08490644278936088
right_elbow_block_correct,171.31210979867248,131.6725815852071,86.52744273780704,73.24001193623418,133.51836995987162,123.26525720774957,153.06170752176038,169.7043379893023,168.58693569714805,163.35407059851534,123.88879309326666,85.32383832957926,100.07059079590546,118.17768346476059,178.9122231885532,0.38167086988687515,-0.03411459922790527,0.33190248906612396,0.39941516518592834,0.0704076886177063,0.06323254853487015,0.3435124531388283,-0.5665882709436119,0.5435554459691048,-0.5508004310540855,0.295990414917469,0.6741508957929909,-0.08096974343061447,0.7282296535558999,0.050806403160095215,0.013631782494485378,0.38447199761867523,0.23907914757728577
right_elbow_block_correct,97.23215922139423,122.18339000530018,54.10834796376901,34.4099122368378,150.81128505690484,146.89982923462549,174.72863841664196,171.13491107798274,145.59598328600995,153.50138157006592,150.3419645975943,107.89107512785961,111.39973988112132,76.6210288173053,176.73527849699803,-0.1540606962516904,0.1369820237159729,-0.16175727639347315,0.17110230773687363,0.20870020985603333,-0.31806125678122044,-0.09749777242541313,-0.3384341633063741,0.18068963661789894,-0.36368272063555196,-0.00725453719496727,0.7470400297897868,-0.06742484495043755,0.8260001504677348,0.06097465753555298,0.006468958803452551,0.10277419909834862,-0.0014568055048584938
right_elbow_block_correct,127.2909159921462,144.88124704614356,66.7117490252449,49.20275098386603,150.44969660198925,123.20671644488343,143.85150623395552,168.82260504940282,143.9856412561554,129.1468248199468,91.1860377188807,124.38394545652788,93.37722637468237,102.515708666959,160.39452836229432,-0.35577739775180817,-0.015519410371780396,-0.03351806104183197,-0.47126825898885727,0.05656692385673523,-0.10732362605631351,-0.16185857355594635,-0.4952132198959589,-0.38637371361255646,-0.5276070926338434,0.24641036987304688,0.7601703908294439,-0.30478931963443756,0.6683745291084051,0.11968803405761719,0.04942992329597473,0.5515974164009094,-0.281343936920166
right_elbow_block_correct,174.78393736480896,147.48089999588518,90.65077307942691,71.39525291379529,130.49806511056252,125.28056596668422,155.5379008715794,145.11570350625902,153.20433061914642,148.64762263695204,130.46882244991093,81.56161477596957,81.61454245391481,133.5877280716627,175.61739116550328,0.40598753094673157,-0.056395500898361206,0.2985967695713043,0.4540126286447048,0.08561176061630249,-0.012438423931598663,0.29380159825086594,-0.5757064683130011,0.578656516969204,-0.5374717576196417,-0.22636298090219498,0.6494239108869806,0.40049266070127487,0.633227183134295,0.08153268694877625,0.010818811831995845,0.5218470990657806,0.20302802324295044
right_elbow_block_correct,171.78041730156178,147.22713545081044,63.71378622518325,58.44513647323014,137.53195424908338,149.14576148075034,162.5102570405708,161.9275729184698,153.44926698041922,139.15775597020846,169.75491909427342,113.65083236972949,150.1949389504686,99.57333092247787,175.97380805230432,0.3104659914970398,0.18468809127807617,-0.019124217331409454,0.13593558222055435,0.12362939119338989,-0.34665588289499283,0.46068353950977325,-0.26537096640095115,0.15133781731128693,-0.47667148848995566,0.04308265447616577,0.6846464858390391,-0.042484886944293976,0.8076236830092967,0.11414849758148193,0.009361268021166325,0.1369960904121399,0.13651706278324127
right_elbow_block_correct,76.86575295839741,124.47507400896095,48.6964097559586,46.017263795203434,156.4793913743299,135.05779846262834,160.00133237554442,160.95978258322089,158.1473629736935,155.51481704166082,126.82299709873173,86.36918095446623,112.78789463595403,74.33547569056141,176.80403639844846,-0.156857555732131,0.07973402738571167,-0.1809320729225874,0.015949226915836334,0.12957605719566345,-0.4513180311769247,-0.05917127802968025,-0.42931768810376525,-0.05381559208035469,-0.4738116613589227,0.09582234919071198,0.8052202411927283,-0.013832738623023033,0.7130196639336646,0.08145126700401306,0.0032514436170458794,0.10044494364410639,-0.04232742637395859
right_elbow_block_correct,98.26685137776104,133.65907673584977,53.31871002227399,56.644211996552606,147.81205508520648,121.1561666287095,135.4650362054229,143.70980081823075,145.25393878257645,168.95076442864476,92.16365521663286,102.00214112457941,103.54187039337899,106.61769662307725,173.507114250746,-0.2719794511795044,0.03863462805747986,-0.05991476774215698,-0.4474404565989971,0.08565694093704224,-0.09785326709970832,-0.17449544370174408,-0.4833955969661474,-0.5177320539951324,-0.5549891199916601,0.26214689016342163,0.7249189410358667,-0.4175164997577667,0.6715771351009607,0.13284441828727722,0.022818369790911674,0.6141124069690704,-0.2610376849770546
right_elbow_block_correct,96.36901996843949,111.21868791160627,26.76184586457217,29.744700083188373,141.56220317890046,130.53173098182197,157.8665693180967,159.6097830788619,153.01623411472363,163.0670026151586,94.17283945038234,93.53824320101653,92.29423273176481,74.36797993785159,171.36378834349136,-0.27825523912906647,0.10944288969039917,0.10267496854066849,-0.3489605709910393,0.15793460607528687,-0.2895464599132538,-0.14878804236650467,-0.35872359573841095,-0.39751050621271133,-0.4610574394464493,-0.01371915265917778,0.8548218458890915,-0.3998483493924141,0.6986379474401474,0.13680225610733032,0.04043463617563248,0.34670689702033997,-0.2841876298189163
right_elbow_block_correct,141.2577470838238,120.66406001711728,68.24560958023142,52.32454183132785,117.9233710486281,126.65567231234888,165.08489241386008,162.7848404460234,165.83703780593402,169.87404472749012,123.05712921568973,93.86529670865131,135.5501058277262,116.97775923226347,171.41219401422535,0.11050864309072495,-0.02746737003326416,0.27069205790758133,0.38463178649544716,0.12339553236961365,-0.0881117582321167,-0.005205752328038216,-0.5719698590692133,0.44912061654031277,-0.49475385970436037,0.038005346432328224,0.6781446414534003,0.3351989146322012,0.6754645782057196,0.026082873344421387,0.005104369949549437,0.21328777819871902,0.23665767163038254
right_elbow_block_correct,97.71591684084295,102.4193883042773,27.84190787732925,29.102929091430447,146.94777595465365,145.90275111828723,174.65199620659217,173.51413660234104,138.97914993073638,152.76343059880355,133.9275407417759,99.22793987092271,103.32337721765093,79.1299260056223,175.98903412698766,-0.17544161155819893,0.16522440314292908,-0.15888742916285992,0.053642868995666504,0.13473233580589294,-0.37544260919094086,-0.10238408297300339,-0.3276048348634504,-0.005011705681681633,-0.4766727731912397,0.029520124197006226,0.7224980248720385,-0.20788579434156418,0.7939152373583056,0.06648755073547363,0.0004055554745718837,0.2031675884500146,-0.01616138406097889
right_elbow_block_correct,119.43178600822496,123.33360079651322,52.85481913459825,28.09079284913938,152.8192159740662,120.68703733595083,162.045126705421,160.44003182941088,150.7150360271456,167.4836425252431,103.44915908870546,106.19267560687886,108.17668322137825,95.00745920065046,174.96765116136018,-0.24419792741537094,0.14221516251564026,-0.16158530116081238,-0.3345535844564438,0.27919071912765503,-0.1284719556570053,-0.17021650448441505,-0.38055005576461554,-0.4348711855709553,-0.3136282255873084,0.10874124988913536,0.7992798695340753,-0.3697536177933216,0.7023549089208245,0.06593188643455505,0.024791881442070007,0.44581350684165955,-0.23505781590938568
right_elbow_block_correct,160.6567581918571,129.5547244028658,63.95634026918272,43.115187685798354,115.68139641459484,115.30984966869354,153.58063310756333,151.5959037693495,162.08829056671817,166.7261867624894,130.01502392711026,84.82951146551302,122.65022339010866,111.14434444756664,178.59257328045945,0.25364166498184204,0.11449161171913147,0.3569173663854599,0.3619999438524246,0.2315930724143982,-0.010152086615562439,0.20131867565214634,-0.42685596621595323,0.49433412589132786,-0.3947566298302263,-0.07421181164681911,0.6693897696677595,0.28103300370275974,0.6833160968963057,0.039770811796188354,-0.011675407644361258,0.25702042132616043,0.24346572160720825
right_elbow_block_correct,117.64671267112769,151.77532552277694,104.48621616803393,78.98557166603263,172.47866875951343,130.84139557808595,150.43319127020175,164.76876892314309,155.53559606607004,162.5077652076394,126.64181266842036,104.4029197905756,93.57285206587126,81.7210915477152,169.49683803971556,-0.2742256596684456,-0.019922614097595215,-0.24175357818603516,-0.08346128463745117,0.057574689388275146,-0.5139097701758146,-0.1639852412045002,-0.4930333372903988,-0.09846415743231773,-0.5323679622961208,0.12234240397810936,0.8570719781564549,-0.0638478435575962,0.7654498043702915,0.07697451114654541,0.012473569950088859,0.17654548212885857,-0.14163808338344097
right_elbow_block_correct,93.85293004229604,129.39677393078412,37.243938432097934,27.93522394332687,149.92023107832082,122.06382159147326,158.71624521419224,159.63960643353076,153.26466473780724,164.6727322659159,105.322202418394,104.64979201844814,108.5909317774365,87.56233077308357,172.89202688552487,-0.25441479682922363,0.12559616565704346,-0.01257622241973877,-0.3552439920604229,0.2767888605594635,-0.10017857956700027,-0.15950601920485497,-0.3703487287275493,-0.41648706421256065,-0.31606585485860705,0.007269740104675293,0.790571026969701,-0.3485289178788662,0.6808168818242848,0.12372604012489319,0.03122424241155386,0.35041384398937225,-0.2688484638929367
right_elbow_block_correct,154.25093740132723,124.20537790394452,42.56124900342237,51.08695080425519,86.0382779445111,112.39911203279208,162.47951457648182,155.56588453674252,170.1409992571417,168.39575344842362,111.86056381478942,75.83995626505636,109.21112559136749,114.30401672392452,175.02125693529598,0.1897643283009529,0.16727158427238464,0.2159494236111641,0.35247212648391724,0.1678362488746643,0.026849448680877686,0.10062013752758503,-0.3503566979197785,0.4719942454248667,-0.45075216877739877,0.012640932574868202,0.675440460559912,0.24908425845205784,0.6222976149292663,0.0386141836643219,0.0005499857943505049,0.16134054772555828,0.23024875670671463
right_elbow_block_correct,96.48727813951358,106.47424901295507,28.145268030290104,12.335992812167824,140.94117187937044,141.09797530000034,171.96815297143712,178.2772906395572,147.03938269086112,155.61505291603018,153.23497414115445,122.1691005936554,109.68372700827588,80.81111785775708,171.83758521450676,-0.11847814545035362,0.1678125262260437,-0.1473432593047619,0.1173698715865612,0.2590548247098923,-0.19221603125333786,-0.03986874967813492,-0.3153213271871209,0.12317340821027756,-0.3029241869226098,0.059715334326028824,0.7112565925344825,-0.13138777762651443,0.8509609987959266,0.05438843369483948,-0.003470776602625847,0.1895591840147972,-0.0038410834968090057
right_elbow_block_correct,107.34424003094361,128.50331723423452,42.4890829832422,36.35451440193073,143.57725644733563,117.09409376727426,162.5351524697255,155.49913953354286,155.61568985617163,165.3967207385634,105.62207957429568,108.83748848070972,93.32780334163277,90.02720174206029,171.02638316063457,-0.2938760221004486,0.08078929781913757,0.05971337854862213,-0.38360054418444633,0.1796877682209015,-0.1116033639991656,-0.17337616533041,-0.4112120368517935,-0.40038739889860153,-0.43998671555891633,0.0700426921248436,0.7897225520573556,-0.2526724264025688,0.6685922048054636,0.13106980919837952,0.03169678617268801,0.31940504908561707,-0.2772848531603813
right_elbow_block_correct,160.03027528565417,119.24717331123193,61.670203780218024,50.88243783136561,128.08949972598882,111.91893797721691,162.06230788954673,148.00432467066983,165.57653904461304,167.44128898794656,103.09261794707164,67.72010151588704,88.95632417106133,114.76891747669292,176.1571454858536,0.37383049726486206,0.09695091843605042,0.25296102836728096,0.3403813764452934,0.14690059423446655,0.09690329991281033,0.31358943693339825,-0.42470926919486374,0.4692103695124388,-0.468657293706201,-0.07470372505486012,0.6400642009684816,0.30704508535563946,0.5911635967204347,0.0409831702709198,-0.011580501450225711,0.2806391194462776,0.18043086305260658
right_elbow_block_correct,93.24852010872361,116.94507750670475,38.42009475375564,28.361238744154086,144.30675199001658,146.52365366107946,170.3334128794938,175.99254863405397,138.0524575918401,158.32776860917636,154.27284895811488,116.70672808483393,106.5510944802243,70.5816141274973,176.84661567715094,-0.1401304453611374,0.15604087710380554,-0.16060393280349672,0.20386996120214462,0.2262653112411499,-0.2677835983922705,-0.053739048540592194,-0.34776359563693404,0.19209425151348114,-0.3560394919477403,0.164133682847023,0.6735935830511153,-0.09190211445093155,0.8212317251600325,0.05729895830154419,-0.011756031773984432,0.2222820743918419,-0.0017487943405285478
right_elbow_block_correct,99.69582158158745,116.6982778672046,33.45973785012584,29.428970023434932,146.387308191158,110.28327782027783,161.6199189357453,156.78565907850714,155.38378728906696,164.33976367608795,92.3083038020758,99.54886746033164,81.99476606908968,80.78272750738853,171.1417665011197,-0.17442072182893753,0.07511857151985168,0.3788025975227356,-0.39707255363464355,0.1815081238746643,-0.03747596591711044,-0.07602887600660324,-0.4019057396799326,-0.3396604135632515,-0.3949937168508768,0.007585765793919563,0.7769239600747824,-0.20413211733102798,0.692579573020339,0.10903874039649963,0.020074686035513878,0.24062396585941315,-0.33047518134117126
right_elbow_block_correct,161.18448814343756,131.8074318397826,67.80412617950874,42.432084042034724,113.8974855333877,111.82447962320275,161.3289876161578,154.3658382101924,169.3193209462732,160.36191540283764,114.81973833189916,85.78406657890876,118.25244526421588,111.80909556020066,173.79551887452354,0.2653709501028061,0.05428457260131836,0.39362962543964386,0.3852926380932331,0.24231380224227905,0.022868096828460693,0.13955437950789928,-0.4772730115801096,0.4748843442648649,-0.36413797177374363,0.131456283852458,0.6883005853742361,0.25817821733653545,0.6729503031820059,0.04395592212677002,0.01860736683011055,0.06078711897134781,0.2573915868997574
right_elbow_block_correct,84.01612957917813,114.34783456766816,30.078501048027025,17.474367170168442,145.19464575428563,128.82925335227446,167.80096911395864,178.0626743846754,142.2275306862367,154.07894939426123,146.5383677881421,104.87445312676155,116.18341375545052,78.44016127777219,175.5569636033142,-0.12861508131027222,0.16764917969703674,-0.09599235095083714,0.027784429490566254,0.2774726152420044,-0.22579077258706093,-0.014512138441205025,-0.3237259342567995,0.008173923939466476,-0.30848866247106344,-0.038872335106134415,0.7486318693263456,-0.11654102429747581,0.7889902935130522,0.08824476599693298,0.011010075220838189,0.11984207108616829,-0.06331228651106358
right_elbow_block_correct,111.36071237549896,130.53193140430045,79.71817137628881,52.31853048086324,163.99802709345164,109.1797211632646,166.94125850182203,150.6907254202234,153.83165504766197,170.7997884582542,109.26554968514786,120.30962891764212,77.22973183665793,105.44595727746726,173.5636982361106,-0.2679934427142143,0.07778209447860718,0.12992237973958254,-0.3989598676562309,0.18023699522018433,-0.03649061173200607,-0.26846058294177055,-0.41614889400079846,-0.5289089791476727,-0.4004002441652119,0.16321443393826485,0.837320692371577,-0.34734315797686577,0.7283156584016979,0.03666117787361145,0.012523851357400417,0.48637858033180237,-0.2861432284116745
right_elbow_block_correct,168.11924848508835,138.65466490041877,76.5824110210935,62.34651719607815,118.92393690848654,122.13413726086561,161.71092838127424,150.00698957704284,170.39416373255582,164.3407400572573,110.67558518952139,67.61516900222918,83.10583057774639,130.46933442540941,175.73999954761283,0.3212353587150574,0.06393551826477051,0.2944623939692974,0.4081408306956291,0.165118008852005,0.00271683931350708,0.24921885132789612,-0.4514993308112025,0.6031319499015808,-0.4280894575640559,-0.12413693219423294,0.6466874601319432,0.33701857924461365,0.6643696548417211,0.03166687488555908,-0.012567581608891487,0.34056027233600616,0.18631868436932564
right_elbow_block_correct,89.21544366904615,132.26076610598932,56.18855743319175,22.63610381350406,150.22461420263303,125.76959104931231,175.7169614145347,174.11009095510556,137.67253841095027,147.71902723814728,145.98932273341313,108.61066715200039,125.33147529532027,80.29584316671847,176.53586368615473,-0.12980935745872557,0.17408427596092224,-0.1828872454352677,0.009134456515312195,0.2749525457620621,-0.36119720712304115,-0.1092049591243267,-0.33932225371245295,-0.07056849077343941,-0.2933941330993548,0.03782803192734718,0.747564748278819,-0.07518665865063667,0.8242882046615705,0.016409724950790405,-0.008118405239656568,0.13810107111930847,-0.053339853417128325
right_elbow_block_correct,130.18790920336963,149.57215491336228,80.91169384402777,61.2429147136838,152.7128099033015,104.96985874602504,156.92253185765074,137.9432427172326,145.66616772129666,165.05204504112467,97.14106490463546,124.49695338031935,86.41299917008298,114.13520355862546,174.74932291363956,-0.3217490091919899,0.05138993263244629,0.004562452435493469,-0.4715482331812382,0.10433092713356018,-0.009918488562107086,-0.24597213044762611,-0.4500094745308161,-0.501226220279932,-0.48546759225428104,0.2384922318160534,0.776781877502799,-0.4160188175737858,0.6100729908794165,0.05467504262924194,0.03828298673033714,0.6322689354419708,-0.2696233540773392
right_elbow_block_correct,166.81798739029617,151.70720686231095,89.6848570455251,62.90650194239676,155.96527347185912,128.61324933962194,160.1571210844567,148.5611646516077,160.64440099495812,147.54186097467053,135.77622641267757,103.58197471048122,100.59440089720654,138.6753675062929,171.6351082818929,0.35716790705919266,-0.020866572856903076,0.3349970877170563,0.4563230015337467,0.16612783074378967,-0.09188838303089142,0.26048515923321247,-0.5363815925084054,0.559732573106885,-0.4000318548642099,-0.1839833538979292,0.67573536420241,0.41411985643208027,0.6824486353434622,0.003026306629180908,-0.018445891328155994,0.49346309900283813,0.21158890426158905
right_elbow_block_correct,88.48734371154846,133.8752397204755,93.21652063738004,37.10174683253181,152.0753095709968,127.63482304783619,178.67450824404096,167.28814306108262,137.56200702926512,152.67252197205175,144.65709941098774,117.59656033718515,129.3388960567829,85.46821329087686,174.46405659056623,-0.071424575522542,0.11072278022766113,-0.2361544407904148,0.00924423336982727,0.22676554322242737,-0.38527219695970416,-0.09378514811396599,-0.42895234655588865,-0.12238357588648796,-0.3413674933835864,0.07294221594929695,0.6574515597894788,-0.14855865761637688,0.8590822713449597,-0.05022507905960083,-0.031034095212817192,0.23295015841722488,-0.04239534167572856
right_elbow_block_correct,121.08496412425541,117.71314780431035,66.03122958320321,33.07107653447795,146.0361056615172,113.18925815431214,163.21738788466135,147.37236319835398,168.67608925205477,169.69618919527528,72.7257124845961,78.63371178635171,110.55349339759543,88.35647060777697,163.32280749052538,-0.37851884961128235,0.012274950742721558,0.06158702075481415,-0.38901863247156143,0.14643096923828125,0.017992116510868073,-0.37075713742524385,-0.4650791333988309,-0.3155216919258237,-0.4162343190982938,0.051164294593036175,0.6791154695674777,-0.2064518528059125,0.6702207280322909,0.10807135701179504,0.024505821987986565,0.2612255960702896,-0.35409827530384064
right_elbow_block_correct,167.46429345753467,101.7789087050692,70.14993546586788,40.94889785902067,112.7098465346181,91.86486718417088,160.89620086127323,150.75591307797677,166.84223676860458,158.62774722755896,124.88579443975144,82.89733510007858,86.41425850653047,93.67665336729823,173.26774387750942,0.42578156292438507,0.085299551486969,0.08030688762664795,0.22078433353453875,0.14894166588783264,0.12709911912679672,0.3975886441767216,-0.4486761667067185,0.2568197585642338,-0.47850388067308813,-0.022149352356791496,0.6844964645570144,0.22477174177765846,0.6791287086671218,0.03389129042625427,-0.006248125107958913,0.17235776782035828,0.20318566262722015
right_elbow_block_correct,131.840734426096,147.10065211871344,91.35615790812355,17.215087203236312,155.8078173395499,91.6756959018278,172.72741694895817,137.67338169362898,173.6090419029127,175.3828965403245,100.26704217127532,99.23341323998768,108.45349702094927,89.28760164069796,174.08555620423093,-0.40240135602653027,-0.04270544648170471,0.05590793490409851,-0.09560391679406166,0.42129694670438766,0.023102186620235443,-0.4280560193583369,-0.5652542249299586,-0.03693682234734297,-0.11812011757865548,-0.03969258349388838,0.7234327658079565,-0.25399215798825026,0.5389218195341527,0.058161646127700806,0.021210900507867336,0.25058823078870773,-0.32246536761522293
right_elbow_block_correct,167.98499472985407,139.48043838634342,76.71649109846798,64.59385739147663,122.40609893493169,126.05251707761705,154.71331967877612,149.47120811472044,171.4128596381595,164.30451456311792,123.0158965059935,82.97805071231672,98.36910474709394,116.42745888841254,170.82829103351622,0.4557250291109085,0.06227877736091614,0.15479708462953568,0.42873964458703995,0.09967160224914551,-0.05470488965511322,0.4560636915266514,-0.4836644660681486,0.5402062870562077,-0.5362062584608793,-0.013522312976419926,0.6306802500039339,0.2597770430147648,0.665871249511838,0.01573258638381958,-0.029013607650995255,0.19555329531431198,0.2404424026608467
right_elbow_block_correct,96.9811585458084,118.66330953789297,63.14576321328135,45.56147576530162,145.9694513247783,150.19607191144976,170.89222647500443,173.4903660725707,143.46605662564488,154.33871472281197,138.20903081813395,97.27097065040523,112.55916590074911,83.04117611761532,173.58408537548243,-0.10454438626766205,0.15118682384490967,-0.20286739617586136,0.20622292906045914,0.20178309082984924,-0.31640318781137466,-0.038186877965927124,-0.35630305181257427,0.19833756610751152,-0.3819512582849711,0.09998486563563347,0.6001231812406331,-0.08040033653378487,0.7100256823468953,0.04050174355506897,-0.013111706357449293,0.14813710749149323,0.02429330348968506
right_elbow_block_correct,106.16798631684715,136.2786054696165,51.62856506323143,28.739373447447118,136.83611368481738,137.1682736649588,167.46871186292947,174.89717781968577,156.0943562863451,159.08628197189137,141.6244508763482,114.07894471255638,106.91382814402691,90.88895129263459,173.41499070325648,-0.05036921799182892,0.12918248772621155,-0.25805849581956863,0.10187830962240696,0.2851729542016983,-0.3645759802311659,0.03485690802335739,-0.38964693795423955,0.11585657298564911,-0.27121477376203984,0.0837446004152298,0.7435987089993432,-0.08740310370922089,0.8619312142254785,0.030710577964782715,-0.004599164938554168,0.17055533081293106,0.054769719019532204
right_elbow_block_correct,113.72692062743663,148.21937397258475,63.65589765513445,58.23145044336727,151.15628733692847,121.45766743950725,158.70292026544098,156.9901042981506,153.14671991236887,172.00398486343454,103.37928228627426,98.15436200340768,89.33027339200608,105.27332078678836,176.32789775054886,-0.3434145376086235,0.048352330923080444,-0.08510977029800415,-0.4543897211551666,0.14479896426200867,-0.11852071061730385,-0.2581368274986744,-0.4528575772419572,-0.5798687823116779,-0.45502438489347696,0.1607145331799984,0.8073416715487838,-0.3093697316944599,0.686215496622026,0.11089563369750977,0.031034285202622414,0.40322959423065186,-0.24259573966264725
right_elbow_block_correct,176.21310915229347,145.41469689643137,81.64315220317059,68.91492501684283,134.7586276893399,124.15986919115421,165.1236407773096,152.41798961151676,165.1751200592249,162.09660745201333,100.10585898615689,76.68691121590457,73.27576912515967,138.20323828729258,174.43711055596808,0.3289128392934799,0.051392436027526855,0.23572318255901337,0.3903256952762604,0.16159218549728394,-0.023081660270690918,0.2813754193484783,-0.4720757086761296,0.6385226659476757,-0.43546847300603986,-0.13876483216881752,0.6959310690872371,0.2535359673202038,0.701282552909106,0.04548284411430359,0.002879643812775612,0.3082461655139923,0.17058786004781723
right_elbow_block_correct,126.85141525435564,120.65120515795668,58.78697949110025,43.38000017220868,123.28893706754918,155.91284694864254,172.33031693554668,170.28905661337532,156.77777714187735,154.55038597122999,150.2480082144935,100.47716756816081,111.77140982881042,78.42236885985524,178.79085758531252,0.11135490238666534,0.09086087346076965,-0.2999878264963627,0.25600282847881317,0.16109579801559448,-0.33081838116049767,0.21214008703827858,-0.43701629200950265,0.2310974933207035,-0.4650421873666346,0.045522015541791916,0.771031157579273,-0.030624277889728546,0.7890700860880315,0.07109612226486206,7.525086402893066e-06,0.08531118929386139,0.096070297062397
right_elbow_block_correct,126.74602802110834,144.63655160278427,57.35649464279799,55.74607727855108,149.46580859216397,116.3482350634836,162.31582335409692,162.55733019175284,152.20735375958012,163.749312885249,99.68781933829075,109.93497047373019,77.26338901878022,108.60056100930305,170.1790147880597,-0.3363785147666931,0.04356938600540161,0.0054819583892822266,-0.4563668891787529,0.07897743582725525,-0.11114063300192356,-0.18018217384815216,-0.43591555766761303,-0.48104166984558105,-0.5256188195198774,0.07978630810976028,0.8463508207350969,-0.412640243768692,0.7673423606902361,0.11894002556800842,0.041730593889951706,0.4692091941833496,-0.23003306239843369
right_elbow_block_correct,178.07782093832387,140.524974021007,81.85666062999131,62.29036823666384,130.63223966565513,119.85535561782514,165.25302544231462,154.95571079898173,166.82551034587357,160.9153452558303,115.89419442145605,66.28103978378549,86.1830625360609,133.80789945134418,170.95580660402675,0.35216647386550903,-0.033687084913253784,0.30638691037893295,0.4319641441106796,0.09522563219070435,-0.007229700684547424,0.20184187218546867,-0.546839976683259,0.5160277895629406,-0.5270113591104746,-0.0987367145717144,0.7307999487966299,0.3123777322471142,0.6315225120633841,0.054185837507247925,0.013228917494416237,0.3399463891983032,0.19013293832540512
right_elbow_block_correct,60.99971932845414,118.57020460291216,81.76385289093197,45.16168986395509,161.7271725466658,138.5951312790765,155.76668372388872,168.498351083882,143.8762548589599,149.73078990044388,123.4677136279039,90.60364913289543,129.13438089037015,77.89479027014245,170.9902318283424,-0.18187087960541248,0.04754608869552612,-0.15202580392360687,0.1174955666065216,0.19060784578323364,-0.35839200392365456,-0.12387942895293236,-0.4359726681141183,0.06314738467335701,-0.3589000179199502,0.10697083547711372,0.808036916074343,-0.11332305148243904,0.7530198023887351,0.03433668613433838,-0.0022511144634336233,0.1698569804430008,-0.06020112708210945
right_eye_thrust_correct,91.28439974377574,118.8997468182811,54.32982288620256,61.8777005453041,138.612067511955,127.1172783387532,153.76076342846818,128.19542612260716,150.29206436735086,164.93528300990997,76.42203395424744,91.75738409743505,96.36976440831332,79.79265156908042,177.0521576087521,-0.21726389601826668,0.04238778352737427,0.11669269017875195,-0.3413757383823395,-0.027887940406799316,-0.28145988285541534,-0.20345541648566723,-0.46771932451520115,-0.389168543741107,-0.6766515752533451,0.19796730764210224,0.706769666983746,-0.45107479207217693,0.5630654314300045,0.09565800428390503,-0.002944328123703599,0.6390039920806885,-0.32347236573696136
right_eye_thrust_correct,86.22343547865862,92.35872782201469,43.154958127811064,54.03729830350635,137.0285158107906,174.4818288614146,160.1828959551906,160.24844425714835,145.49567060740364,159.19390607858378,153.02415089397525,119.25178588773545,113.89857276626837,41.228186997991635,177.21382705993986,-0.04698818922042847,0.10194921493530273,-0.21060887770727277,0.21445056051015854,-0.04051649570465088,-0.23446077341213822,0.054891008883714676,-0.4047555409488268,0.1526409536600113,-0.6559429250773974,0.3170909136533737,0.7062652028980665,-0.3844684809446335,0.8165891684475355,0.06302857398986816,-0.0014053467893972993,0.5498590469360352,-0.009405205026268959
right_eye_thrust_correct,168.33549835845903,107.79326995630984,93.22101812273452,92.92129381807148,101.21349631680783,144.32716884120163,153.38389133651594,128.12290527475608,160.11670838684768,144.03340270074955,131.07692838429136,103.4059771511127,96.76685831326648,122.12516736753807,164.59738492185255,0.290267214179039,0.05064314603805542,0.08331654965877533,0.2966478765010834,-0.08151066303253174,-0.029972121119499207,0.4024529876187444,-0.46398081711959094,0.5109757306054235,-0.7027595572872087,-0.20071237068623304,0.664728946168907,0.367143583483994,0.7204043931560591,0.03597792983055115,-0.011836284538730979,0.46767568588256836,0.23217158019542694
right_eye_thrust_correct,75.78522600265715,150.44878941552435,42.947463478166156,29.93041089566649,158.96276419301495,123.78897327224624,159.93282823675258,168.32389452101862,147.69751031326402,133.9537164993924,130.60998592044734,96.44659586926949,116.2167535119025,76.84645276653947,170.5437456203644,-0.11084264516830444,0.05725875496864319,-0.18008821457624435,0.003952637314796448,0.2856537401676178,-0.31386588513851166,0.03603475168347359,-0.4497306845150888,0.004974544048309326,-0.3001647493802011,0.10567009076476097,0.824540535453707,-0.11091272160410881,0.6919147768057883,0.12326425313949585,0.019223649986088276,0.22690612822771072,-0.01021306961774826
right_eye_thrust_correct,120.66461833265008,148.5316265725838,75.34584970989764,81.55553944897886,156.5232107561427,123.76813406822215,155.19189099909931,151.10123917412471,160.05261530884653,174.51592224147814,86.45435871988863,93.27263719807361,112.18841341905136,117.57033706899972,175.40513268801584,-0.23060563206672668,0.03545364737510681,-0.17809705436229706,-0.4718215763568878,-0.03110826015472412,-0.12702816724777222,-0.1887042559683323,-0.5084469297435135,-0.6048402674496174,-0.6784362772013992,0.16040826961398125,0.7671466490719467,-0.25811122730374336,0.70547771663405,0.08568543195724487,0.010090562049299479,0.39556825160980225,-0.2418849915266037
right_eye_thrust_correct,157.70618419485177,145.49905559808474,67.19944539500091,92.38606380988806,151.5083391170579,146.8179011702813,164.97048535505957,153.22883254431505,173.56256206189505,164.29283969183916,118.78108165365326,86.71475758969049,105.68706513157713,155.3986993225322,171.6121212317852,0.21160588413476944,0.10988730192184448,0.3790011331439018,0.4354771226644516,-0.004465758800506592,-0.04207489639520645,0.1791999638080597,-0.3796457778662443,0.7387360036373138,-0.6149616073817015,-0.17416363954544067,0.717103498056531,0.28633058071136475,0.748467342928052,0.06796211004257202,-0.02231702022254467,0.3708009719848633,0.15345332771539688
right_eye_thrust_correct,101.38292882922558,127.5148159829366,60.56732068856537,56.42882349188237,145.3722493831977,115.60011355490832,142.15317173524969,127.90664578137577,155.54065127511151,176.50855015039116,79.210009042368,98.29938017061924,121.62147934048157,102.28834310628842,172.10789900019176,-0.21295081824064255,0.08329492807388306,-0.15716375410556793,-0.38129594177007675,0.047718703746795654,-0.10520023480057716,-0.11891217529773712,-0.43252632953226566,-0.4484303742647171,-0.6163727734237909,0.2226712703704834,0.692887594923377,-0.3502480536699295,0.552399268373847,0.1488496959209442,0.03255930915474892,0.5488607287406921,-0.2733130156993866
right_eye_thrust_correct,83.31800713514947,92.70242495734144,49.13962948124541,75.09550450259401,132.49148905542754,167.0217342896782,155.50883089909388,165.28853359234938,152.70765840855668,161.77461321752244,115.25439738968628,88.02112705274966,116.07748081805155,60.76839741214645,170.76539645815004,0.07519148290157318,0.08199036121368408,-0.20315141789615154,0.2865801230072975,-0.13072049617767334,-0.14426030218601227,0.12991942837834358,-0.42490885639563203,0.21261902526021004,-0.7598318257369101,0.3447725363075733,0.7258786163292825,-0.2914799861609936,0.7263611755333841,0.061971694231033325,-0.014736155979335308,0.5685514211654663,0.13073561899363995
right_eye_thrust_correct,165.86069988109074,134.2205204406625,92.99147968344575,96.3060023922757,120.6525073841479,147.5411016784825,150.34955960639837,147.25924925279693,164.9072934777388,158.2342347016032,128.17060211406323,82.6217845779935,133.9068524635406,119.96696243870336,178.35009733564237,0.2290469203144312,-0.030118823051452637,0.3510225713253021,0.3445780575275421,-0.14114922285079956,-0.06543697416782379,0.21664214134216309,-0.5875882972031832,0.43138036131858826,-0.8332588542252779,-0.16762380301952362,0.6451487671583891,0.3527861535549164,0.6636796128004789,0.0748680830001831,-0.01743093691766262,0.4334348291158676,0.24323317408561707
right_eye_thrust_correct,100.90273156872883,140.67948591440145,35.69333867558922,8.637935924924564,138.32971836927405,116.49983219723823,145.55174443961482,168.77318646545277,150.5350806639658,149.50873397729194,113.64877291600472,95.62568925225618,121.2197749098765,73.23994852305664,172.52632684515078,-0.08720067143440247,0.2590056359767914,-0.09703681617975235,0.016509070992469788,0.38034310936927795,-0.1816113863606006,0.0003531256224960089,-0.20148914423771203,-0.017848920077085495,-0.15125184622593224,0.34330538660287857,0.7895482543390244,-0.2498619481921196,0.7690497997682542,0.07800215482711792,0.00364404683932662,0.5028485804796219,-0.10032655787654221
right_eye_thrust_correct,121.56876204149549,51.73978894890325,35.63495951078795,41.53893346001762,88.10501668752863,141.60387595295654,167.84208207068244,162.5796004537198,165.62736090432665,162.3086167331921,143.53007486709487,113.11253598601631,86.47131601959963,56.38421734657551,168.02276043845785,0.04567159712314606,0.2338728904724121,-0.2377693671733141,0.19346743822097778,0.0028923451900482178,0.09023309499025345,0.08237844333052635,-0.25640119961462915,0.12608271464705467,-0.5998159234877676,0.26051050052046776,0.660102408612147,-0.20870811119675636,0.7733033711556345,0.019219249486923218,-0.009938423987478018,0.4313167333602905,0.1293747592717409
right_eye_thrust_correct,138.42927976609158,60.19543009329828,49.4521203433574,49.96441400221474,135.33723617978077,129.84035372418978,159.3042887094918,160.51533309576786,171.0477686210439,158.2984302498452,124.02346689492705,80.8996265382626,90.18184904988127,114.56341375441643,177.84904782040516,0.24795086681842804,0.07858866453170776,0.3675685077905655,0.16579973697662354,-0.004393279552459717,0.15385641157627106,0.14576710388064384,-0.4321132081095129,0.28711551055312157,-0.6494380014482886,-0.13533297553658485,0.6565660459455103,0.20961980149149895,0.7584333044942468,0.049873024225234985,0.001346393022686243,0.2551624998450279,0.13635510951280594
right_eye_thrust_correct,95.39870515054378,115.45185664066359,60.17795416318772,62.38480477440059,144.31559121489744,123.72065971521303,147.38984690010156,143.63412326662208,144.60751104544693,144.86254259823383,100.42363781915485,113.60127721831604,146.3650182500859,125.11622479108017,175.52510921853963,-0.05078153312206268,0.28849631547927856,-0.15751983225345612,-0.38550596684217453,-0.01463472843170166,-0.0426076203584671,-0.008810165338218212,-0.18205529637634754,-0.4943859837949276,-0.6619590390473604,0.3650806285440922,0.7689394485205412,-0.4156193695962429,0.6602499019354582,0.06946349143981934,0.026133093982934952,0.7054978311061859,-0.2425975278019905
right_eye_thrust_correct,98.5157991002773,86.98994540373185,36.874944564008146,72.64694005483372,163.8123241559095,124.58874773171704,159.8375655449786,136.76260310629112,168.0611150923063,153.2111474521132,80.00842169454197,75.78298928875678,134.51793325805238,135.21030129980386,171.85320851744464,0.004827812314033508,0.22070986032485962,0.18502091988921165,0.1864500343799591,-0.047007203102111816,0.16646363772451878,-0.06660420820116997,-0.22307076724246144,0.44098876789212227,-0.6472245422191918,-0.37182004377245903,0.6263555916957557,0.3851925618946552,0.6565931471996009,0.062271952629089355,-0.01374418381601572,0.6511817872524261,0.03314581327140331
right_eye_thrust_correct,152.5218492798969,104.41282355686933,34.97255828056685,49.203590723684,131.78219433796733,166.20944339884463,169.52963487939198,171.7144308909574,145.99732237276842,153.51734170957192,130.4718843632896,107.7788189102275,113.3613338542604,71.69448032353044,173.28428289233625,-0.01479649543762207,0.31202199310064316,-0.19146340782754123,0.16218125820159912,-0.0005866885185241699,-0.37455346385831945,0.13269755989313126,-0.10372841078788042,0.15343490988016129,-0.6209824727848172,0.11314397305250168,0.7452455116435885,-0.12589997053146362,0.8198499036952853,0.0951777994632721,0.0051820408552885056,0.23747802525758743,0.001214866788359359
right_eye_thrust_correct,172.4636799755669,92.24921585115813,88.00021341612326,72.88945047610093,87.14903257003219,173.34065967041505,169.18412315343716,168.55462262368056,151.55372154210355,156.75841425869098,152.5322149723435,109.51786575577535,174.37937163947367,107.93869328731294,172.4897418118319,0.09116072952747345,0.005467921495437622,0.18505492061376572,0.21853697299957275,-0.08482444286346436,-0.20800842344760895,0.18069440871477127,-0.519406187813729,0.27996233850717545,-0.7250739219598472,0.056685276329517365,0.7586890575475991,-0.096614770591259,0.8327435967512429,0.0365900993347168,0.008777196519076824,0.1785394251346588,0.19037552922964096
right_eye_thrust_correct,161.34958944798228,103.86613398097802,63.39453682997164,102.08658367492974,162.04863774723782,130.90907545032695,171.0262697007864,140.9270302835323,170.61908525874676,159.4590910504301,103.47012140775597,93.91021809814768,91.98685274317761,146.2414535428009,170.70493211919847,0.28364814817905426,0.13713765144348145,0.3492680974304676,0.1685044914484024,-0.1475236415863037,0.1351342760026455,0.2921833023428917,-0.3325154799968004,0.4145197793841362,-0.7774586994200945,-0.2000473216176033,0.710695831105113,0.374653659760952,0.6934396307915449,0.07505473494529724,-0.006406715139746666,0.4833827018737793,0.13358866050839424
right_eye_thrust_correct,116.75602564901958,141.87307954645377,122.13569323389291,102.41196116654652,152.7789270686693,121.62824201737253,157.84119464741337,157.01025193076902,156.2665083874584,169.36025709771306,88.74885729457628,93.91931846733834,84.70217817875087,98.25425976582528,173.6647674717693,-0.30236557126045227,-0.05375424027442932,0.019146546721458435,-0.3406476527452469,-0.21420609951019287,-0.21786484867334366,-0.30144067481160164,-0.5226672044955194,-0.3971121497452259,-0.8366909376345575,0.10390223190188408,0.8313755043782294,-0.3666409142315388,0.7326468476094306,0.04072865843772888,-0.005059950985014439,0.44305016100406647,-0.2911515235900879
right_eye_thrust_correct,146.19298848960423,98.3170496631589,87.40709079971506,90.70308323843143,123.08041721540424,160.1777034943717,162.88873516380983,167.45968606338536,150.29229530350543,150.39480287666888,132.03340935436117,105.56410401490986,161.0519145831952,102.90815680800762,175.36235180780113,0.1680714152753353,-0.03015798330307007,0.34524402022361755,0.23798750340938568,-0.2337508201599121,-0.11396848410367966,0.19659146200865507,-0.5602323130005971,0.2494809878990054,-0.8962194040650502,0.06753226649016142,0.7567118689185008,-0.06585944164544344,0.7819489523535594,0.07066190242767334,0.014823715435341,0.1512199155986309,0.22338417917490005
right_eye_thrust_correct,166.7086122991251,100.53085544598417,117.31204969194577,92.99264947595867,139.94624505987275,154.05586469133206,171.2665469376556,144.18004145789487,168.9689212852934,163.12522290060267,127.1899956333508,106.87529943396298,63.16163892651482,166.6429154146946,175.1223066698607,0.33078040182590485,-0.18068450689315796,0.26122260466217995,0.20027312636375427,-0.1284082531929016,-0.021521367132663727,0.27354618161916733,-0.7362997429445386,0.3873889669775963,-0.7797527210786939,-0.15854953974485397,0.6945874197408557,0.3994392976164818,0.685426483862102,0.04117012023925781,-0.020793491974473,0.4617719501256943,0.10435402020812035
right_eye_thrust_correct,77.88189187017706,132.70755145206587,55.20976900302933,93.92885615319621,150.61259158813982,136.9945337548474,153.0741824677838,154.81058180960866,145.89866399388748,167.79220363086216,101.3533695051576,106.51568752346955,140.05649742202206,125.99777923393825,175.42257869737264,-0.12424436584115028,0.10543912649154663,-0.19476675242185593,-0.26824353635311127,-0.21453171968460083,-0.11772583425045013,-0.03770109638571739,-0.43339870241470635,-0.3321897089481354,-0.891825356753543,0.26544189453125,0.8062749716918916,-0.39786410331726074,0.7401238295715302,0.09329435229301453,0.007084589917212725,0.6080203354358673,-0.19779258966445923
right_eye_thrust_correct,116.96759406899812,95.59168884115667,93.0502818751384,66.3888506124801,128.59337880205817,159.79567307564605,168.82498484413864,168.88120025948368,162.21626401753102,148.2750804120058,137.15754141805263,99.97128889326129,116.49740624424999,71.98477426840145,172.06243043961427,0.1843385212123394,-0.11442828178405762,-0.16343753039836884,0.3221864551305771,-0.09379035234451294,-0.12401281297206879,0.19167565181851387,-0.6937165528070182,0.24039064720273018,-0.7318483262788504,0.07995261624455452,0.7069695324171335,-0.06731748208403587,0.774745199130848,-0.0035275816917419434,-0.007362733129411936,0.15667632594704628,0.15715153515338898
right_eye_thrust_correct,164.42779518615717,81.02029458432983,91.43233660869107,81.1478214344227,142.53551067978236,126.9614851723266,168.16286968308884,140.34429544120596,174.66244140155257,165.14852842702118,101.9627027602304,99.47353250346109,79.11449609885152,141.8881961374179,170.3580779320867,0.26368895918130875,-0.07204139232635498,0.3877111040055752,0.1337938904762268,-0.10549646615982056,0.15556859970092773,0.2397962398827076,-0.6330165937542915,0.3846197612583637,-0.7299682572484016,-0.30328957363963127,0.6523679420351982,0.3313584215939045,0.688380055129528,0.03239208459854126,-0.03047027811408043,0.5209803581237793,0.11224422231316566
right_eye_thrust_correct,115.97449615348192,117.53607399368107,116.89265274498958,83.95454661282497,178.4875357320836,134.32071663809182,157.633809460438,147.19124861818298,139.61697414104034,165.1623035735174,114.8741592718004,105.145494491254,97.01089531723882,100.25713543731763,167.8069919276406,-0.27348506450653076,-0.02332150936126709,-0.10552136600017548,-0.2577424645423889,-0.12943017482757568,-0.2289145179092884,-0.31008651852607727,-0.5392552078701556,-0.42043396830558777,-0.7559632719494402,0.3733949363231659,0.7501902519725263,-0.3392179012298584,0.7184925018809736,-0.0023398995399475098,-0.012656199745833874,0.6374950408935547,-0.2097405530512333
right_eye_thrust_correct,82.27453230416498,89.37938708662432,47.14820719605691,52.989829924463656,140.74901582721216,175.69954701870142,171.6193686816703,172.75968053586197,158.66027976543478,158.4834786962018,131.32963686264145,102.42280170024908,109.92079350260862,60.761826826685656,178.93320048173746,-0.08114155381917953,0.06562158465385437,-0.2209750209003687,0.17460410669445992,-0.10330861806869507,-0.2234904058277607,-0.02255599945783615,-0.47079408913850784,0.09270983189344406,-0.7694331482052803,0.08046512305736542,0.7211065217852592,-0.0014297924935817719,0.7955816313624382,0.07207435369491577,-0.00018381793051958084,0.0888412818312645,0.03879729472100735
right_eye_thrust_correct,153.75031740929776,66.46453507305752,103.36286512342342,56.25846219184003,137.02630799722775,162.43912453075328,168.54976813637583,148.39917812411716,173.7291948114383,151.36003077074062,140.45221117474046,69.8814102191549,83.80143888587914,121.7568461894668,173.17854001357927,0.36717353016138077,-0.14097005128860474,0.01876159943640232,0.13214508444070816,0.029634833335876465,-0.10000252723693848,0.39622557908296585,-0.7204184647416696,0.20903807133436203,-0.6041804071282968,-0.2713260278105736,0.6859583739424124,0.2867823913693428,0.634178388514556,0.029833555221557617,-0.010937566636130214,0.4651463031768799,0.16599568165838718
right_eye_thrust_correct,99.97472375020094,116.55003603511759,61.17451366351779,78.02987740296254,143.07647229073345,127.04369142986644,153.21876202504563,145.37122354990976,139.24717476973422,164.81102576655576,83.03088430893986,101.79356929046602,74.73723428344977,98.16381708526552,168.84061784609105,-0.296413391828537,-0.05862581729888916,0.1810422306880355,-0.28558378480374813,-0.21298378705978394,-0.19951336085796356,-0.12751251086592674,-0.5422700312919915,-0.1946093998849392,-0.8725196388550103,0.2366594709455967,0.7934748264960945,-0.35837357863783836,0.6696182820014656,0.14489680528640747,0.029617917723953724,0.5651657581329346,-0.3112669587135315
right_eye_thrust_correct,132.14926442036727,64.03860310877947,45.87789503395944,60.89885511841212,140.069315422677,128.9062136059467,150.22599522191786,120.58545318085463,167.90451056192768,133.27047014013922,123.92820928754499,102.18863868414489,110.86078488382594,121.39274850115024,171.78047627652467,0.1626153662800789,0.13091018795967102,0.41692672297358513,0.12485356628894806,-0.10412615537643433,0.16671490669250488,0.13995350897312164,-0.37215108843520284,0.3397589176893234,-0.7280444917269051,-0.38143692910671234,0.5725323739461601,0.4612431079149246,0.6512965741567314,0.049785614013671875,-0.025171061046421528,0.7007477879524231,0.13207801058888435
right_eye_thrust_correct,102.18106923449236,113.7270289783516,74.91523070828835,61.455667123137246,154.9880538421603,129.00263262562473,134.8965146353434,141.87373310475684,140.3009602467941,177.76235904547016,87.70345203996865,92.63018687252276,87.36400341326583,79.46007529667818,170.48817576154576,-0.3083912879228592,-0.053220540285110474,-0.01793511211872101,-0.23278950154781342,-0.048255205154418945,-0.31870870292186737,-0.24681850895285606,-0.5831230811309069,-0.2748892270028591,-0.696110539836809,0.2314322032034397,0.7082335420418531,-0.4375992976129055,0.6459422775078565,0.09348413348197937,0.008703238796442747,0.617700070142746,-0.2685180753469467
right_eye_thrust_correct,106.55860874938375,96.18065479590233,46.43074056677412,56.21485063217145,130.64509171975473,125.90057570115955,164.36116618215544,146.8821102248589,150.29103022259096,171.83062439947827,93.3988746748373,103.00853143977824,82.60906885955869,106.18899577618379,172.6549374235801,-0.27918853610754013,0.05894318222999573,0.132198017090559,-0.3213513121008873,-0.06382167339324951,-0.043338753283023834,-0.17693574354052544,-0.4388819122686982,-0.313032116740942,-0.7307959282770753,0.0884760208427906,0.7897235071286559,-0.39373665675520897,0.6382489120587707,0.11675029993057251,0.028151357546448708,0.46622082591056824,-0.28669483959674835
right_eye_thrust_correct,139.56585796240086,95.12630422151916,59.228736501877705,62.08784410631624,119.15054566400492,137.60320180395394,159.48468969172887,155.7101915984856,167.84561138083996,167.41497206502734,109.90973659185374,83.12529243498898,86.01051543569615,122.11185653018151,176.75968239366514,0.33485985547304153,0.02728736400604248,0.271388441324234,0.3345176577568054,-0.03723078966140747,0.08220789209008217,0.23246091604232788,-0.5019622800173238,0.46103160083293915,-0.7060937044443563,0.0024107536301016808,0.6559385302243754,0.3514375537633896,0.6349466087995097,0.07042452692985535,0.003558797063305974,0.25641364231705666,0.18576383590698242
right_eye_thrust_correct,86.1534667381707,93.02730200053148,40.00417998711886,48.88760523470529,129.87466809706072,170.50504035670582,166.60716159621833,169.70996178641101,153.10718761377336,156.36612942106115,137.57407575140522,101.41565698407763,116.03049760857651,64.9009545089978,174.34473764641214,-0.0030441470444202423,0.14519494771957397,-0.2076110877096653,0.2748224586248398,-0.04524505138397217,-0.2124403938651085,-0.011426547542214394,-0.36667982186190784,0.16756119579076767,-0.6863781257998198,0.0426015704870224,0.710340614663437,-0.14359237998723984,0.7799686149228364,0.04179257154464722,-0.01006729481741786,0.1814965344965458,0.1069214753806591
right_eye_thrust_correct,141.10430957825,138.75925610490418,82.03632013175167,65.67048337452616,161.74711293123792,116.2884863311199,156.54678508130465,154.83345697769843,151.8347310027721,170.09647168684833,114.34936096637246,108.52088496750794,91.89689745243149,112.63223901539087,175.52791728894286,-0.3081318512558937,0.05626806616783142,-0.13553616404533386,-0.4213940352201462,0.03849762678146362,-0.1068514734506607,-0.24697571247816086,-0.44695425406098366,-0.5241989120841026,-0.5919680930674076,0.17413362115621567,0.8158185742795467,-0.2947764918208122,0.7033345364034176,0.07591140270233154,0.0238889679312706,0.4060252755880356,-0.23478813469409943
right_eye_thrust_correct,167.04514033482616,116.29381613035233,73.87459024496054,71.22176423659494,129.0731470291543,126.21678742571636,166.33330602264243,160.91418780727378,172.60775956048298,167.63708127195574,103.83786176191752,77.57594007567255,93.09560790626702,125.30911322400547,178.39596020639436,0.32269900292158127,0.04345342516899109,0.28178225457668304,0.34808143973350525,0.0038291215896606445,0.10056858137249947,0.2614381406456232,-0.4887309989426285,0.5008229408413172,-0.6516613683197647,-0.03856403939425945,0.7153579273726791,0.25380400754511356,0.6945315876509994,0.05019575357437134,-0.002169716637581587,0.20428190380334854,0.20833024382591248
right_eye_thrust_correct,95.16681385220674,114.21574965073722,69.94210924274032,55.75124831118324,145.74024174839835,158.52361302692916,174.99282212762162,173.97015103583075,154.5865134626125,163.9691084010279,132.85566955258798,105.40710015841339,107.02739593495853,80.85919940199084,177.72056749849915,-0.10991889424622059,0.055055081844329834,-0.23736734595149755,0.14609143696725368,0.037455081939697266,-0.34007569402456284,-0.07747692614793777,-0.4785353548359126,0.06899885088205338,-0.6007254726719111,0.09191914647817612,0.7588317387271672,-0.12953300029039383,0.8210004561115056,0.057264477014541626,-0.005308505613356829,0.2038244977593422,0.0359248286113143
right_eye_thrust_correct,82.23220008600173,106.07527804259631,44.832820688152474,44.44354999463385,149.19059207085243,125.26914152430878,158.64296779488257,153.51024075436925,149.44742877626084,173.26941498893547,108.70935074281857,103.77058454274015,112.46407933072038,90.88911253252148,171.00254948286036,-0.21655989438295364,0.06991702318191528,-0.08056314289569855,-0.3078644387423992,0.01994234323501587,-0.15700212121009827,-0.09270012378692627,-0.4492303733713925,-0.33171792328357697,-0.662176847923547,0.088585764169693,0.7760186190716922,-0.31809215247631073,0.6616660351864994,0.14140424132347107,0.02612310368567705,0.4001264125108719,-0.25098273903131485
right_eye_thrust_correct,169.3700039135199,111.25725495324595,85.4516647551095,64.0184783436939,113.6726169344236,117.40744748582597,167.04722021029207,154.56298502925034,167.17792932852424,159.33286846254563,113.6633271040882,78.27673821314951,73.56627256030743,112.8016352110738,172.42855265845606,0.4699121043086052,-0.044863760471343994,0.06703921034932137,0.3377309590578079,0.020382285118103027,0.06852597743272781,0.4138114433735609,-0.5975942227523774,0.3783742468804121,-0.6373437258880585,0.05341476760804653,0.6937489297706634,0.31810915283858776,0.6740516212303191,0.039057910442352295,0.004051155876368284,0.18698421865701675,0.20507317408919334
right_eye_thrust_correct,72.21209705562964,93.0375713927723,30.271604803749725,38.076842296361555,143.20830428964362,163.28919090728866,176.0633723838314,177.94502024944606,139.4179237944291,157.09960501592005,153.7245959453726,105.70041947523302,106.20877270024026,64.11947137954756,178.0069563906775,-0.11621183715760708,0.09942004084587097,-0.14472144283354282,0.25966303050518036,0.04685235023498535,-0.21092052944004536,-0.03905172646045685,-0.4020035231078509,0.23734935373067856,-0.5684541726077441,0.08255965262651443,0.6540513968502637,-0.10126645117998123,0.7955425119434949,0.07032319903373718,-0.0063474823837168515,0.18419911712408066,0.047643303871154785
right_eye_thrust_correct,103.17172504049651,106.2869213694099,38.60769544122858,46.7580843327126,144.19129660822836,128.43941878530018,159.64701735261414,146.2051261852824,153.45069308941038,170.36982749325767,103.42528128193601,110.16403437159036,79.54085108395225,79.21671012770518,171.84309968285027,-0.2790723890066147,0.03477403521537781,0.18173338938504457,-0.2631477229297161,-0.011169910430908203,-0.2817438095808029,-0.15040972083806992,-0.48246483923867345,-0.23045308142900467,-0.6810625684447587,0.11554355174303055,0.8106804001145065,-0.275936983525753,0.6831178176216781,0.11737164855003357,0.02057135570794344,0.36407609283924103,-0.29744164645671844
right_eye_thrust_correct,139.45296665895745,65.04254628955519,67.89722352113989,59.46839255384488,134.5117248200546,132.14877247630938,158.40350182376034,147.8320426315475,165.24401363209915,160.04778441417753,126.91703013316136,81.34094964173741,94.1462438216087,115.46210770025428,176.73047485616502,0.30096814408898354,-0.014692157506942749,0.2982944920659065,0.2061428725719452,-0.045027971267700195,0.12034344300627708,0.2576790973544121,-0.5752210870850831,0.30289869755506516,-0.7204519764054567,-0.03379382565617561,0.6548098667990416,0.28021641820669174,0.6462326988112181,0.04770687222480774,-0.0049834721721708775,0.2179013043642044,0.17679153382778168
right_eye_thrust_correct,69.6186993725779,86.44040745769554,41.7762100375068,47.8409422824188,151.22719717771378,167.73550330427136,167.4281945364589,167.10729337716342,151.83364574173592,153.61957850065505,137.80015782499345,117.17769415213752,120.9311991697091,48.18494188544188,173.63772042397528,-0.13847315311431885,0.11392161250114441,-0.11966507136821747,0.19702894240617752,-0.01692098379135132,-0.23527956643374637,-0.03134189173579216,-0.3913771011575591,0.1814124472439289,-0.6647316910966765,-0.08659800514578819,0.7833511135831941,0.006359821185469627,0.6601317427412141,0.08370500802993774,0.0055113629787229,0.030731615610420704,-0.05502658226760104
right_eye_thrust_correct,109.63941053312472,126.43520819458517,51.447173256397726,55.748088283200474,134.93053840098605,117.69974275705609,159.03342773795984,150.64403334212034,163.42701130329704,171.73365899065317,106.66223465682327,108.42564740009061,90.24759383457041,105.25403084381333,171.7226660807603,-0.2608846202492714,0.04955241084098816,0.061278700828552246,-0.4318201821297407,0.039547860622406006,-0.06350048631429672,-0.139799814671278,-0.45383516838774085,-0.43794798478484154,-0.6031892984174192,0.07803914323449135,0.8360654027201235,-0.3278001509606838,0.7096908004023135,0.1072801947593689,0.0222955709323287,0.3781495839357376,-0.28406693041324615
right_eye_thrust_correct,161.47218755653157,105.67451129761174,75.98888476878147,51.62435825586203,116.00351569124085,123.93052369750717,165.53387985761185,156.87745971695213,169.92427137364402,163.3192608074422,88.6402056333088,64.5592523863448,108.12019350565613,112.9051842526543,176.26177009200265,0.29065001755952835,0.015994668006896973,0.32868824899196625,0.3359294440597296,0.06723877787590027,0.08352821879088879,0.1906393226236105,-0.5512244240380824,0.4139931704849005,-0.6057447330094874,0.009876890107989311,0.7136192782782018,0.27314155362546444,0.6518133743666112,0.04074132442474365,0.01019593421369791,0.19007744267582893,0.2227451354265213
right_eye_thrust_correct,82.37711483463849,100.70170318788713,64.99991144624113,49.148784358711055,149.17250238606312,164.79819002582994,174.09526945341142,176.06048495280686,153.34448212127597,162.68988183622585,155.6387637812346,115.66602755300836,120.02743005341358,62.04302165069258,178.86360571527734,-0.08709319680929184,0.03276839852333069,-0.2003302490338683,0.1937711499631405,0.03964322805404663,-0.18055373430252075,-0.0400945208966732,-0.4880779279046692,0.13459348678588867,-0.5847138357930817,-0.06556370854377747,0.7597371744341217,-0.15457189083099365,0.8447223114199005,0.07810887694358826,-0.0066331635462120175,0.11626392602920532,0.003972536884248257
right_eye_thrust_correct,106.15158288243082,121.96844084172885,84.12828653965558,73.10926592019247,141.9869999194086,111.90097141658539,147.15419886483207,131.96453080315467,146.21743133054866,145.32647463868236,96.44047780921407,108.4801717025061,97.56923428217483,84.59949365503812,167.59501426248454,-0.27988971397280693,-0.0406302809715271,0.19130072370171547,-0.47817864269018173,-0.06039649248123169,-0.010748997330665588,-0.32035043416544795,-0.5073515952099115,-0.45154863176867366,-0.6444158137310296,-0.24154239473864436,0.6799256026279181,-0.2500734734348953,0.7161909162532538,0.04630127549171448,0.0005724434740841389,0.02368967980146408,-0.30544694140553474
right_eye_thrust_correct,105.08882173238467,113.24943657306893,61.96270760098374,45.0416295852114,153.89002015926198,158.32895955830872,168.1952226842483,156.9015548051908,157.35851189999966,150.80732951760433,134.16380712978093,113.12478551196716,102.59408984032049,64.02189129458702,168.8915215280415,-0.1364213116466999,0.07885846495628357,-0.2124827280640602,0.20135393738746643,0.038471102714538574,-0.3240329995751381,-0.01693654991686344,-0.4109998634085059,0.19282479211688042,-0.5765089681372046,0.037108466029167175,0.854527504183352,-0.04005873203277588,0.714925498701632,0.04289481043815613,0.023711195215582848,0.0930811557918787,-0.04478257894515991
right_eye_thrust_correct,136.286747404043,135.53229921709206,81.09674262840824,66.83574226986867,164.4406139538234,119.12421814669676,149.6224128400793,163.85361210373964,145.6498946810178,163.87161660558908,126.31146106522247,117.46333243472932,94.8764842474452,118.98668444400518,165.60833068472968,-0.3484288305044174,0.03146684169769287,-0.1222643256187439,-0.42472129315137863,-0.06994408369064331,-0.07940296828746796,-0.2210981883108616,-0.4605203941464424,-0.4171004481613636,-0.708783932030201,0.19958391413092613,0.8373906537890434,-0.4035596735775471,0.6784483715891838,0.09332478046417236,0.0461934432387352,0.5358741581439972,-0.24338624626398087
right_eye_thrust_correct,168.90961534668992,125.8737183079307,81.28908144179334,79.27441087402347,138.91262886164216,135.58297703407013,156.2821885050692,146.69105465332947,165.52336337888525,152.58131994456795,122.24567137167446,80.27820281741784,72.8933195224299,144.45615075222062,176.3794078915671,0.35185158252716064,-0.022539108991622925,0.3327934369444847,0.38563865423202515,-0.061757683753967285,0.030514847487211227,0.22631249204277992,-0.5202269449364394,0.5237399823963642,-0.7140253677498549,-0.1520736776292324,0.6590570316184312,0.4089009054005146,0.679810892092064,0.07979410886764526,0.009324570652097464,0.4582727998495102,0.1474129855632782
right_eye_thrust_correct,76.41437408006475,93.85302242136578,61.75381305237098,66.41018419918349,137.2500099402783,173.44481405687583,164.57982790047691,168.71050404831612,156.97285401195472,160.59119117064907,140.220228505892,112.89817510588148,116.44075625936553,74.17268595281739,176.80447658285112,0.010744407773017883,0.0150526762008667,-0.2036500871181488,0.20424849539995193,-0.10579782724380493,-0.18408557027578354,0.04270833730697632,-0.5215194141492248,0.15685446560382843,-0.7627499615773559,0.10417921841144562,0.6693241083994508,-0.11572775989770889,0.8053005421534181,0.08049565553665161,-0.0076606301590800285,0.20699063315987587,0.10908427089452744
right_eye_thrust_correct,137.53404573569085,125.86750729115036,91.5425119784492,9.79223252407843,151.53846696997212,88.19556949806592,163.51118763044065,143.54411502402067,167.62417355184903,172.62508469621028,89.09316996170485,86.61242473719805,105.01567214569016,80.9134821645669,165.84451551635127,-0.44208040088415146,-0.09575724601745605,0.006946772336959839,-0.17342355847358704,0.2933526784181595,-0.0558115616440773,-0.40781402960419655,-0.582709844224155,-0.057549040764570236,-0.2606081021949649,0.07178490236401558,0.7439148472622037,-0.2745831049978733,0.6183199929073453,0.09131401777267456,0.030559850856661797,0.32762448489665985,-0.3436441943049431
right_eye_thrust_correct,168.06796064859407,121.05693856102792,84.49759865978186,66.48329579987346,119.10969854480128,119.47350445033409,156.88558944675034,147.36377228234866,168.4242978414749,166.51620686054,146.46706017543298,77.96348328326958,89.72322262478234,110.1040912869451,169.91025125533662,0.43963274359703064,-0.06850433349609375,0.08361081779003143,0.36350105702877045,0.0003922581672668457,0.020869970321655273,0.3604327943176031,-0.6042307312600315,0.351157208904624,-0.6510150129906833,0.16576769016683102,0.6810383503325284,0.220762824639678,0.6129441563971341,0.04067504405975342,0.007265041582286358,0.003012537956237793,0.24549801647663116
right_eye_thrust_correct,66.84260050226597,93.57732294051463,63.72147706887094,39.3952943234716,145.80305693762148,165.16749084263478,171.87075595225318,174.46822822813107,145.79216010501008,148.23622625482204,148.20314435568727,100.01971008032687,133.81402158970718,54.591087676436615,177.25461736540333,-0.06412838399410248,0.0970618724822998,-0.17004830949008465,0.24426737427711487,0.018507182598114014,-0.1518486812710762,-0.009738251566886902,-0.4080955650424585,0.186166450381279,-0.6119414832210168,-0.03403012454509735,0.7359793517971411,-0.037308093160390854,0.755763802328147,0.05923941731452942,-0.002471538493409753,0.00793314166367054,0.002014016732573509
right_eye_thrust_correct,119.30574485480534,126.63802371507389,63.28654486108151,69.71054639750302,141.24376185319576,118.47726773775936,163.27563874534127,156.79478264747374,151.87669966943193,164.14530601320143,100.06473882550718,98.46734551532076,80.16294880972015,115.68852323940861,172.72968214000346,-0.3281466215848923,0.049784958362579346,0.04307417571544647,-0.41181835532188416,-0.05569803714752197,-0.07441275892779231,-0.22922111302614212,-0.4368540165014565,-0.47478606551885605,-0.7135605332441628,0.09871689230203629,0.7773782494477928,-0.2714034840464592,0.6684782388620079,0.11663293838500977,0.027609181590378284,0.3609149754047394,-0.25266245752573013
right_eye_thrust_correct,162.79525542299353,106.15412583989657,74.61151068661412,68.49835352680299,144.77327064253168,134.275910307522,154.46174825342212,141.0528977246083,175.22140547130874,156.26480814433768,111.6625129512302,73.25105029414763,84.23353219852453,131.720014042245,177.62503271124896,0.35741617530584335,0.002966582775115967,0.369470439851284,0.33037304878234863,-0.04444718360900879,0.10829084180295467,0.2653203532099724,-0.529540947638452,0.47671397775411606,-0.7158504044637084,-0.0615585595369339,0.6327121937647462,0.3066064342856407,0.5842525446787477,0.06358596682548523,-0.0036389315500855446,0.2926284670829773,0.15166624635457993
right_eye_thrust_correct,159.7238881912522,106.37480715883594,78.82210138554967,73.00222235698428,141.51742595984774,158.49526797137773,152.24529491558079,161.64567756965837,166.3935225204418,163.24061743597963,139.87577117633455,96.73380320185174,164.47816524037674,101.09785337455348,173.13338588741394,0.18887290358543396,-0.02487468719482422,0.44605688750743866,0.37017962522804737,-0.06077229976654053,-0.09012004733085632,0.20446556620299816,-0.594189730938524,0.4116906952112913,-0.7306923544965684,0.16970456950366497,0.6204259120859206,0.05870308540761471,0.7156132184900343,0.018924593925476074,-0.01648233737796545,0.1398247517645359,0.25940151512622833
right_eye_thrust_correct,124.168233055519,118.0811483955224,30.55159538553944,25.10573297644823,112.39372796721135,133.19580666775676,175.45194667149795,173.9569132829626,150.44052809301928,150.14275862908525,151.75785383396422,107.92612824059296,110.90778230107308,83.6531535864798,176.39391223312103,0.030645757913589478,0.2087455689907074,-0.1634928109124303,0.04424421489238739,0.2708328068256378,-0.28574774973094463,0.11381963267922401,-0.296914886450395,-0.047232721000909805,-0.3298486878629774,0.048863768577575684,0.6842276046518236,-0.039868902415037155,0.824069936061278,0.05699777603149414,-0.01236337935552001,0.11248358711600304,0.02054601814597845
right_eye_thrust_correct,127.39616810939768,123.62114608536253,71.3464563065731,51.50278771123363,142.93991570460906,81.2929299651688,170.41966389509565,149.2886990439026,164.57210521018322,170.73413667128543,95.26777449369104,109.41332774897822,103.74704286509908,110.80956972578672,171.07152279449076,-0.4106731191277504,0.0495738685131073,0.1999429715797305,-0.27844061702489853,0.10002604126930237,0.2655440866947174,-0.4146761242300272,-0.45273187290877104,-0.1515019480139017,-0.49490248691290617,0.006944684311747551,0.7529639946296811,-0.34741335548460484,0.6747569190338254,0.06558087468147278,0.0295619685202837,0.38082925975322723,-0.33324483036994934
right_eye_thrust_correct,162.22947305464763,112.61532929318702,75.9806188329081,69.35717788531656,156.65606602585154,115.71660499105354,155.16934286538518,135.4505782987841,175.36514221240222,154.81262992368468,99.28994671347553,59.72294896314436,58.73300512020397,126.19917082172257,178.21519793213557,0.359243243932724,-0.008206695318222046,0.3749638758599758,0.24242287874221802,0.004959285259246826,0.2294992133975029,0.23619598895311356,-0.4933445097412914,0.4065003767609596,-0.6335976959671825,0.0013758651912212372,0.6208737252745777,0.3809473589062691,0.5496347902808338,0.09901857376098633,0.023321534972637892,0.2985524460673332,0.07832438871264458
right_eye_thrust_correct,134.88281495597136,84.28315439006859,71.24411069862916,67.29532835062709,90.09450314444412,174.14025504969683,163.6055307033573,151.52802428744363,164.66725551216157,162.9620486084056,116.200970842573,89.29166984600141,109.07372305938623,110.3705246782707,168.7966300104023,0.1953705996274948,0.054077357053756714,0.012837927788496017,0.24780674278736115,-0.020616471767425537,-0.18776600062847137,0.28452287102118134,-0.4879131194902584,0.3632382550276816,-0.6267534968210384,0.2073752828873694,0.7431834462331608,0.19478187942877412,0.7415827038930729,0.01071116328239441,0.003206501482054591,0.06348679959774017,0.20373020693659782
right_knee_block_correct,102.2173132107287,144.4045377945094,61.11606319857279,33.92144206801329,138.90797783694998,127.63361675691766,144.0813633758457,119.81485461768963,151.40368420420003,144.1222444142988,75.77028660967848,91.67422566316769,100.27514408896658,82.84080643748875,169.858784946722,-0.18915851414203644,0.15215525031089783,0.1888938108459115,-0.3240794837474823,0.3981776237487793,-0.11215078830718994,-0.26330048497766256,-0.2947860141284764,-0.43567270692437887,-0.08218409912660718,0.22082331124693155,0.7400982598774135,-0.430141962133348,0.6115101794712245,0.05618739128112793,0.01541645172983408,0.659013032913208,-0.3510342985391617
right_knee_block_correct,100.56707604108105,149.14187598752687,38.23001793518758,3.10876828061535,148.78461575564455,122.08053826142523,163.0048864079798,160.63380518974964,138.69104789952183,157.12909443145188,141.58369897578402,106.65409531642227,118.51466797046706,74.70881611698238,175.79396674081678,-0.11034239828586578,0.2120864987373352,-0.19139696983620524,0.08229256421327591,0.41756371408700943,-0.1803158074617386,-0.06448977440595627,-0.25259397900663316,0.02702268399298191,-0.08012878871522844,0.30646342784166336,0.7059158536139876,-0.44253941625356674,0.7966146322432905,0.03885072469711304,-0.007794676814228296,0.5931059420108795,-0.05711976857855916
right_knee_block_correct,162.71020206017002,158.70907147353148,59.70572306452008,44.60407443545767,114.00907672325361,119.1627534774558,154.75004612207647,128.59166638066927,164.12839226696525,139.62265548639624,127.34331101914059,111.66601715107066,123.01310877054539,114.43482467073514,166.24228025745415,0.2229689583182335,0.17458266019821167,0.29170341044664383,0.2802494913339615,0.4142758697271347,-0.13660882413387299,0.3026318345218897,-0.33950614649802446,0.5122754666954279,-0.09896474052220583,-0.1595694925636053,0.6450453726574779,0.3879785630851984,0.7521921126171947,0.012677103281021118,-0.015900030732154846,0.4589037150144577,0.22716674953699112
right_knee_block_correct,104.1456160623205,142.27694165422588,55.88827154835188,38.3523887528134,154.73823452898924,121.28917462362246,153.93709518816783,141.00834329942836,151.28243934223647,175.13724135327607,92.8915818741072,100.06125816261174,116.09683026027058,102.3378081982131,170.0982936430491,-0.18604940921068192,0.1533060371875763,-0.16489018499851227,-0.3398590087890625,0.3810712397098541,-0.09515511617064476,-0.20478778332471848,-0.3696317244321108,-0.546793021261692,-0.14843069203197956,0.1385214701294899,0.7595749031752348,-0.33228711038827896,0.6687470804899931,0.032383233308792114,0.011539194732904434,0.4278140515089035,-0.23944395035505295
right_knee_block_correct,140.3489226244406,156.23809219561917,29.889521695391267,57.71648919442653,161.06842204789186,127.20538876434941,165.95071205056217,140.41298720285684,176.7101357712817,171.25065270171774,125.43356732542364,103.69138596353376,116.48363026567961,129.00352682611225,159.85001657664898,0.07677224278450012,0.24180378019809723,0.2802087087184191,0.2901110053062439,0.40671883523464203,-0.08825202286243439,0.12425843626260757,-0.2036374043673277,0.6567729935050011,-0.02849133126437664,-0.16149761527776718,0.7082233000546694,0.3554167374968529,0.7525918055325747,-0.019936293363571167,-0.04837146773934364,0.41693365573883057,0.16143271140754223
right_knee_block_correct,109.94432826952779,134.3774461183857,27.935840312887194,25.520903711478976,129.50566915424236,110.1384281210405,147.86512852733682,126.96126218850824,144.0765142825299,167.83590197956963,75.4692919290937,107.24045413390654,101.17971299645615,89.91825953536333,174.31388423642423,-0.19114383310079575,0.18543079495429993,0.16929659992456436,-0.2735648490488529,0.36834533512592316,-0.016930416226387024,-0.1655785981565714,-0.26725557912141085,-0.3339537624269724,-0.18086345959454775,0.23176061175763607,0.7649903846904635,-0.4542152527719736,0.6051866365596652,0.1205916702747345,0.0444697979837656,0.6665279567241669,-0.33221932500600815
right_knee_block_correct,91.58876548083119,152.8955013563905,26.811931773904362,18.098819051384215,137.73698779064645,119.35338889378596,152.84010485859275,166.0917500426286,152.7316317092561,145.11856299737636,129.5152309308076,93.95113686691471,111.2400372443439,58.62983057849298,170.06949551992403,-0.0629851445555687,0.22428935766220093,-0.08840661123394966,0.24229362607002258,0.38779082894325256,-0.01255510002374649,0.016784850507974625,-0.24713172437623143,0.2184697613120079,-0.1238473248668015,0.33099455386400223,0.78528520045802,-0.3058076426386833,0.6869138139300048,0.04474085569381714,-0.0029609473422169685,0.5429121553897858,0.03680647537112236
right_knee_block_correct,150.88770171969696,148.61211930082308,43.93700941440819,23.54582741523437,131.97797810037443,121.23976693034851,164.69716265872947,136.4420542434721,160.53183093411945,138.71932781373198,122.86825596721575,111.21033874433112,138.8477014198846,102.8021884939276,172.63080619036432,0.15440352633595467,0.2074708640575409,0.3095780797302723,0.15363694727420807,0.4613451138138771,-0.13962337374687195,0.2027538539841771,-0.3032042528502643,0.30349853355437517,-0.06175520969554782,-0.1795497266575694,0.6999481176026165,0.41757139284163713,0.7300091241486371,0.019948869943618774,-0.008661567233502865,0.5246255695819855,0.21329955384135246
right_knee_block_correct,168.010269236961,156.39732736172604,22.874638849542823,25.981367479064936,130.86255513574793,112.94496101121881,164.55162466684664,157.91479071119096,166.0314383704768,157.69179286955927,130.04161797600776,95.9319403952853,109.01189967866354,104.99873317542455,177.12402671263223,0.15067105740308762,0.3393121808767319,0.1166520044207573,0.1675824224948883,0.5137136857956648,-0.0771007388830185,0.08920116443186998,-0.13661822717403993,0.2582026468589902,0.001673514547292143,0.12583566177636385,0.7272557463147677,0.20388223696500063,0.768189832160715,0.03404080867767334,0.005236332188360393,0.024224303662776947,0.2499820813536644
right_knee_block_correct,107.10131003994238,162.70301968619984,44.34960860395145,15.751576308257427,141.16841834066085,110.24502719584821,158.13923341526913,156.8450593966227,146.97017025803578,155.6930008606212,145.74808102902657,101.48354205448315,106.04797347770415,78.96044703219687,158.80777732805217,-0.10508554801344872,0.2572188675403595,-0.1420467048883438,0.036444373428821564,0.5084062181413174,-0.0823802500963211,-0.05626784637570381,-0.20659134769812226,-0.028456395491957664,0.048952469136565924,0.28099896386265755,0.6868741265498102,-0.23589785024523735,0.7774225226603448,0.02927836775779724,-0.020054533146321774,0.5017437487840652,-0.013128012418746948
right_knee_block_correct,118.93003394613531,144.45103321954844,38.29626358431664,12.42966063318062,135.83975645258494,111.17605536095202,144.53479936882312,158.901971306914,136.631445820017,164.63029731699706,122.50671617996255,94.77891657942303,101.7029898236013,87.49848486515198,164.56553960800454,-0.18241145461797714,0.2517993003129959,-0.018157780170440674,-0.1413530632853508,0.5038554929196835,-0.05813326686620712,-0.13010701164603233,-0.20166822522878647,-0.23790813609957695,0.012017622590065002,0.25953199341893196,0.7459621354937553,-0.3204561285674572,0.720694474875927,0.07589322328567505,0.005870930850505829,0.4826360195875168,-0.2275935709476471
right_knee_block_correct,89.73599066320755,129.3089711732484,54.435112809807585,35.388418865336185,147.05342825197098,115.10556313658253,145.4372336880889,139.8822644323142,145.15121079532395,158.8306473680708,105.73322773956687,112.15046604996327,136.0425383830869,96.48355771903663,172.90814062742027,-0.15382780879735947,0.19774824380874634,-0.17329692840576172,-0.3537462204694748,0.29444892704486847,-0.09243744611740112,-0.13624021783471107,-0.2925688703544438,-0.5107225365936756,-0.279252000618726,0.32768772169947624,0.804967365693301,-0.42961879447102547,0.6694563846103847,0.08612358570098877,0.025919917039573193,0.6785232424736023,-0.2623160257935524
right_knee_block_correct,141.04335675738812,143.46461315556718,55.942248076233334,47.8494661433631,142.7134653873525,125.4966608209689,162.32341301889159,133.59219006585607,173.80574142980723,156.79149371569292,103.61165078463816,87.60267886085012,115.94752720320807,120.27607349658477,168.83421501670512,0.1372213438153267,0.11859071254730225,0.366457000374794,0.3117315024137497,0.33099067211151123,-0.02582439035177231,0.12422726303339005,-0.3779125162400305,0.6225046291947365,-0.18464275682345033,-0.321247361600399,0.6541861644946039,0.4246787801384926,0.7045115581713617,0.023206591606140137,-0.026645041070878506,0.6347320377826691,0.14677132666110992
right_knee_block_correct,146.02557480691593,161.76448867628406,19.34902250631472,20.017098106833767,148.24484887083062,108.8857521376828,148.63057819983234,167.87936343145762,156.29628137647444,140.25508543055807,145.04109767574715,104.88125736091139,93.02579966427776,89.2692892034851,173.54734161613504,-0.056295059621334076,0.3037196099758148,-0.018295742571353912,0.07718784734606743,0.37249018251895905,-0.13564260303974152,0.042781420052051544,-0.12917900423053652,0.10244600847363472,-0.1568943295860663,0.3433028347790241,0.8160110529279336,-0.29386065527796745,0.6817562993383035,0.05439889430999756,0.010773076908662915,0.5966934561729431,0.16740772128105164
right_knee_block_correct,86.38208561543829,113.96102896658057,52.920978064118636,17.64021791769922,147.22529227608896,133.9915551705772,173.28989569642735,170.82290159925878,147.58146995468104,163.72131206794083,139.8912310800142,108.59111948279607,122.56399479135438,95.37367840349955,176.14542988126607,-0.0773024782538414,0.1264747679233551,-0.1696573616936803,0.10126221925020218,0.31939223408699036,-0.2188776582479477,-0.05332394689321518,-0.40868594869971275,0.04353535547852516,-0.23714403435587883,0.1450669728219509,0.7668777145445347,-0.16771304979920387,0.8286398686468601,-0.014878004789352417,-0.018975064158439636,0.2946679890155792,-0.043629067949950695
right_knee_block_correct,152.22586369727983,96.90169777499793,65.5097219676108,33.507483977931074,110.18118221596947,54.98614735837977,163.96465803079485,134.30956339620437,170.19869414355983,151.97289093498156,114.51508762920619,89.06718327098874,87.13108421307889,98.44021475094921,163.24912717393065,0.2790529355406761,0.13609373569488525,0.1307053491473198,0.045867711305618286,0.2538122236728668,0.1132747083902359,0.3723662029951811,-0.37617323372978717,0.2555523347109556,-0.29718068812508136,-0.16681856103241444,0.7013767304597422,0.327457083389163,0.6559994759736583,0.007696986198425293,-0.008442089194431901,0.40329742431640625,0.19877944141626358
right_knee_block_correct,142.68094778634918,148.76845698362686,93.94333078478462,53.94078986222431,158.51239075866187,97.86621626569462,154.59585927444198,139.40371562265682,156.20644245408658,173.65666134039495,84.48996270438492,91.70460222754498,107.34520549774084,93.82842178080085,168.0333911753541,-0.4965522289276123,0.15223369002342224,0.04715466499328613,-0.40694842487573624,0.268718957901001,0.055259108543395996,-0.6585830738767982,-0.26472592167556286,-0.5030856421217322,-0.2772034388035536,0.04450486693531275,0.812138618901372,-0.4296056320890784,0.6892761010676622,0.09814918041229248,0.03950972482562065,0.459752157330513,-0.38598184287548065
right_knee_block_correct,164.5901307498655,146.06619917501007,44.386056237588605,46.046970494516046,140.89094558455963,152.32229430177154,167.61200351534413,175.1917452557977,150.7707031094044,154.1377223582807,136.20987025660787,100.8221680501174,132.5485272016487,63.34453845137746,179.78562289659928,0.26240910589694977,0.394645057618618,-0.08226986601948738,0.31916218996047974,0.1870904266834259,-0.2632075846195221,0.3778868317604065,-0.035692461766302586,0.2849428951740265,-0.37947616074234247,0.16347789764404297,0.765201716683805,-0.2227105349302292,0.8155678799375892,0.036187559366226196,-0.0006692912429571152,0.3945481777191162,0.08169617503881454
right_knee_block_correct,126.67036035025814,136.83275335039937,67.1112889741211,35.61392819556656,154.73382228798562,121.91624597450301,157.5146979681402,152.4412246850422,150.84812300132663,172.66226254319147,88.72081254869208,97.04599776291107,116.61665826257432,95.20261111614721,176.78825484763556,-0.25146909803152084,0.12382328510284424,-0.16378501057624817,-0.3767290264368057,0.3168210983276367,-0.1388934999704361,-0.2294876128435135,-0.3785228035412729,-0.4865361452102661,-0.24051796412095428,0.10140405595302582,0.7942693629302084,-0.40312108397483826,0.6669391789473593,0.059625208377838135,0.019825520925223827,0.47908972203731537,-0.28547538071870804
right_knee_block_correct,139.58064168357703,143.57859433002443,37.22936994280286,11.55451032836374,150.52821902799894,125.41146981706143,175.66909967921308,162.32224793016533,138.80417467664532,146.0163182844594,136.22788948910784,115.28013779178144,103.75160459889375,82.144769442698,169.97187209397052,-0.062142616137862206,0.32531847059726715,-0.15692642331123352,0.11447621881961823,0.38527625799179077,-0.24141964316368103,-0.09423695504665375,-0.12684782408177853,-0.04302451014518738,-0.1277050282806158,0.08582156896591187,0.6857122723013163,-0.16319651901721954,0.7977737132459879,-0.025759130716323853,-0.02146054618060589,0.2354995645582676,-0.05150371789932251
right_knee_block_correct,172.27761739835324,147.69051738057527,81.96351568223065,63.7751442452921,133.91663596542293,112.72371279755924,172.8833764951461,113.84785114897153,160.2250828590078,131.39577007980856,106.59058608016821,83.72394903591102,74.69504805283972,121.71623969580773,158.1724391441788,0.39850251376628876,0.25031235814094543,0.06762310117483139,0.3326714038848877,0.29541049897670746,-0.02211754024028778,0.5426014773547649,-0.203694854862988,0.638158094137907,-0.18971713352948427,-0.3278397209942341,0.6287304563447833,0.43818647786974907,0.6109310789033771,-0.013830453157424927,-0.03225037641823292,0.6560481190681458,0.2200520634651184
right_knee_block_correct,134.54968258162924,126.30616179007184,85.58690845519791,48.615569129695075,171.78901069948387,111.13978637242879,154.61723764893074,116.30440811371487,146.41138334595314,147.28534299373678,89.91388934512669,103.21429560265138,111.2712412226586,101.51930092948547,161.67801053414271,-0.4200495034456253,0.27855972945690155,0.017898395657539368,-0.309158593416214,0.30265846848487854,0.03629949688911438,-0.6178136691451073,-0.11753705516457558,-0.5012677535414696,-0.21923987939953804,0.3464452996850014,0.7857855968177319,-0.4894801005721092,0.6507695131003857,0.05127918720245361,0.0330028161406517,0.7772355377674103,-0.3901834040880203
right_knee_block_correct,120.3315761080741,145.76195643062516,49.99628492744981,13.424567624719794,151.9792534550487,113.10530351012447,171.14037547544785,170.34290858736912,138.60126853338593,151.82440704040434,130.29431057185386,107.43924799906154,103.05546685765562,85.7092314119641,170.0083971056055,-0.21470484137535095,0.23870883882045746,-0.12736518681049347,-0.06872722506523132,0.43874378502368927,-0.14328039973042905,-0.19713440164923668,-0.22743498208001256,-0.19126496836543083,-0.057888422627002,0.065845537930727,0.6736986446194351,-0.15872235223650932,0.797867517452687,0.04123154282569885,-0.005098998546600342,0.24188260734081268,-0.16236142604611814
right_knee_block_correct,168.15560804022303,150.06512071082966,40.383408600095386,46.41099388860044,142.396086395725,96.37360582664536,165.6302020471484,147.13635394658064,160.46663407639747,159.33270412958552,132.28382176746663,83.1840684523596,98.31716542111322,113.88476198708608,169.21048228540928,0.2306423205882311,0.30652032792568207,0.10810471512377262,0.31449341773986816,0.3221779465675354,-0.018862858414649963,0.24128642491996288,-0.1643483282532543,0.4581389110535383,-0.2168627919163555,-0.2520758230239153,0.6788618026766926,0.2816180270165205,0.6607874690089375,-0.0053233802318573,-0.016442909371107817,0.424683153629303,0.21586713753640652
right_knee_block_correct,108.27647149817666,140.30506592238456,40.975594510887646,27.822243944532943,145.2553938158155,112.97613055343517,159.12929234344193,134.57234059913122,155.16812616546918,151.87362753899947,74.84603493947657,98.13519605421006,83.72224687456918,76.30158608435686,174.53717871741748,-0.1532319076359272,0.10885432362556458,0.36119674146175385,-0.3741194009780884,0.3316638022661209,-0.09423579648137093,-0.12085512978956103,-0.3763107513077557,-0.34054221166297793,-0.20912662195041776,0.15442197071388364,0.7738769794814289,-0.32472415221855044,0.6277190591208637,0.0864768922328949,0.02367731649428606,0.47504499554634094,-0.3193711042404175
right_knee_block_correct,98.80132325989473,112.0856033966542,36.47367798260495,49.636672160144684,148.5479040973371,119.3808157265583,157.98288282169395,160.4540298541792,151.7652524785941,163.24414974745656,121.6816404921486,100.9703612235843,92.33785617716586,100.71264441128336,171.26916333798803,-0.2935408875346184,0.083712637424469,0.03498627245426178,-0.3443514332175255,0.015039145946502686,-0.1710023432970047,-0.15410635620355606,-0.40578945353627205,-0.3602045699954033,-0.6375631578266621,0.15691351145505905,0.8177228085696697,-0.3074631914496422,0.684784721583128,0.12599197030067444,0.03726988285779953,0.40384507179260254,-0.22013720870018005
right_knee_block_correct,153.45480897896766,101.49571144047884,8.17763821598728,66.78662939595631,142.93270951492772,128.3623743538697,162.0450262144749,153.61083862943806,173.15908266513534,168.08594424257615,79.06346380647423,52.424742673144436,110.3815876514587,126.79344186549763,176.96861914866562,0.048578761518001556,0.390129029750824,0.10457278043031693,0.26796358823776245,-0.00781482458114624,0.15787626057863235,-0.07727346196770668,-0.04139977879822254,0.4485422782599926,-0.6580996606498957,-0.1934683658182621,0.6609942819923162,0.2391938827931881,0.6259770896285772,0.09271970391273499,0.016363950446248055,0.32983140647411346,0.08681657910346985
right_knee_block_correct,97.72064847762914,137.50794261268555,23.71951329234245,15.922713290163923,145.70387332391383,123.16328346375383,166.90025880098332,151.9280825983166,155.73830067189004,170.11995372568597,96.68769910863172,110.22544204351453,97.78351274065562,81.28574241689628,172.0832007904378,-0.22088397294282913,0.13559642434120178,0.1839595064520836,-0.28751492220908403,0.3908654600381851,-0.07116235047578812,-0.12672404758632183,-0.3647550567984581,-0.28350296430289745,-0.1618567779660225,0.03450922109186649,0.8166861310601234,-0.28780445270240307,0.7080914750695229,0.10750064253807068,0.03144759312272072,0.31274302303791046,-0.32347337901592255
right_knee_block_correct,148.30328996620435,139.31113065104068,60.15901920631109,29.779019164321934,133.22194371618923,105.72846413146854,159.86865232416685,127.00427821657227,168.64636808407985,146.1481795437596,127.34004951391044,99.01303721881612,102.01114251947547,101.99199817988973,171.76978627687163,0.28203289210796356,0.10740190744400024,0.3726852536201477,0.1913951337337494,0.38659804314374924,0.035435326397418976,0.27741166576743126,-0.3991311718709767,0.43128826841712,-0.12583040492609143,-0.3144792355597019,0.6020903061144054,0.4755798242986202,0.6557347844354808,0.03837895393371582,-0.011514593847095966,0.6329209208488464,0.17339814454317093
right_knee_block_correct,100.2776495111021,134.97871093430305,51.83368541391001,28.004703674002723,149.65496951628526,127.25875898242265,143.62000565854908,140.0232357647891,147.23304792892472,174.9425179151139,83.64530686949803,106.35505328245901,134.0337635253407,94.17505958149596,169.80594708172907,-0.11138578690588474,0.26875706017017365,-0.13936899602413177,-0.28705450892448425,0.3946611136198044,-0.09440938755869865,-0.12856176868081093,-0.19492591824382544,-0.48635968938469887,-0.1279125651344657,0.21696225926280022,0.7569165388122201,-0.409848902374506,0.6933018127456307,0.05847996473312378,0.02681563049554825,0.6015366613864899,-0.23706788942217827
right_knee_block_correct,119.02521360067486,132.1752557763951,45.16489062905389,14.472223416242352,144.99070119917232,117.48015845001323,156.54538672589263,160.4466397944838,142.80390069743729,160.4795035269845,107.858749623172,101.3642960732663,107.74611013456212,87.82292438474026,171.11083284399257,-0.2281256914138794,0.2138928472995758,-0.10959041118621826,-0.2621067091822624,0.41432107985019684,-0.0926390178501606,-0.14897795021533966,-0.26981981471180916,-0.34655945003032684,-0.11881348118185997,0.06922757625579834,0.8289702050387859,-0.4408895820379257,0.7047889940440655,0.07638329267501831,0.036941781640052795,0.4513546824455261,-0.23109785839915276
right_knee_block_correct,111.06203403006899,48.36508061586618,39.60164725236227,24.606031847775604,128.91472687791088,128.06022189444292,161.87801604149345,150.7864797005636,172.94313031763306,166.12846526587137,109.57606716110034,94.94014585145702,100.95572821786564,96.2803874536837,172.48363086637266,0.2242838479578495,0.08829057216644287,0.22540614753961563,0.10295975208282471,0.0760079026222229,0.1501440815627575,0.21951216831803322,-0.44930463726632297,0.2554502822458744,-0.531409379793331,0.054874617606401443,0.7041912109125406,0.34090468659996986,0.6793972284067422,0.01728484034538269,-0.007713875267654657,0.2177116796374321,0.20041102916002274
right_knee_block_correct,108.35771473905841,160.71880277689604,27.473085390623588,8.23588716050232,137.37327719038123,113.22558853321718,176.0945069219682,173.37624335177952,153.3662451619745,161.2373619795516,117.3382441936351,97.5573995565499,107.06499612857368,80.98252025846215,175.88561049706283,-0.10027296468615532,0.2537592500448227,-0.15839535929262638,0.04110529273748398,0.47108596935868263,-0.1159837506711483,-0.07161253690719604,-0.23716914234682918,-0.027224058285355568,-0.038976266514509916,0.022566597908735275,0.7730257851071656,-0.13453567028045654,0.7931462866254151,0.04307746887207031,0.008741705678403378,0.15539348870515823,0.04637370817363262
right_knee_block_correct,124.23372152841182,134.59492309331236,47.82068677646259,20.01592677412723,139.81130444357393,121.94702412985201,162.46393837362598,144.27419123347067,157.93105605133917,172.5936604035798,102.70463228691642,111.74814516995484,126.07845443102609,90.05227252130574,171.76491628634983,-0.10212351381778717,0.24748119711875916,-0.18336383253335953,-0.20093625783920288,0.4423309713602066,-0.09109631180763245,-0.14457283914089203,-0.2547528622671962,-0.3830112963914871,-0.07799151819199324,0.14707724750041962,0.7937057437375188,-0.37813811004161835,0.7281434955075383,0.019325047731399536,0.007632644847035408,0.5014508217573166,-0.25724508613348007
right_knee_block_correct,157.07164267309082,154.67378059716177,56.57356111132748,24.441162414220834,131.41105719873514,110.01184583497499,160.89058689884584,152.98362124980287,169.05462823114985,170.67030069547198,108.90929529467634,88.1154109003,126.35704697886553,104.10451088070555,175.5998392340853,0.20136063545942307,0.16950100660324097,0.37602905184030533,0.1504550576210022,0.4735788404941559,-0.08609327673912048,0.18085102923214436,-0.34460469149053097,0.3243915308266878,-0.048335785046219826,-0.0444596316665411,0.670845964923501,0.3048497010022402,0.6870377454906702,0.02374368906021118,-0.008759855292737484,0.2648714929819107,0.2132067307829857
right_knee_block_correct,102.43591915152562,148.95947471546336,55.85304993617413,19.761370690296587,165.30286644202343,118.37884142163433,161.04773453775022,157.68161640997775,159.0656832031431,153.57493788310433,127.5013424458662,101.58156980338195,110.07657867178108,76.14595031365928,176.54189731420908,-0.22766590118408203,0.0832250714302063,-0.20395098999142647,-0.10259942710399628,0.36611753702163696,-0.244259525090456,-0.14533809199929237,-0.40755633544176817,-0.17677286639809608,-0.17960080038756132,0.07655955478549004,0.8611169354990125,-0.10681440308690071,0.7007816331461072,0.08761975169181824,0.01942008174955845,0.1596827581524849,-0.10810902714729309
right_knee_block_correct,122.22805449010721,145.88135354850678,42.15819964025028,28.397539390805818,138.06388146738394,113.32016761122954,166.6514003613321,157.07839350849238,149.98150159931666,168.73449750058322,113.18675592951921,109.76261473184871,89.48848924401699,87.93281610330536,173.3889126906617,-0.2518566995859146,0.1618070900440216,0.08281752467155457,-0.2962115406990051,0.36978647112846375,-0.10459170863032341,-0.213724996894598,-0.3248146609403193,-0.36768102273344994,-0.18292857566848397,0.16851331666111946,0.7744444175623357,-0.36834561452269554,0.6979030533693731,0.09343942999839783,0.015473744831979275,0.48574377596378326,-0.2598120868206024
right_knee_block_correct,164.56089974530718,144.87021344349816,22.39859092407905,37.74566997010996,139.01713309528617,94.47901819972793,159.22173173961113,151.78882337024086,172.34351888618056,169.9355910403075,113.45404832565131,78.91134233879485,111.44966105590301,111.49973463914093,175.5745936671604,0.1286236122250557,0.3999655172228813,0.21930380165576935,0.2988564521074295,0.3778840899467468,0.03954283893108368,0.02408105693757534,-0.03307280316948891,0.4480047672986984,-0.16061658784747124,0.009001478552818298,0.7205106057226658,0.37808744609355927,0.6898790635168552,0.038127630949020386,0.003945169039070606,0.3009428381919861,0.22398583590984344
right_knee_block_correct,100.95147466425905,165.71063874128657,36.720100319034415,8.353932408089788,151.622206119553,110.10091951718938,176.5299808269808,173.88930168814414,143.29053282145333,161.40803770346085,127.82630971371908,102.29615933355986,103.43415645170616,81.44115319279726,173.11852298363266,-0.17261314019560814,0.2051062285900116,-0.15637435019016266,-0.010900527238845825,0.49161224183626473,-0.0762011706829071,-0.12981820479035378,-0.26720447302795947,-0.10860438272356987,0.016684624133631587,0.07249873504042625,0.6884517276193947,-0.11848338320851326,0.8022420608904213,0.04761850833892822,-0.0136808049865067,0.1981319896876812,-0.024765461683273315
right_knee_block_correct,155.3084310245839,140.17897323244352,56.98216081105163,27.67022335147018,143.05468064203652,102.16928508095157,150.98415403923457,142.68069503627873,165.62672692261876,161.06190189810886,125.59385840871839,77.9875887982447,109.13045094434786,101.99291501019043,178.82666982517418,0.27739279717206955,0.15426591038703918,0.39054033160209656,0.23538626730442047,0.4100581109523773,0.06966623291373253,0.20849882811307907,-0.3389898679452017,0.40713784843683243,-0.12438608624506742,0.0003896360285580158,0.6374590852065012,0.2721405401825905,0.6371860363287851,0.04063442349433899,-0.0007854418363422155,0.17182413581758738,0.22073310613632202
right_knee_block_correct,85.98305069530294,177.43038500517727,42.13953109704819,16.387530219283228,151.16447771698319,111.6020539297216,170.61522125493494,172.21836733884965,143.78977556538598,154.0797021963473,136.38426344201258,101.85683651163706,109.9494951879298,83.6531688624316,165.88081048095688,-0.12590880785137415,0.2046264111995697,-0.10631605982780457,0.027671292424201965,0.5245984010398388,-0.07049345225095749,-0.10744665563106537,-0.2777577508240938,-0.06567469239234924,0.07104993425309658,0.12535890191793442,0.6398058962076902,-0.07007705420255661,0.788082106038928,0.025064170360565186,-0.023827120661735535,0.2052033767104149,0.020918525755405426
right_knee_block_correct,96.13958459535944,134.94940290289847,9.585117671260194,8.499454819173986,141.03874490976875,104.37774503751827,166.28958392048173,159.25177323405921,166.05863839121344,169.3814430629687,99.85415726865648,105.84048861085301,93.13233668422143,79.23761584374388,170.56654495466827,-0.15418538078665733,0.15870234370231628,0.262951523065567,-0.18091589957475662,0.4214712381362915,-0.03892447054386139,-0.07331175543367863,-0.33818227844312787,-0.1374522913247347,-0.11396186845377088,-0.09170590527355671,0.7838538507930934,-0.2991236764937639,0.6781525234691799,0.09622806310653687,0.03104232717305422,0.23408819735050201,-0.3065267279744148
right_knee_block_correct,151.34077153795494,153.967808943476,50.44775641773216,17.54583361606172,106.38853351454287,97.98201146897017,167.06707298406806,157.20904097723397,168.09137611280497,165.09872152104356,111.36401723113966,89.98256858194136,132.77073383485657,96.39620082805827,177.56443481161568,0.1603345349431038,0.1616690754890442,0.3453066945075989,0.10910617560148239,0.5235805362462997,-0.04575926065444946,0.08758816123008728,-0.35058731958270073,0.21823633462190628,0.002828755881637335,0.1447402611374855,0.7200245447456837,0.2565096542239189,0.6930114813148975,0.03876641392707825,0.016331201419234276,0.06780225783586502,0.23217780888080597
right_knee_block_correct,103.64323427686061,162.96903578245787,35.017383770199935,13.206549231728324,155.24904183587105,106.95568513765858,159.9680708941996,171.40500059506712,145.48980567600765,146.77156425579471,142.7056617042392,110.13555034251145,105.47861423390299,83.30109556055886,174.21940272940873,-0.20191369950771332,0.2053709775209427,-0.11581495404243469,-0.13329996168613434,0.46684928238391876,-0.10316347237676382,-0.12529387325048447,-0.2542929087067023,-0.1908552274107933,-0.011289704241789877,-0.024047479033470154,0.7875616814708337,-0.12225139886140823,0.8057552244281396,0.06673476099967957,0.011441102484241128,0.11420359835028648,-0.09460499789565802
right_knee_block_correct,106.52892048153838,150.81692958490964,52.21802274082885,28.847511548113097,156.3305863456327,108.67001188093477,134.33908844433475,153.36919192097557,148.04151712658287,154.377908144751,133.50928376493314,105.91081867623895,95.56034490270578,90.1561008762265,150.25251362271686,-0.2583900988101959,0.17877842485904694,-0.022789865732192993,-0.2702661007642746,0.4259049966931343,-0.0528523325920105,-0.16769149899482727,-0.2294427170418203,-0.3539039343595505,-0.01783716818317771,0.15169772505760193,0.8264203951694071,-0.4041595906019211,0.7214746163226664,0.09175577759742737,0.03271415736526251,0.42122291028499603,-0.13352154195308685
right_knee_block_correct,142.41488956998083,149.3563147991174,12.575730084402062,36.46568423843742,142.0767907139164,116.50850579205053,164.00900223200318,143.57418561273434,174.6473032850823,167.47618735594867,102.244537842782,60.27917637086651,108.57076907895465,104.0540232963326,175.44181042127238,0.10832673497498035,0.325779564678669,0.1962847262620926,0.2665715515613556,0.42428717017173767,-0.01133844256401062,0.018365774303674698,-0.10129784909076989,0.5160512365400791,-0.09792398032732308,-0.18119431659579277,0.6898926335852593,0.35037973895668983,0.6652651864569634,0.07759574055671692,-0.0019161785021424294,0.4396774172782898,0.12016574293375015
right_knee_block_correct,118.65921181997916,155.67056336482912,42.81123097601126,29.979543075134885,97.26015793275965,122.72699092586136,171.27457822799465,163.27167129581701,160.2455278837903,145.91119443147824,157.00421325595863,103.01401305022338,90.37868750039358,91.86253812395208,174.60662474510107,0.12996258214116096,0.17576175928115845,-0.18608958646655083,0.27461547404527664,0.465273879468441,-0.06069350242614746,0.13513537216931581,-0.3407100993208587,0.3232484804466367,-0.03164580790325999,0.09215414989739656,0.7479512435384095,0.04197781253606081,0.7996315103955567,0.014044016599655151,-0.008657161146402359,0.10420515015721321,0.21346845850348473
right_knee_block_correct,107.719456694739,147.25218475943086,40.60525295367248,28.79258695287879,155.64569255973652,109.85574756131288,159.03530005407538,150.19442603758398,156.99508727708198,162.89635117410148,104.44105682022929,93.51875149605313,108.80319894307078,92.62532744469965,167.45305752199422,-0.3275507986545563,0.1365806758403778,-0.05658644437789917,-0.35709838569164276,0.3266354203224182,-0.06444036215543747,-0.19721932336688042,-0.339803549926728,-0.3436524085700512,-0.20741191832348704,-0.39342932030558586,0.72441327245906,0.15739354863762856,0.6872673598118126,0.09996050596237183,0.025334962643682957,0.45469266176223755,-0.28128257393836975
right_knee_block_correct,143.52094971328444,149.40642586273097,48.21127671296718,42.752697335831606,148.93445263698624,108.32773931390551,153.04334423584305,175.6730805852467,152.14547108638712,148.03754834804042,130.31596475239328,77.34771273498625,115.5713548929242,105.12376280137725,170.78558944121596,0.25121964514255524,0.09215685725212097,0.38089702278375626,0.373270720243454,0.33940747380256653,0.05052502453327179,0.11589086428284645,-0.37250919570215046,0.4437403492629528,-0.21178482403047383,0.4453345350921154,0.6664890206884593,-0.10856769606471062,0.7056557096075267,0.08565911650657654,0.014533026609569788,0.5411544740200043,0.18343275040388107
right_knee_block_correct,81.79608102694938,175.159393993873,47.59545957567742,16.66839900946625,152.293018126378,113.96118875037186,156.6064147537158,166.47065652131775,158.2428694955395,109.01803574199126,149.26553203015024,129.215247604846,130.22493403631796,62.256375636300014,174.24207849945557,-0.06446593254804611,0.20252573490142822,-0.12584876315668225,0.10549390688538551,0.45984891802072525,-0.08854686468839645,0.022417886182665825,-0.2694088192656636,0.0989474505186081,-0.05969271529465914,0.1266220659017563,0.902342471294105,-0.051787205040454865,0.569558653049171,0.07612431049346924,0.011984662152826786,0.1954750455915928,0.01308246748521924
right_knee_block_correct,140.2157975084724,139.04282070841282,43.92847324214134,26.651292075652428,149.0623372476715,108.40492346677502,166.7543061192591,147.76874994500716,166.8311155847324,170.83727879983434,91.07768265047187,100.11331815549927,108.22159163998167,91.48093346509717,173.01634667203137,-0.29792192578315735,0.2927715927362442,0.05485813319683075,-0.30212394893169403,0.363379567861557,-0.0035907477140426636,-0.3006157921627164,-0.14125692239031196,-0.28787377942353487,-0.1798664121888578,0.025884955190122128,0.7566580385901034,-0.3221972631290555,0.682309886906296,0.0857897698879242,0.023569651879370213,0.33725790679454803,-0.3526666462421417
right_knee_block_correct,157.6471867652419,146.19255503959394,39.9466646471458,36.479591781436014,149.039321023092,119.23569263038897,159.72805591704787,146.18536522213665,164.20377646662828,169.871009495178,118.62092235477851,81.63846823799062,122.66703505858054,110.12938579848819,174.62425486734207,0.17694107443094254,0.26483921706676483,0.30610115826129913,0.2961813658475876,0.3781130909919739,-0.07507756352424622,0.14096356742084026,-0.20572503469884396,0.46925164572894573,-0.1685150470584631,-0.09688130207359791,0.6674112770706415,0.3339384328573942,0.5930196139961481,0.03559407591819763,-0.0074361832812428474,0.3411770313978195,0.22018906474113464
right_knee_block_correct,98.91665463529037,138.8142446700927,28.45716708494621,12.596073047616382,150.16864444171014,118.5053087555442,179.13931507889703,172.00143032392182,138.57070775519105,151.9974587170629,133.57898625354326,85.08469626821184,99.41574908760114,84.73882163299375,177.59062838341202,-0.19098807498812675,0.18203943967819214,-0.1416894905269146,0.0003760606050491333,0.40680039674043655,-0.18904807011131197,-0.13315549865365028,-0.32015363476239145,-0.07648663595318794,-0.12002961686812341,0.03601077198982239,0.7154099235776812,-0.06879985705018044,0.7250481734517962,0.04869908094406128,-0.0021450528874993324,0.08130975998938084,-0.03981351072434336
right_knee_block_correct,105.43846527517226,142.21386299770873,66.04987457222244,38.45945255838039,154.9273746051516,64.53111261620224,166.94278553446676,135.34705882508024,164.14909891557275,173.51664622554483,90.54050208234018,111.99005321930103,73.84230010132381,97.42909842462566,173.6785989656837,-0.18335584551095963,0.03969302773475647,0.43945007026195526,-0.3580934591591358,0.2683192491531372,0.14791301637887955,-0.12206549383699894,-0.3995815459638834,-0.32656138576567173,-0.2710806969553232,0.023027757182717323,0.7310650404542685,-0.27081176079809666,0.5635237153619528,0.09799277782440186,0.05227089673280716,0.3413041681051254,-0.31086457520723343
right_knee_block_correct,158.60855968227747,138.08127037699688,47.96943404086258,33.89771541904915,147.4140559668809,110.57579976274943,159.0357768577916,148.6197181356885,171.38625296437786,155.74284220806524,125.42388467206756,85.98440548763806,116.27360101067718,112.7642472676953,171.33241068004904,0.2849462442100048,0.20970532298088074,0.35047128051519394,0.3055235631763935,0.351402223110199,-0.01962381601333618,0.25369784235954285,-0.290125307161361,0.451528400182724,-0.20182951958850026,0.029693838208913803,0.6532816025428474,0.2800283432006836,0.6661470266990364,-0.0006272196769714355,-0.028857451863586903,0.17583465948700905,0.22320324927568436
right_knee_block_correct,97.87301725891234,142.42616787578618,38.702674410097785,15.659591841719672,153.68949526640785,110.22131383835956,171.2036198691707,173.48381341048804,147.28872412226167,159.95919195567043,132.26961390635188,94.97911064736934,101.9404353083599,88.63291780347546,167.4951641853286,-0.1814708448946476,0.193730890750885,-0.13172495365142822,-0.014995604753494263,0.4050288125872612,-0.11994028836488724,-0.12220216915011406,-0.30652933032251894,-0.09474283084273338,-0.11945688934065402,0.14861655607819557,0.6694588193204254,-0.14084235951304436,0.7279482015874237,0.03774446249008179,-0.010926138143986464,0.2205197587609291,-0.03993316739797592
right_knee_block_correct,122.0151572358738,172.0310189947481,51.06157700681168,36.88550677208879,131.32994156388352,114.07601607170648,160.18155004343694,154.92557243809364,154.8518798863222,159.98837275037937,144.46890171278082,112.85114290228368,101.88007538926443,91.05282374267303,150.70028852604486,-0.004594773054122925,0.26906344294548035,-0.09863218665122986,0.13834593072533607,0.5013511478900909,-0.09014812111854553,0.04044242203235626,-0.16383762983605266,0.12092002481222153,0.10939018102362752,-0.008315835148096085,0.7060883161611855,-0.10971301048994064,0.8465049979276955,-0.04218161106109619,-0.0337585611268878,0.14639347977936268,0.06049230694770813
right_knee_block_correct,101.5841474352634,151.4175924944145,25.252842276219752,15.458451746484457,141.9127226253863,122.26123927026188,158.2971907906779,166.64038866797603,150.0898631846186,164.5294759655467,102.7795296990268,98.72747759520637,91.24677490077686,83.33916159054814,171.3844392180255,-0.23773620277643204,0.15325269103050232,0.14410337386652827,-0.2780451066792011,0.4408040940761566,-0.048792408779263496,-0.12401510030031204,-0.3175586583092809,-0.3031321316957474,-0.054191519506275654,0.08425068855285645,0.7899069366976619,-0.3203676789999008,0.6620752988383174,0.09715911746025085,0.042975662276148796,0.35515615344047546,-0.20633988082408905
right_knee_block_correct,144.80960868072586,145.6235674796289,21.135244393060212,26.971601701750583,153.18937466748497,99.35988383609369,165.8894532054631,155.5289505998915,176.07315329543235,165.55501931185287,98.5340822950766,70.11653398165264,112.34994702212582,104.00953148275222,176.4897517581925,0.11691285483539104,0.3305855989456177,0.24151656404137611,0.2052672803401947,0.4285131022334099,-0.007675580680370331,0.04041604325175285,-0.11301051221380476,0.3990945629775524,-0.0911767869401956,-0.15437764301896095,0.7008817554306006,0.26449523493647575,0.7069512368034339,0.03710398077964783,-0.005078223563032225,0.3311387449502945,0.1711301989853382
right_knee_block_correct,99.99594708506304,172.5926672240259,42.97719305617593,16.608539870440328,146.40387591449442,106.46693361942967,167.0627144660246,163.92020874957265,146.47057260421772,158.35414690682646,138.92235123208442,105.24966795283376,102.43284449502379,84.19416489986085,161.60857946662273,-0.1529515648726374,0.2292775809764862,-0.11268486082553864,-0.04751487076282501,0.5257367268204689,-0.04913125932216644,-0.08886504545807838,-0.23741549800615758,-0.11690209433436394,0.07994077552575618,0.00875599030405283,0.6843930726172403,-0.18262683227658272,0.7908473854186013,0.040241509675979614,-0.006325160851702094,0.17198390094563365,-0.012980177998542786
right_knee_block_correct,112.77330825154209,150.57946054427495,33.09006175729655,26.484534388029996,135.26700727809438,109.49660051576289,163.05434898648113,155.39131423358674,158.86197695718914,170.08013701791887,107.05254457306076,106.73336464034973,84.61199219224353,95.30886263917425,167.57205166358702,-0.2508746162056923,0.12731656432151794,0.1563282012939453,-0.3391858898103237,0.37491700053215027,-0.010685982182621956,-0.14786731824278831,-0.36360834911465645,-0.340893279761076,-0.15971675887703896,0.04847640171647072,0.8017279915511608,-0.3847091905772686,0.6351520232856274,0.097818523645401,0.04285373538732529,0.41373878717422485,-0.252097774296999
right_knee_block_correct,160.2420669407115,148.48530604288888,53.981816005697276,26.678136989315416,151.98676604647517,110.28473634228118,158.72045825532717,151.20396693395577,176.62073764401998,156.76513077278992,121.99950009609178,90.39184492602418,103.23665704818872,108.90012779113925,171.9689142035165,0.2755151689052582,0.12302663922309875,0.3564533479511738,0.2758604511618614,0.4459570646286011,0.020825132727622986,0.1579882800579071,-0.3693680502474308,0.3889678120613098,-0.07344821467995644,0.011274300515651703,0.6731657646596432,0.33713415265083313,0.6920815967023373,0.029220134019851685,-0.003968636505305767,0.2606688216328621,0.18468734249472618
right_knee_block_correct,91.35819408666949,164.59863365741882,36.27809277570275,7.789308430170259,160.5769564037517,117.67472950589656,157.30025501413635,170.36356118561196,141.67562528427297,138.0023300492676,131.6370822761395,98.91440821893471,100.21591889403956,83.19080196478598,170.54725070401872,-0.21259351074695587,0.170169860124588,-0.1251956894993782,-0.043299704790115356,0.5124346311204135,-0.044052597135305405,-0.15672295913100243,-0.3321980335749686,-0.14713206514716148,0.04530792823061347,0.1544974185526371,0.867046048399061,-0.09549155458807945,0.7362085483036935,0.042965859174728394,0.0014774613082408905,0.2183435559272766,-0.06363886222243309
right_temple_block_correct,90.13384423430902,141.4884124527459,72.83376008749785,75.42172902132234,150.7636036015896,112.42891340616173,137.10761824380913,146.9101573852915,162.5633032140968,167.78892243122533,107.28580167357157,96.15995123498806,122.54424312562999,95.34241043457358,174.23253156418275,-0.1927495300769806,-0.006439119577407837,-0.17131704092025757,-0.40894749760627747,0.025873422622680664,-0.10894689429551363,-0.16260378900915384,-0.4948462387546897,-0.5167730683460832,-0.6032225927338004,-0.4301277035847306,0.7305686036124825,0.17483661230653524,0.6405240455642343,0.1443152129650116,0.01840602420270443,0.4920283555984497,-0.3066789582371712
right_temple_block_correct,83.01120072599974,121.31385915258203,45.03649242421893,66.62762660425587,157.3503597053389,139.16517777406693,141.88796071292379,154.97082451873248,157.38622715194788,147.4062979866697,125.57483350005332,112.21410566701302,112.16893759297673,91.94867306787292,176.75162246728402,-0.11808134615421295,0.06723463535308838,-0.1957237720489502,-0.0376826673746109,-0.021436214447021484,-0.24939403869211674,-0.041291628032922745,-0.4104234019177966,-0.14400717243552208,-0.6416358390706591,0.41096194460988045,0.7957782110315748,-0.30977166816592216,0.714876588259358,0.12329620122909546,0.0006042084423825145,0.6228454411029816,0.017406409606337547
right_temple_block_correct,178.1009807534784,144.0591892421031,94.8150368512518,92.92371930215786,109.56576692688873,138.1686079062241,138.9905233111942,166.87734226723236,163.5064170949544,143.01879986340992,105.22718327853659,93.44177478589266,142.405162252711,112.6105258782116,171.20111990985237,0.25438306480646133,-0.014256477355957031,0.3892538771033287,0.4303947761654854,-0.01377040147781372,-0.09860941767692566,0.3201047321781516,-0.5694005743134767,0.5833718320354819,-0.6634068742860109,0.35569222178310156,0.6468402489554137,-0.2630674997344613,0.7279568656813353,0.05072563886642456,0.01638970198109746,0.6026460230350494,0.2672121748328209
right_temple_block_correct,64.46419797862875,120.94902635757198,55.86603188439394,72.52292261017368,157.8965603436559,143.96639718919195,158.61472418620332,169.4324971661407,155.10675321103025,152.79717207706608,130.6013992035369,98.33796701949433,121.3163062457117,92.02314486062028,173.5259904649947,-0.08999388664960861,0.030976414680480957,-0.17553121969103813,-0.007359899580478668,-0.04977911710739136,-0.37137994915246964,0.02430836483836174,-0.4891565426951274,-0.04465755075216293,-0.6886074229842052,0.14378947764635086,0.8297667220467702,-0.12308577448129654,0.7472450450295582,0.11444711685180664,0.001276151044294238,0.2718560919165611,0.010871592909097672
right_temple_block_correct,74.23135076705321,155.1247190612568,69.43636848946991,84.26339870028927,141.94545914564378,118.95433473540191,157.01380851712153,152.65060049768172,162.27510958612945,173.13344590427505,101.45041671008768,88.76152944582996,110.40775725847274,101.4665210268634,175.3127970564223,-0.21538492292165756,-0.057413727045059204,-0.027630090713500977,-0.49760912358760834,-0.05343770980834961,-0.0875541903078556,-0.11200250871479511,-0.5590562140569091,-0.5341695714741945,-0.6884356057271361,-0.3155530858784914,0.7543553793802857,0.18405973725020885,0.7072842800989747,0.15557986497879028,0.023222001269459724,0.4119257777929306,-0.3449939489364624
right_temple_block_correct,124.29224182162687,145.63984183596904,30.81260993119615,90.34163813245226,144.08825908556153,141.53633456158443,159.98836263057774,174.78345240793294,168.99244029472771,164.59504645755987,109.24097603795077,65.49275669134889,125.60465220407049,144.2913317412313,176.87852235082252,0.152739480137825,0.20422284305095673,0.19565443694591522,0.5010122507810593,0.013193190097808838,-0.04208296537399292,0.08694581687450409,-0.2314249100163579,0.7343348562717438,-0.5762021960690618,0.28898313641548157,0.7259814320132136,-0.1129673421382904,0.7407486019656062,0.08878698945045471,-0.00012446660548448563,0.3818381428718567,0.22091135382652283
right_temple_block_correct,93.3242609117574,130.99427519351363,56.98234699039703,66.76218519458968,128.61801154806102,113.07766107195444,146.13903105798445,147.3998889326921,142.8899356433696,177.3275989059392,68.50869232784748,92.58221336723273,83.27227551570203,101.97891889372568,172.80521156401608,-0.2392818033695221,-0.01757824420928955,0.2066715294495225,-0.37560226768255234,-0.010705232620239258,-0.062236592173576355,-0.15598288550972939,-0.5025099227204919,-0.4098085053265095,-0.6523757884278893,0.21857936307787895,0.7198962261900306,-0.3860613889992237,0.6405325224623084,0.16471216082572937,0.03035893104970455,0.5800975263118744,-0.309779055416584
right_temple_block_correct,120.45080696785472,142.8625101696676,64.3070769360283,51.34656522013254,151.83285964125133,131.19301455286478,163.41320628923657,163.98156242846537,141.9678878924072,146.285367261363,139.8691625012146,105.84664298183516,102.16948832749087,93.4063165147431,177.0949272476195,-0.22302254661917686,0.11210295557975769,-0.24099598079919815,-0.2799655795097351,0.14040455222129822,-0.42582088708877563,-0.14250589534640312,-0.3896371859591454,-0.39675159379839897,-0.4544567901175469,0.28857778385281563,0.6747464102227241,-0.18975801393389702,0.7851686638314277,0.08507367968559265,-0.008221825119107962,0.4067152887582779,-0.11539339274168015
right_temple_block_correct,167.09331454912763,132.8310586953032,69.68798601942667,58.87773069386366,105.34813979291378,114.98013720877027,163.32234013726463,152.76654509739993,162.4537577530148,164.76119802503837,128.68394929485214,93.90205270916545,77.11109646682507,117.74065420134689,175.905859728515,0.40493541210889816,0.08589723706245422,0.05957532674074173,0.373231902718544,0.12309682369232178,-0.018171772360801697,0.3551956657320261,-0.4237594268633984,0.48662605322897434,-0.510669227631297,-0.17227268777787685,0.7270278372452594,0.41182040609419346,0.6891740598366596,0.06956443190574646,0.004313484649173915,0.4901558458805084,0.22195301204919815
right_temple_block_correct,111.16419967662445,132.0618453418312,40.83662649303596,48.45512608317093,134.29886519480496,145.51938022479283,160.1824073827154,170.58410898152943,152.17904547762598,158.15085645212562,124.85528134357605,108.07743865963543,102.22026190786427,83.87480081616943,172.97233821424877,-0.05472561717033386,0.18425628542900085,-0.231856944039464,0.12073253095149994,0.19497287273406982,-0.4343089535832405,0.055650584399700165,-0.3271656511351466,0.10568974912166595,-0.40378307085484266,0.3093225061893463,0.7155894162133336,-0.20078353583812714,0.8401860119774938,0.07254421710968018,-0.01538279838860035,0.44856899976730347,0.05331435240805149
right_temple_block_correct,172.49194556739803,143.80767301790937,59.21835212655729,65.5342432531456,72.05378055854061,125.96852721616763,162.0154376953283,171.56237505715802,161.38436365313873,159.8382173261316,148.66932923652118,84.75255524162921,102.81973007279505,118.67667221810905,172.50404276191517,0.3046552389860153,0.11777052283287048,0.16013041883707047,0.4669802226126194,0.09270694851875305,-0.10467113554477692,0.21198463533073664,-0.4038771447376348,0.5370481023564935,-0.5413069483474828,0.041727409698069096,0.6654111388488673,0.11244557145982981,0.7383318784995936,0.0478818416595459,-0.004303143476136029,0.005836665630340576,0.24709578603506088
right_temple_block_correct,117.18606668873744,125.37421322658936,53.575993908932205,27.005561751319764,106.69113351097398,123.92775491603389,155.25248197159357,162.25982693664537,150.90376048149528,163.83696954286978,127.64203463774737,98.8368514622593,72.21296787196827,68.63161327573708,169.49612108809953,-0.24873653054237366,0.11176538467407227,0.13564565777778625,-0.11098753660917282,0.25961828231811523,-0.2900785431265831,-0.10588984191417694,-0.340411564335227,-0.050263844430446625,-0.33239867351949215,0.20700674504041672,0.8198365066200495,-0.353099025785923,0.6756724212318659,0.1195930540561676,0.03410886973142624,0.4771714359521866,-0.2311529591679573
right_temple_block_correct,87.55528952822331,145.03930823883107,34.59955151095187,82.97414715383148,160.54995651807144,147.27818961965053,147.81277692195974,176.6744851350956,146.95566868657522,149.66320938279074,106.48111823684853,69.50316311043811,134.51008983730776,142.3464595277798,175.8188949387629,0.08619314432144165,0.1874265819787979,0.11936170607805252,0.45819009840488434,0.05591994524002075,-0.05968758463859558,0.01596878096461296,-0.2477343063801527,0.7303476352244616,-0.5358524601906538,0.29665363021194935,0.6347422320395708,-0.31341892294585705,0.6649912912398577,0.09795904159545898,0.00460352748632431,0.5837821513414383,0.15080254524946213
right_temple_block_correct,89.41224253947559,137.19534207032285,57.79175716328611,66.55650056040237,142.17740196013978,111.1928564419143,138.1653622969553,152.54908928625485,142.89046775990988,153.97686401404764,101.2233313591203,108.31270823035531,150.49819370366774,117.6410385980251,174.65150996515038,-0.1534729953855276,0.23628206551074982,-0.17523738741874695,-0.4424835294485092,0.06614965200424194,0.0699262022972107,-0.09895939100533724,-0.23511147126555443,-0.5290017472580075,-0.5873444490134716,-0.4295856701210141,0.7260515280067921,0.3500138474628329,0.5807340331375599,0.1570734977722168,0.04333816468715668,0.6340787410736084,-0.30125701427459717
right_temple_block_correct,120.59563918023869,140.94588349835445,46.713554714607675,52.378070116922565,142.8010496136062,142.38416600628116,155.75751478714724,160.369669400392,158.09405807031672,156.2650200213342,113.10643748146532,89.01118571124564,114.72275972644131,82.54701931661434,176.77931250688061,-0.014186203479766846,0.17811045050621033,-0.2548335902392864,0.07892852276563644,0.1606251299381256,-0.4720722624915652,0.09909234568476677,-0.2921327135991305,0.030236225575208664,-0.44236121396534145,0.32976898178458214,0.8258027352858335,-0.2575051821768284,0.7422309436369687,0.10064777731895447,-0.0012062634341418743,0.4911307990550995,0.03371239436091855
right_temple_block_correct,32.73741894447184,69.0610192454997,49.44000970442647,42.64279417309286,169.67359314411172,166.36134849896652,161.13177843618985,165.17522968609944,156.35818877711745,157.14654362376473,140.1178727536496,95.61407619954382,122.6028083116477,70.39579446022685,174.41286140938362,-0.08718205988407135,-0.046347469091415405,-0.04938342422246933,0.07464427873492241,0.01332014799118042,-0.2295952532440424,0.018818505108356476,-0.5706402042414993,0.02272563800215721,-0.6121814826037735,0.19770547747612,0.839542510220781,-0.20412969589233398,0.7090344449970871,0.06224152445793152,0.011582131963223219,0.36342138051986694,0.04610349424183369
right_temple_block_correct,177.9503585880177,136.05317029123756,104.16505215170315,89.67676850845825,131.6778679544191,134.7238775596682,158.41667371490846,172.46698511485488,171.1466666744394,163.4511114046496,114.98734009428588,79.2347105679317,71.0344551895631,133.00656726636436,173.6698836934888,0.33398762345314026,-0.0812566876411438,0.12014581263065338,0.40312378108501434,-0.023089051246643066,0.02143172174692154,0.32533747144043446,-0.6198804355226457,0.6157235819846392,-0.667521474417299,0.1857184488326311,0.7576639079488814,-0.08873303793370724,0.7641164683736861,0.05118292570114136,0.022818886674940586,0.2909204810857773,0.22045410424470901
right_temple_block_correct,148.18280548083277,137.83261063530762,102.05441740682313,61.804594662852296,151.75723317992816,114.3016520493274,152.93612778007565,145.2493786434081,156.26095140924193,178.41903180125578,77.07931205098406,85.45189690595387,103.20156851805241,96.60031591149132,168.50127858880947,-0.5013066027313471,-0.02458062767982483,-0.021790772676467896,-0.45458249747753143,0.08051750063896179,0.007246740162372589,-0.5927630737423897,-0.501806088257581,-0.5145121291279793,-0.514831789303571,0.13009851425886154,0.769249729346484,-0.36303669959306717,0.6661223093979061,0.09973326325416565,0.022788777016103268,0.4693300127983093,-0.36151137948036194
right_temple_block_correct,90.88733966917269,125.78798390726882,21.716128402327538,54.83265634031037,146.09180980661597,155.459383765034,158.0101401257779,170.96379005827026,160.46347800040627,149.11219183063503,111.21100784765642,88.58519325685009,107.09756459199785,87.13658211040855,170.1760312331033,0.05705951154232025,0.158986896276474,-0.24476145207881927,0.1203516498208046,0.0681639313697815,-0.4330389176029712,0.2610630393028259,-0.2967349346727133,0.14912384748458862,-0.5395314153283834,0.2518194317817688,0.8679882828146219,-0.15245267748832703,0.7502365652471781,0.14683371782302856,0.01737453043460846,0.32144583761692047,0.07831402379088104
right_temple_block_correct,154.4121450645546,139.59394442070476,74.54845217897986,86.48131648395776,126.3770174683027,129.60032277657376,148.90480533433242,158.42682289210046,174.1934003686025,149.29366229278946,120.16673329005778,67.29911972225285,103.21592010077534,129.453831014955,173.59994490551745,0.3287584036588669,0.025928378105163574,0.40938587486743927,0.4451512396335602,0.015481948852539062,0.051519036293029785,0.2790696285665035,-0.46762275346554816,0.6758741997182369,-0.6243705416563898,0.3304322324693203,0.6922703718300909,-0.006455462425947189,0.6788242196198553,0.11288753151893616,0.02286245720461011,0.35601337999105453,0.22072690725326538
right_temple_block_correct,88.3257538061619,141.4665471269539,42.53232660472925,75.67565251750081,145.56859588190633,118.74114609893677,160.29667183792984,153.77651563585664,163.5547782007029,166.0087518462588,115.18016932973705,98.02437175968393,99.72944173904654,117.80167128656662,173.5453174226725,-0.2599319666624069,0.01594594120979309,-0.004782788455486298,-0.4537682607769966,-0.030209004878997803,-0.04657686501741409,-0.14788737520575523,-0.4832859728485346,-0.525426235049963,-0.6759372446686029,-0.2545616589486599,0.7540810015052557,0.0070740412920713425,0.7335026767104864,0.14455413818359375,0.018851449713110924,0.2121446132659912,-0.26024311780929565
right_temple_block_correct,126.09200364998841,141.5656574630548,90.43757503659394,71.3264214491775,143.0345060411377,148.10643363071281,148.09679014686745,158.4415428981026,152.5685924496079,150.0713129491015,127.8962445966471,97.50469784373264,101.5616383908515,83.42609215236355,176.18078600077953,-0.03394320607185364,-0.013098925352096558,-0.2982694301754236,0.12004086282104254,0.051035284996032715,-0.45372788794338703,0.08032353222370148,-0.5013883637730032,0.07702796161174774,-0.560770325595513,0.2848688215017319,0.8190513325389475,-0.261803075671196,0.6840962839778513,0.08706009387969971,0.010972019750624895,0.501868411898613,0.007981978356838226
right_temple_block_correct,166.1416587192208,150.43778476565845,93.99610407239156,72.50672812811807,120.64230583145863,120.7320750530177,167.06777931003091,143.52105667089637,166.13504994068688,152.4260646046647,127.26734614801549,88.96949817495639,83.21551426837645,123.14208440656165,169.92629256259002,0.45912608597427607,0.06014108657836914,0.05140445753931999,0.4454883486032486,0.1408616006374359,-0.09105312824249268,0.4908331651240587,-0.46180312614887953,0.589995862916112,-0.45292853098362684,-0.304525313898921,0.7041799249127507,0.38778931088745594,0.6686685504391789,0.00701218843460083,-0.01758374646306038,0.5959292948246002,0.22457892075181007
right_temple_block_correct,130.074628609893,145.84726209602462,100.53040018366515,70.2570670378235,158.34751574156175,119.71109185258203,137.01545109947713,133.1309406781378,148.9221176083792,173.76357830668945,101.36189183684834,96.8115272534704,124.96687788203779,97.81747760230571,173.5527205011948,-0.43033582903444767,-0.042799562215805054,-0.07017858326435089,-0.4608201738446951,0.02278083562850952,0.0829642042517662,-0.49354091426357627,-0.5321170701645315,-0.4595183446072042,-0.578576625790447,-0.2853082730434835,0.7391967163421214,0.022699947003275156,0.617811678443104,0.09100028872489929,0.02118940744549036,0.2586079090833664,-0.3536001667380333
right_temple_block_correct,70.00365653881765,139.3037897513703,60.000262703927994,62.1239389931923,166.48669010060283,139.11836603040462,155.09112814300437,166.0748771328134,156.9942317533433,152.7258404126324,126.75323987470705,92.78592947509937,116.86286453542901,75.56077440257906,175.7315832355697,-0.12431088089942932,0.010811775922775269,-0.1727793311001733,0.060067590326070786,0.04803270101547241,-0.40388988656923175,-0.019511140882968903,-0.48730714875273407,0.013970432803034782,-0.5719424958806485,0.2470364011824131,0.8408584718126804,-0.16667206212878227,0.739138436736539,0.1224091649055481,0.012500769924372435,0.3988141119480133,-0.0078537737717852
right_temple_block_correct,162.68327117068947,138.3079445220763,62.70667056084094,63.22420877072093,133.47642538411094,115.90214492431295,151.805383432275,160.534128561282,161.78899747214214,155.9635856438198,139.11602140125893,78.79668451153879,116.94460336027447,117.48007826424265,175.1147229108601,0.3015189617872238,0.09655749797821045,0.3907805234193802,0.4144481122493744,0.15245604515075684,0.045278698205947876,0.21252443455159664,-0.40058860974386334,0.5298240836709738,-0.4479723949916661,0.17548722587525845,0.6584980706684291,-0.012342475354671478,0.7269112686626613,0.0652925968170166,0.0026230337098240852,0.2218787893652916,0.25931181013584137
right_temple_block_correct,116.89111662125649,137.56055507177686,51.2361919668971,55.2595796353054,167.1681186308468,103.40407844694973,160.93756256878535,142.41026741076385,163.4128185101292,164.24844014359064,79.11012417306355,97.29696095437434,79.1463086535048,97.8923126251782,168.1805521628854,-0.23674249649047852,0.1222110390663147,0.3733756095170975,-0.45257480442523956,0.0648878812789917,0.013654857873916626,-0.1272700149565935,-0.3166430750861764,-0.3658157605677843,-0.5175604978576303,0.12122509442269802,0.7570509156212211,-0.30735606141388416,0.6483283480629325,0.11506837606430054,0.02355773188173771,0.43483564257621765,-0.3461441844701767
right_temple_block_correct,103.49044938287643,124.88543123077203,61.8247440890336,44.94198467459557,132.87653795922142,109.43569622759297,156.09542925780397,143.56715521560938,152.0917561430242,161.2044267340182,70.26144040474973,89.03790309645635,85.72049396737286,89.2154706125033,169.4077163814766,-0.23441315442323685,0.027722060680389404,0.2623945437371731,-0.45256419479846954,0.09960111975669861,-0.037821605801582336,-0.14554147981107235,-0.4391187746077776,-0.38165021501481533,-0.4922288376837969,0.13428368605673313,0.7634749691933393,-0.3439591880887747,0.643896846100688,0.1040499210357666,0.03372051939368248,0.47637297213077545,-0.34358910471200943
right_temple_block_correct,103.97671169448945,138.00353504667785,55.71661012644484,48.77131188680595,146.74075736765198,121.56933584194961,130.4213230461266,148.3324756940348,141.23985012984687,177.3775229554983,91.27112243134538,95.74551325434747,104.41793593649943,99.18032282756096,176.0821346271479,-0.26746170967817307,0.06530871987342834,-0.05716751515865326,-0.4217516556382179,0.19559046626091003,-0.13324782252311707,-0.20826495811343193,-0.4465233627706766,-0.5287812910974026,-0.413436496630311,0.27516746893525124,0.7079124506562948,-0.38460737094283104,0.6616087611764669,0.120028555393219,0.018169578164815903,0.6103587746620178,-0.27040933817625046
right_temple_block_correct,104.29963914484358,137.86513965698515,48.55840748942157,42.61164965592541,135.44296543200562,108.39143565821433,162.92611953095928,143.5266143982473,160.69256787857844,175.39030889460176,81.99958693058774,98.58886324959357,81.06675810144968,94.115960295208,166.7549539524883,-0.27433566749095917,0.02805313467979431,0.29967066645622253,-0.4508623741567135,0.15422016382217407,-0.0007217228412628174,-0.13091682270169258,-0.43201345670968294,-0.3970498777925968,-0.4173966692760587,0.05128950998187065,0.7882407261058688,-0.35531896725296974,0.6466156793758273,0.1397615373134613,0.040778813883662224,0.3995627164840698,-0.33855318278074265
right_temple_block_correct,173.2581832569718,139.8989839033029,75.98822611910789,53.07182254032381,109.26794389779148,116.33559041969751,166.91513421217172,162.10425129349505,170.02384042625772,166.22674261656616,112.04454089011354,80.21953461383033,88.49355968836078,108.72079054838075,173.0064692329955,0.5437046252191067,0.09445944428443909,0.016830675303936005,0.40857892856001854,0.1658356487751007,-0.10636039078235626,0.5423081228509545,-0.4173090006224811,0.4796227226033807,-0.45865388168022037,0.0378724904730916,0.7251336430199444,0.2868925938382745,0.6774942730553448,0.04584842920303345,0.001111676450818777,0.19307390972971916,0.2267523631453514
right_temple_block_correct,103.39748897116566,123.17312122632977,47.803839504525946,28.724038374657045,153.30759437928566,133.40845524342095,173.20352998916832,176.76089158032866,135.99651918802658,148.96602287641966,136.14875561178917,99.10757397277825,101.95382886472156,79.02609374728883,176.72409429503813,-0.21813960000872612,0.1191224753856659,-0.20378118380904198,-0.05753515660762787,0.22070831060409546,-0.44165582209825516,-0.1223544031381607,-0.3981646285392344,-0.13355058431625366,-0.3739547119475901,0.025792868807911873,0.7549474253319204,-0.15991997718811035,0.7962710871361196,0.054817020893096924,0.0017696958966553211,0.1689283223822713,-0.08083431050181389
right_temple_block_correct,135.24919365955628,127.9863067036337,63.74864229671927,33.11163919871733,151.01226989349024,122.31441200784275,157.22162465852213,149.50720322349727,150.90973230903114,169.56769633819198,93.62057579440555,103.65832050310134,104.33559503614009,94.56128739995962,172.9353570308389,-0.28080132603645325,0.10543465614318848,-0.12080015242099762,-0.38976262137293816,0.24910569190979004,-0.10455969162285328,-0.20131934061646461,-0.38014683220535517,-0.44736114516854286,-0.33509078714996576,0.08711995556950569,0.7882708599790931,-0.2980528213083744,0.6940862825140357,0.09239977598190308,0.03391285054385662,0.3686590790748596,-0.26749954372644424
right_temple_block_correct,165.33500518438504,148.1007694385942,7.75317106638375,69.6983235553889,157.27816619483622,123.84466219699391,163.54187031133534,162.60771083485236,171.92134893178022,168.50387173295618,102.01310451386298,74.04199900910534,103.73657443419374,126.10513359456029,174.31972181959753,0.13064303994178772,0.4127785153687,0.03709433972835541,0.4350745305418968,0.1389932632446289,-0.0661245584487915,0.06486428156495094,-0.027809300692752004,0.580432403832674,-0.47220788267441094,-0.04464105889201164,0.7289729330223054,0.2745608873665333,0.7236399266403168,0.059792906045913696,-0.0016314522363245487,0.23633931577205658,0.24845881760120392
right_temple_block_correct,132.52310155385848,144.5055953636852,93.97141986831944,59.92257650244582,159.87736116012906,133.39820546651862,172.8590809287413,177.88804724212233,140.16814433832823,159.531158897273,146.67097494662528,102.92448283730154,87.88656351957644,79.08940094241889,173.53791446482916,-0.27101656794548035,0.05292657017707825,-0.2586875557899475,-0.05703064799308777,0.10256588459014893,-0.5092438425781438,-0.1787617765367031,-0.45889285998418927,-0.10263211652636528,-0.5107063432224095,0.039646606892347336,0.7820508698932827,-0.13311592862010002,0.8000432471744716,0.040113985538482666,-0.0032386528328061104,0.1913023628294468,-0.09471401236078236
right_temple_block_correct,117.39765476044835,133.10878891803267,36.225534402923934,24.268798757128767,141.03919385630502,116.15316069367053,167.95880807344892,152.31045624402802,164.49287928348792,172.60421104578052,98.61938843632053,106.89860367157748,84.87359895652187,87.63297966070223,170.2896364952357,-0.2528921216726303,0.11861851811408997,0.19526857207529247,-0.3276812806725502,0.3005642592906952,-0.10037936270236969,-0.1571818981319666,-0.36928853718563914,-0.3037868980318308,-0.2664524051360786,-0.027084870263934135,0.7634386983700097,-0.38069927133619785,0.666109558660537,0.09662514925003052,0.023721187375485897,0.3605278357863426,-0.30884891748428345
right_temple_block_correct,109.34157315958053,127.96368406636769,49.486153247527696,28.057589424639882,158.36429804274675,124.71069221659388,168.3314860867981,177.25253752464516,138.96295333567312,147.36842541899773,143.691277666568,113.50204477585615,110.01009832908049,86.64398576273322,171.15833288988574,-0.193814005702734,0.10239338874816895,-0.22313429974019527,-0.1410118117928505,0.2181643545627594,-0.359151192009449,-0.11428821459412575,-0.37866855086758733,-0.19704685732722282,-0.3618788463063538,0.07329485937952995,0.7166388290934265,-0.1615418754518032,0.8312933105044067,0.07958394289016724,0.0029098568484187126,0.24968624860048294,-0.09170594997704029
right_temple_block_correct,107.72242946169156,137.98701168718782,25.888728112084706,26.48279314268521,148.48997325066816,112.7515343645212,162.17976570852014,166.09468483850893,148.86847553986843,161.18683776710503,129.6742091964161,108.51316106990544,90.54061770690649,91.13067765297392,172.6643523571308,-0.2699535936117172,0.13092666864395142,0.11065226420760155,-0.3385246470570564,0.320586159825325,-0.05613008886575699,-0.1652679741382599,-0.3589571942575276,-0.38996896147727966,-0.24843084113672376,0.09558318555355072,0.816850848030299,-0.2761112451553345,0.7313808868639171,0.11415204405784607,0.02913127187639475,0.303580105304718,-0.23576407134532928
right_temple_block_correct,156.48842531421565,125.80394489317068,56.47339447060735,39.203695499219826,141.6082544429097,117.89596467666946,158.26935197251188,147.4418685911502,171.3782510382401,165.20359743190969,115.86017195737007,64.98898889139497,102.06373722863245,116.57491862804692,174.62001312359072,0.2796352729201317,0.11654171347618103,0.37177009880542755,0.34476712718605995,0.23462516069412231,0.06946919858455658,0.1714988313615322,-0.39546510309446603,0.49325690791010857,-0.3479432138847187,-0.08991917595267296,0.6667096343589947,0.3077780120074749,0.6300131407333538,0.028380930423736572,-0.011540465289726853,0.314551442861557,0.1796969175338745
right_temple_block_correct,90.22588688749096,145.94972243055378,36.307068033656364,12.34724731336587,146.00478859209116,113.86926342408863,174.28215008425516,175.00198359507468,153.38974578066748,160.2626541548254,144.1688438852534,112.21039799566282,111.90941420560205,75.67174602961352,176.05750600146519,-0.1456770822405815,0.17152342200279236,-0.15191488713026047,0.06478114798665047,0.3615328371524811,-0.16536177322268486,-0.07116125524044037,-0.3323432775796391,0.030668463557958603,-0.2012201818288304,0.10223154723644257,0.7156123844324611,-0.05722518637776375,0.8085599867044948,0.07337957620620728,-0.006796103087253869,0.1556759849190712,0.010451849550008774
right_temple_block_correct,149.63247226214338,140.1187066523081,30.32303038016653,41.05290411192015,138.6165128711116,95.79841857034364,160.0473162460538,150.97307712945863,155.93710458628308,175.67235896998758,93.01570818623823,105.26208501644244,116.33578446279688,109.60900297771754,164.8832152079734,-0.08184509724378586,0.4530564099550247,0.07162323594093323,-0.38131124153733253,0.22317570447921753,0.1730092130601406,-0.00039775948971509933,0.09319384302943945,-0.38813699036836624,-0.35073450300842524,0.011587224900722504,0.7552050342783332,-0.25737956911325455,0.6547661414369941,0.1390443742275238,0.055545343086123466,0.27880197763442993,-0.2993127144873142
right_temple_block_correct,175.76295620319283,141.58182503599826,76.77018447833127,62.90226627779486,122.50430967915618,115.32328433158797,161.3703765233223,152.23077368242966,171.49834840015987,160.4231890944035,119.35348800361291,74.87477531629247,104.96876464072876,128.56341843068867,175.75868405564526,0.2735762596130371,0.04393303394317627,0.37041234970092773,0.43888059258461,0.1642317771911621,0.020025603473186493,0.1637611798942089,-0.4901217094156891,0.5748985968530178,-0.44626130373217165,0.020105021074414253,0.7016292044427246,0.21528736874461174,0.6816849538590759,0.031193852424621582,-0.0011742566712200642,0.11804835312068462,0.22513322532176971
right_temple_block_correct,170.40830574541818,136.91697458578386,12.987962880708237,36.36472744202323,147.03740216228394,130.16575776033187,175.19050898865544,173.92455509704268,155.68809817017794,148.3499703154831,139.39803801022617,102.08024992704401,118.06640632262852,94.097862185334,179.12558537204262,0.06763937324285507,0.4502934040501714,0.01204415038228035,-0.03652167320251465,0.2744937986135483,-0.3548993803560734,0.15209733322262764,0.07973309315275401,-0.09241265431046486,-0.28301804803777486,0.04134804382920265,0.7311389193637297,-0.04563899710774422,0.8158074960811064,0.08150911331176758,0.0013623519334942102,0.13055957295000553,0.07374276220798492
right_temple_block_correct,108.21310420118608,134.0023594935903,71.19928286354576,59.04461112876829,144.1530242849641,105.8111936559013,165.97669152363144,147.5134569473235,153.89779059271058,171.0471841965581,99.80141319941781,112.53800659136306,79.63587793159975,104.0891014327395,178.72509703471388,-0.2976723536849022,0.03798064589500427,0.22319413721561432,-0.44727858155965805,0.09158769249916077,0.01116710901260376,-0.24054803512990475,-0.4437011955305934,-0.4881109204143286,-0.5180626092478633,0.07493537105619907,0.810391646809876,-0.3820761349052191,0.6654056133702397,0.09603619575500488,0.02486944943666458,0.4386993795633316,-0.336276650428772
right_temple_block_correct,176.06971774678266,133.20736168707543,78.87652980281932,61.5093021114901,141.37490287789723,126.06239434955954,153.3815086010344,144.1180413536914,164.20130711011586,162.06374190048075,118.0194709990774,66.19467951076315,90.9226859958091,128.51709907097907,175.89114440807097,0.3736621290445328,0.03593510389328003,0.3477441519498825,0.4184694290161133,0.11150157451629639,0.02435622364282608,0.2771769054234028,-0.4723901639226824,0.5605882592499256,-0.5042069146875292,-0.04173566401004791,0.6230282594915479,0.33596326783299446,0.606828730320558,0.04249659180641174,-0.00287243677303195,0.28582243993878365,0.2032761424779892
right_temple_block_correct,90.20504042492055,115.45086322279019,53.07552899146103,39.663658055551565,143.99101538923654,137.15315309186602,176.24861926330968,167.9866986973683,143.95840675166636,149.23542849874005,146.05367292619837,105.97386589675484,112.48987703282785,79.93188898805943,175.74524051437837,-0.12528210878372192,0.10687550902366638,-0.2148316390812397,-0.013256579637527466,0.1491282880306244,-0.44711541943252087,-0.07490977272391319,-0.42761576792690903,-0.09681711718440056,-0.4633187117287889,0.03226913511753082,0.7394291696837172,-0.028039533644914627,0.8022659955313429,0.03878799080848694,-0.0012921637389808893,0.08690269850194454,-0.009333798661828041
right_temple_block_correct,137.1555531670632,153.39152102561007,86.92559656667969,64.81326934072,150.0436449127886,114.30439381000843,160.4272133797646,165.8251756543519,145.90858973329486,153.7393445516801,91.4510243462139,114.22716966795348,91.23166489921338,111.47061583227243,166.8484194666476,-0.3752564638853073,0.0003628730773925781,-0.0675458014011383,-0.4966408107429743,0.018164515495300293,-0.043275076895952225,-0.24536236748099327,-0.4892377397045493,-0.483500849455595,-0.5885754069313407,0.1739397533237934,0.782622710801661,-0.3227667324244976,0.6796403089538217,0.09606760740280151,0.05081217549741268,0.4992915987968445,-0.2884724587202072
right_temple_block_correct,170.3700465379938,145.9814480428639,66.09859965690582,67.87519468387046,110.47587849269603,129.13774614686577,160.99216969395496,151.64113286870926,163.9754670837983,140.37476788147657,132.07994666968776,89.87968970201362,96.8936726423323,125.1286341279208,169.84505846059037,0.2586090937256813,0.04089975357055664,0.13855808228254318,0.504242829978466,0.07687252759933472,-0.07063089311122894,0.1383610963821411,-0.46633832436054945,0.5575650930404663,-0.5489357588812709,-0.11627664417028427,0.7139778854325414,0.335763543844223,0.7077334644272923,0.05703526735305786,0.0007146578282117844,0.3616901785135269,0.22507505863904953
right_temple_block_correct,95.1341783230313,155.49501003693786,91.69551650514285,68.97202267350713,152.59043200226296,130.2646923392846,171.7369568961911,172.51092598590094,140.19742526318336,154.54640169218845,149.1880431862351,108.5859261542627,123.79684505805322,95.40637836946036,173.46791144218216,-0.08882072567939758,0.07726329565048218,-0.25832826644182205,-0.05186884105205536,0.11242705583572388,-0.46989157795906067,-0.025535915046930313,-0.4510046208743006,-0.09910410270094872,-0.48717969306744635,0.0541423000395298,0.7013947104569525,-0.09295042976737022,0.8106274937745184,0.04869133234024048,-0.011198753956705332,0.1696208268404007,-0.03314485400915146
right_temple_block_correct,125.91703221837979,132.53725742038733,70.49484058513984,51.07049349710922,157.51535782005007,112.21526537135914,161.71686061982618,155.20101112380553,165.20923178083942,169.45248798739343,77.01642952156583,89.548535556977,88.79172178545585,89.67892296018016,174.06033452664437,-0.3670681342482567,0.02930542826652527,0.09089404344558716,-0.44387409649789333,0.10319000482559204,-0.10120367258787155,-0.29813516326248646,-0.43754227249883115,-0.43353006429970264,-0.48057500808499753,-0.000905738677829504,0.8065423837397248,-0.34828859753906727,0.7609358897898346,0.08880046010017395,0.007495134603232145,0.3306192010641098,-0.32905717194080353
right_temple_block_correct,175.8948078784251,165.76843304130568,86.4813662407913,76.4994028242393,98.58761816681148,118.05549406107701,169.6838061507764,152.26168607074135,166.62718832228106,167.3274298600849,95.13596296592566,69.61914197215802,88.09666842768391,109.7333822990211,168.09086993028632,0.5047395080327988,0.08199337124824524,0.06935687828809023,0.41961856931447983,0.12950453162193298,-0.11641578376293182,0.5613089143298566,-0.4511936823837459,0.5651857196353376,-0.49927984876558185,-0.02357944706454873,0.6604199488647282,0.2638820349238813,0.6306181033141911,0.06333401799201965,-0.020938384346663952,0.23249416053295135,0.19874052237719297
right_temple_block_correct,99.46172663805066,114.71393338680275,84.38964407465821,46.518022296347944,155.4748066774278,134.77761201361577,151.73380292352957,172.57394734018055,136.4923468044278,162.6889980397922,126.99985601006014,91.03910218025874,114.33111660026509,85.03816760390032,154.9312222062296,-0.26813966780900955,0.09954512119293213,-0.1853829026222229,-0.10006888210773468,0.2092975378036499,-0.43902186304330826,-0.13846704363822937,-0.3761439034715295,-0.08379258960485458,-0.3159089991822839,0.04346941411495209,0.7618435909971595,-0.03781391680240631,0.7584620406851172,0.033226579427719116,0.031696097925305367,0.09190379083156586,-0.13719964772462845
right_temple_block_correct,113.8194686697858,133.50729547483957,60.62209003151931,52.557744384254896,138.50877164146584,112.20911368224799,164.39904305159715,139.09393854827192,159.46797172889376,174.53284066460552,93.60036805183739,106.00211587719544,76.69696434896048,97.94854908027527,173.72079548360725,-0.3265315294265747,0.043643832206726074,0.24803869053721428,-0.4335846211761236,0.10319468379020691,-0.05038654804229736,-0.23075852543115616,-0.44211413618177176,-0.44157499819993973,-0.5140903508290648,0.05199090391397476,0.7592327678576112,-0.2985886111855507,0.5882890904322267,0.12500041723251343,0.03192954324185848,0.3621402084827423,-0.32547008991241455
right_temple_block_correct,164.30984833952616,117.37403905527432,66.87003427164345,53.80673849742761,125.54373718076754,122.15734272923498,154.0227928666742,152.31748790553118,169.09724673506972,156.39835977034645,127.98399284286126,86.14185570476205,106.56038453567992,121.86020627543563,173.5379545672794,0.3424631804227829,0.0671604573726654,0.33377884700894356,0.38312961906194687,0.12694552540779114,0.009983018040657043,0.28635865449905396,-0.48722591483965516,0.48844945430755615,-0.5043760188855231,-0.0249252337962389,0.6361415735445917,0.24000036716461182,0.6607798687182367,0.004111528396606445,-0.02097844984382391,0.1799195259809494,0.22469789907336235
right_temple_block_correct,99.74625802882461,107.64040547133128,43.5581836305097,34.2253334808787,148.06895809331868,146.7320401927218,167.92998926593603,170.48295535257327,150.4297601160766,164.95796434673284,135.80732375508043,96.64728914376275,104.47535763019819,81.02343122274404,172.3190084603164,-0.15984304435551167,0.1736757457256317,-0.14417508989572525,0.15943225473165512,0.2190946340560913,-0.272733673453331,-0.07299334555864334,-0.340034520952031,0.13923530280590057,-0.37903160485439,0.16122591495513916,0.6854855653364211,-0.14016839861869812,0.7417760130483657,0.04465821385383606,-0.01025073742493987,0.27134454995393753,-0.004979409277439117
right_temple_block_correct,100.20188150005525,119.92835134448698,66.72304424763428,40.783569177936904,139.28642015041936,144.80305852403552,166.9617193615135,175.19286278292262,158.18607870054578,158.20118839946454,144.17657005372888,116.22491448761315,108.94371858081888,86.85806876039605,178.13605468427312,-0.027410313487052917,0.07288876175880432,-0.23233184963464737,0.11333735659718513,0.15354281663894653,-0.36429386399686337,-0.003094878513365984,-0.4757545101456344,0.02893136255443096,-0.4532521772198379,0.09675625339150429,0.6910280180163682,-0.08854243531823158,0.8498754692263901,0.007852315902709961,-0.021756191737949848,0.17254036664962769,0.05875870771706104
right_temple_block_correct,112.55298884117757,145.72347231747597,62.28745113083543,68.97341920754388,152.37116561992806,114.02082989192593,154.53842379011041,154.1648222881249,155.51948704140534,169.4711542909078,108.05619169507912,94.45731117898374,91.50769655448663,117.23010413596049,173.79255859015856,-0.2994420826435089,0.018283426761627197,-0.05008164048194885,-0.4306870698928833,0.032270073890686035,-0.06926626991480589,-0.21314957365393639,-0.503942531067878,-0.5136260949075222,-0.6114594754762948,0.16839495673775673,0.7147486391477287,-0.30924808606505394,0.610756057780236,0.12091529369354248,0.02411853987723589,0.41764020919799805,-0.21458245068788528
right_temple_block_correct,175.74508259178094,147.6188918870996,90.564941473047,80.94025795800077,106.12127752418745,129.90362029835902,166.30706931267898,154.00481946996126,167.2008660448045,167.4417937017793,80.51224590334809,68.71489798643236,78.99937871702846,143.05078762243198,173.8540393147371,0.32288699224591255,0.01306101679801941,0.20522430539131165,0.4145621210336685,0.05102527141571045,-0.08333805203437805,0.2898411303758621,-0.5283916976768523,0.6402118355035782,-0.5970130350906402,-0.10309624671936035,0.6955472442787141,0.27470530569553375,0.6732753727119416,0.06065896153450012,0.00929185887798667,0.30873049795627594,0.18821106851100922
right_temple_block_correct,129.33711129718918,152.2135563240328,90.13236374741986,75.72535264109246,171.58556590965208,128.23252454039707,161.98081270977295,161.9685514847218,145.18573219803648,160.3469312905227,123.5516785199601,96.41452870211955,89.58584612850778,92.56696009305831,170.70441225597486,-0.2391091287136078,0.04055476188659668,-0.23259875178337097,-0.2439165860414505,0.03451794385910034,-0.4389926567673683,-0.14748013764619827,-0.4669403475127183,-0.34624049812555313,-0.5737468045554124,0.08798147737979889,0.7831390458741225,-0.34328369051218033,0.7296463209786452,0.061178356409072876,0.008510793442837894,0.38429029285907745,-0.1225116029381752
right_temple_block_correct,155.29005456439526,82.06748529475395,52.84918450310144,31.950863299475024,123.96484142360778,89.43433233874579,160.66634930228082,159.4171279998555,176.52733538030787,157.73299418374285,111.85860387227905,78.57595982876734,82.69042507191509,88.0687627819974,176.99672739074612,0.3826316371560097,0.16650056838989258,0.06327011436223984,0.12515393644571304,0.15952149033546448,0.15864931419491768,0.3484962675720453,-0.3383379392325878,0.17138550616800785,-0.4764224700629711,-0.0394920390099287,0.6921768970787525,0.22024142183363438,0.692999679595232,0.06312444806098938,0.01419781893491745,0.19504300504922867,0.1841997504234314
right_temple_block_correct,97.74620440356625,112.49991488238544,48.84323963511421,25.139549047923342,155.7955280916394,151.26991891734133,174.09462305304282,176.9941042529243,145.1916455208338,152.55567777317557,133.0066718358719,100.87940300557136,105.86115901875739,67.83182881310371,174.44767535608733,-0.20553436502814293,0.11308273673057556,-0.16421858966350555,0.21540869772434235,0.20633715391159058,-0.2862315997481346,-0.1475832611322403,-0.3728493384551257,0.19101662933826447,-0.3767221204470843,0.061079561710357666,0.751243717269972,-0.11222289502620697,0.7895830937195569,0.05697181820869446,0.004663361702114344,0.16988613456487656,-0.0418633297085762
solar_plexus_thrust_correct,99.65821530955924,132.50889138925325,51.5209139855857,22.49376355209447,133.21808265163864,60.60608642439851,148.49488527913195,121.73356662648109,151.02951662021223,150.9673913121789,80.31538719513179,96.96203303600748,100.80223548743582,85.60180984562885,173.83465875147826,-0.19043639302253723,0.1312674880027771,0.31031736731529236,-0.14110871776938438,0.351327121257782,-0.0016091018915176392,-0.2792722349986434,-0.33880259981378913,-0.1452598487958312,-0.18783553829416633,0.19476153794676065,0.7508011520840228,-0.4456089502200484,0.612237757537514,0.08285793662071228,0.0161816468462348,0.6271874904632568,-0.3784543573856354
solar_plexus_thrust_correct,168.34063397441258,138.1876589763245,24.866878922727135,51.42530704210348,96.38393435368637,96.5924426255112,133.7374870362712,167.04256180393674,150.8365822740439,151.2837771558024,102.96459117940506,87.36537277334803,120.24810836356885,98.52257188556612,167.1960475269842,0.032268017530441284,0.32095620781183243,0.1277463585138321,0.2710067331790924,0.34669288992881775,0.06051299721002579,0.08478884678333998,-0.11687637376599014,0.4798623500391841,-0.16232904302887619,0.3529605148360133,0.6136730660218745,-0.3121705772355199,0.7027642477769405,0.039963603019714355,0.020655652042478323,0.6396357715129852,0.2727881819009781
solar_plexus_thrust_correct,95.38010911428181,149.89817788113194,37.94137551894884,3.8546762042681086,147.12691406540998,117.81312879875313,155.81080540932942,154.55455398208773,141.69061861791835,159.47994197277137,149.04769432461066,109.44481471939766,113.51610141344077,76.42258902732969,168.47524188749765,-0.13629816472530365,0.21342048048973083,-0.11997239291667938,0.018770620226860046,0.4599785804748535,-0.11049336194992065,-0.056446101516485214,-0.23992863111197948,-0.01059061661362648,-0.012039246968925,0.30422478541731834,0.744370074942708,-0.4437418319284916,0.7789202053099871,0.06488895416259766,-0.003990327939391136,0.619393914937973,-0.09971298277378082
solar_plexus_thrust_correct,86.91419854912218,106.7941442322651,67.75497596820627,52.127245443609546,144.76313229783617,141.4214181440135,165.1214821664859,174.19117811786478,144.01312688499402,159.22967584051722,136.19388074075616,101.08319332930104,125.17889082732826,104.56127133087509,171.65560948218274,-0.07261408865451813,0.07413500547409058,-0.2357182428240776,-0.0261877179145813,0.1279943585395813,-0.3763977140188217,0.0016044080257415771,-0.47240568650886416,-0.054098960012197495,-0.4889923478476703,0.17002704739570618,0.7293007527478039,-0.2300383746623993,0.7842946206219494,0.04454386234283447,-0.010287444107234478,0.3704695701599121,-0.017248742282390594
solar_plexus_thrust_correct,107.04609572188645,148.57287668725115,68.88190876148413,76.75293662827603,146.2170908433797,124.74127255398585,158.1939015781293,141.14240192232072,153.9227992559489,178.60092743220468,85.69332470945395,100.146066166825,100.07501321900064,108.80861865431723,178.54381209905932,-0.266437865793705,0.005244731903076172,-0.09005291759967804,-0.49747029691934586,0.004909515380859375,-0.13309032190591097,-0.2079503871500492,-0.5214406251907349,-0.6177402772009373,-0.6319448947906494,0.15079980716109276,0.7718124985694885,-0.35027945414185524,0.7046306133270264,0.11687979102134705,0.02139556221663952,0.47429606318473816,-0.26517994701862335
solar_plexus_thrust_correct,173.8457306257351,154.8729915837378,91.12469389165175,96.57892076618283,128.780350925819,142.33250738566605,162.9070473632243,147.24247015052276,177.49723006115917,163.11085146707532,122.70443535131125,90.75249346447649,90.34567927599097,157.62509192742144,169.8054989754194,0.29085055738687515,0.029100805521011353,0.35348324850201607,0.44886624813079834,0.030410051345825195,-0.0759429857134819,0.2824281118810177,-0.5057160835713148,0.748448695987463,-0.5641416292637587,-0.15851228311657906,0.6990885157138109,0.345374908298254,0.7317306417971849,0.029847323894500732,-0.03579190745949745,0.4033776968717575,0.18488310649991035
solar_plexus_thrust_correct,158.224900792579,89.10995466019766,53.094767170010975,26.973141175889218,138.92899910358358,132.20089987195652,158.15371802515145,152.90401164457626,153.80802690267285,158.29047193203837,116.1137720760254,97.13279763442104,115.03938514085898,81.06281403494634,176.62154318072075,0.38931481912732124,0.2157636284828186,-0.0678701251745224,0.23895516991615295,0.1788020133972168,-0.0245087668299675,0.4620152609422803,-0.2784399623051286,0.21078886557370424,-0.43652667943388224,-0.07311567198485136,0.649839079938829,0.35947846341878176,0.7063305741176009,0.03176233172416687,-0.014142628759145737,0.3564145117998123,0.21817797422409058
solar_plexus_thrust_correct,116.97685458126726,130.78746853422783,51.662039687435716,38.218475898658035,154.4806574341372,110.06859279799173,152.98518365307643,129.99991960819273,168.62305022342184,170.6501774173923,106.79993478849899,93.77079151858017,95.51778621017404,96.576022915635,172.9516049135347,-0.3104732036590576,0.07266771793365479,0.013773530721664429,-0.3722492605447769,0.24150234460830688,-0.09624949097633362,-0.2169504426419735,-0.3997990437783301,-0.39410653337836266,-0.3176504918374121,-0.35924750193953514,0.7337601236067712,0.08099152520298958,0.5726223639212549,0.0876072347164154,0.028627772815525532,0.373190313577652,-0.2987738847732544
solar_plexus_thrust_correct,94.43771646493055,145.67640025861004,28.52783912809438,12.254934435673656,153.77337931629629,124.74901938303661,155.93421640843252,165.55771097073688,149.5728112275485,142.02431035475374,123.87077429964157,92.80855138597849,111.78730441544889,75.8976129914866,179.4160284481386,-0.12747707404196262,0.21753332018852234,-0.14012281689792871,0.08089707791805267,0.38358739018440247,-0.20511424029245973,-0.06840546429157257,-0.2671786146238446,0.013266544789075851,-0.15490629244595766,0.34856100380420685,0.7912228209897876,-0.30465568602085114,0.7071867687627673,0.059962570667266846,-0.0036297966726124287,0.5521610975265503,0.0015622586943209171
solar_plexus_thrust_correct,116.83267507444404,142.01963844664445,45.524789778647005,20.056959284967846,142.67403990894323,103.8881498532821,133.6449330184859,165.0089850220951,123.73355579523144,146.474911393295,121.8176203015429,94.88358900704861,102.98039437100726,91.94139234603071,167.85358807578663,-0.21695055067539215,0.2053084522485733,-0.09413674473762512,-0.2572401538491249,0.4070120304822922,-0.06661965604871511,-0.12587618455290794,-0.25956468214280903,-0.3220653273165226,-0.11319830943830311,0.24699875339865685,0.7376502908300608,-0.3220922686159611,0.7068717635702342,0.09089797735214233,0.017012831289321184,0.49165835976600647,-0.20837259571999311
solar_plexus_thrust_correct,145.57913941264357,143.18809415226704,37.295923813556996,31.0123315420211,127.82068398762087,122.30343375230247,165.67984353648544,161.66403164563653,162.47669675310567,158.75462702798617,131.69995268680347,91.15060540766052,131.85493934147692,107.31912770321368,171.9060095526874,0.2025553248822689,0.2113131582736969,0.31137775629758835,0.2643646150827408,0.38986314833164215,-0.14974534511566162,0.16126615833491087,-0.30160394276026636,0.3852113885805011,-0.17474329436663538,0.04854168277233839,0.673211932531558,0.21690950822085142,0.7288187745725736,0.030360370874404907,-0.004590455675497651,0.09350109100341797,0.2240012362599373
solar_plexus_thrust_correct,110.4838195955165,155.34949571638035,46.31846654437053,12.46370661547782,145.0418749273858,108.17212126275147,161.32083096313949,158.9914717600915,140.2909604093068,147.011882456197,137.399873538848,95.27221356341651,102.82772665049482,88.26763653614306,162.2649470337545,-0.1676038634032011,0.2384074181318283,-0.1678827404975891,-0.09828127920627594,0.4937913827598095,-0.05039200186729431,-0.09018884226679802,-0.2305712471716106,-0.18285460397601128,0.02205710718408227,0.18121089413762093,0.701867722440511,-0.25966278836131096,0.7391742100007832,0.0560508668422699,-0.0058601731434464455,0.39671990275382996,-0.07412013411521912
solar_plexus_thrust_correct,92.78105471688347,133.16171699109978,51.854723119624175,34.18216975154487,141.65303665415644,125.21225730412799,147.14091694533747,139.65943624036646,142.5595379933002,159.94315572414953,86.22517898511472,109.27888997910165,140.06083448112915,92.66758418577878,175.72967880673835,-0.14568623900413513,0.21362964808940887,-0.173675537109375,-0.3623860627412796,0.31682996451854706,-0.05948779731988907,-0.13236383721232414,-0.28337179869413376,-0.5028098337352276,-0.262677900493145,0.2847514934837818,0.7833459451794624,-0.4416048042476177,0.6565206721425056,0.10662364959716797,0.03584238514304161,0.6754168570041656,-0.2840632125735283
solar_plexus_thrust_correct,152.41523723635635,144.74586381329783,48.53923620353986,46.14377412648235,146.9329145321213,108.73582573634788,159.96356084353235,135.7707624840909,173.1538585298607,154.5491714871439,123.61165315850151,87.14993893973124,101.11665751439921,117.15728698256812,171.46643670913997,0.18016867712140083,0.17393141984939575,0.32192646339535713,0.2913886606693268,0.36111825704574585,0.04196179285645485,0.1392718106508255,-0.29485295759513974,0.5517018437385559,-0.15198251651600003,-0.3971055746078491,0.6821567262522876,0.3536970615386963,0.6669868077151477,0.03634768724441528,-0.01664585154503584,0.6483100652694702,0.14430435374379158
solar_plexus_thrust_correct,94.54172296756924,162.49186134869822,38.92800546778698,9.918109801398412,143.95568526484462,114.85042584543106,168.16048492081637,165.5367724441304,140.99236524026887,150.6614487087494,140.14531672973916,108.2145028691808,107.76549588426623,73.57395862786696,169.26349944150346,-0.12679992127232254,0.21637460589408875,-0.14383462071418762,0.11560994759202003,0.485265807248652,-0.11177976429462433,-0.0932588130235672,-0.2636715774424374,0.0360734723508358,0.010009821970015764,0.06676924228668213,0.6870212550275028,-0.046452783048152924,0.825435935985297,0.03347766399383545,-0.02390939649194479,0.11676791682839394,-0.008602544665336609
solar_plexus_thrust_correct,70.96081503285572,101.13962098642689,65.36752096211735,18.454586582205057,154.63609635047237,120.63320451903112,172.73186545935573,174.26080183778552,140.56681010432746,156.56116502360896,141.24783056240412,105.86224859046256,137.30598701610072,96.64735230955513,176.26471307526037,-0.1298116073012352,0.080344557762146,-0.13058649376034737,-0.10012184828519821,0.20109307765960693,-0.1846538558602333,-0.07645300403237343,-0.4830648493953049,-0.17268093302845955,-0.39195095421746373,0.032823365181684494,0.7827570545487106,-0.11523967608809471,0.7771680462174118,-0.0044651031494140625,0.0031950483098626137,0.1540098935365677,-0.1450684405863285
solar_plexus_thrust_correct,165.63850820836254,145.56571840675247,117.11514440381798,70.82870117971373,140.2279556722711,129.84846514142077,163.93101868109818,143.61139431811216,174.7339065496569,158.9143547573028,118.80229920617627,92.62681012497055,105.39031369989276,144.8810926645814,170.44698996667694,0.13394370302557945,-0.11959755420684814,0.2903078645467758,0.3642954081296921,0.16957852244377136,-0.05159994959831238,0.10489365831017494,-0.6569606990087777,0.6336878724396229,-0.38657030765898526,-0.1256878785789013,0.7303846746217459,0.31859060004353523,0.6997314363252372,-0.003176450729370117,-0.001167976763099432,0.35052280128002167,0.17775216698646545
solar_plexus_thrust_correct,113.2829672624424,148.6448438945727,80.0633963806471,59.65770333384375,124.6679295217814,104.58195275103854,163.48442893791488,153.36569552298977,156.7960880118693,175.84764798210358,81.8722660937417,93.21890309744953,66.92416718987448,99.45309054940054,173.20025968394808,-0.2964827101677656,0.0019717812538146973,0.33285167068243027,-0.4755244292318821,0.1571045219898224,0.0023563653230667114,-0.2621530443429947,-0.4605805044993758,-0.5353410094976425,-0.40330354031175375,0.054179392755031586,0.7982911700382829,-0.3586675077676773,0.701155805028975,0.09867161512374878,0.026352839544415474,0.399597704410553,-0.32217320054769516
solar_plexus_thrust_correct,68.41614948245696,153.6649159353283,76.90257226870123,27.9369650177519,136.64027687034002,107.19944917085391,163.7449823477891,147.58922540462925,159.57464916154984,162.55857953824307,131.52674012679563,103.48324826572598,112.70275584317302,101.82287203746945,168.15726285917006,0.14515302330255508,-0.03521603345870972,-0.07547992374747992,-0.14854831248521805,0.4389774799346924,-0.13291509449481964,0.19535346003249288,-0.6232896301662549,-0.12426124094054103,-0.09178912674542516,-0.17933422653004527,0.643691971548833,0.33289675088599324,0.6039995696628466,0.03445327281951904,0.000762466574087739,0.4242268204689026,0.18269431497901678
solar_plexus_thrust_correct,152.6493998413192,146.12307791113832,42.363642452435464,52.63382289257007,135.0127585696107,118.44223549327097,156.30568338957494,141.77677815765,140.85400075398212,163.61948118871382,131.88410866341982,85.34591850283078,108.82236849366227,116.0348030677513,172.2187365701467,0.23861195892095566,0.20874403417110443,0.26858313381671906,0.3547740578651428,0.2859596908092499,-0.05222100019454956,0.19835425540804863,-0.23486679326742887,0.5882403813302517,-0.2687034113332629,-0.08526429906487465,0.6550361411646008,0.4285692237317562,0.6601532595232129,0.06895923614501953,0.015730589628219604,0.39284490793943405,0.22401055693626404
solar_plexus_thrust_correct,108.75539006969139,135.80907392945983,56.97778383743625,50.16496668908996,148.9364871082739,123.45299612061851,157.59955820604043,155.79041098271944,146.29852215045486,167.495160278079,90.44054954529986,101.95438574918612,119.22160757434719,103.33403711906212,176.64078903097365,-0.2575137987732887,0.11283767223358154,-0.1606966108083725,-0.45377425104379654,0.18907776474952698,-0.08178175054490566,-0.20954915136098862,-0.40754596097394824,-0.569419763982296,-0.4239795873872936,0.15854462236166,0.8081472148187459,-0.3904973492026329,0.7096981634385884,0.10195955634117126,0.025287472642958164,0.512383833527565,-0.28038399666547775
solar_plexus_thrust_correct,121.10143214557395,146.2351006560677,69.37552062116046,43.75452329731486,149.46562073663387,133.6976686793203,175.90727211016906,167.27020252356573,147.89925567072802,144.84868685643193,149.85263769456506,104.83185774869993,113.17063973201155,86.49337340339262,177.756129470194,-0.12646848522126675,0.1912217140197754,-0.2566711357794702,-0.01589752733707428,0.20945966243743896,-0.45300929993391037,-0.08322871848940849,-0.3030818369006738,-0.07824273034930229,-0.37522840162273496,0.025600891560316086,0.7352285120869055,-0.025059400126338005,0.7808749411487952,0.03938561677932739,-0.004036589292809367,0.10305774305015802,-0.057238894049078226
solar_plexus_thrust_correct,178.6938395833275,140.5410160751449,96.4915629637538,88.14077331708461,122.18701444362472,131.9333252086274,150.58592348635256,164.576685325514,166.54821489665233,165.77306240914174,146.25190918357737,77.30138392578223,97.80985961636179,127.63483857451028,178.55192849246353,0.39621827751398087,-0.08502998948097229,0.274803563952446,0.43019070476293564,-0.0573117733001709,-0.015468671917915344,0.3457814231514931,-0.643286790815182,0.5419961586594582,-0.7270976566942409,0.07392840087413788,0.6818232870427892,0.0667719766497612,0.7446093297330663,0.05881747603416443,-0.0012266349513083696,0.06943300738930702,0.2473178654909134
solar_plexus_thrust_correct,140.13595182549244,133.35003183272147,81.94734496862591,51.08806167579083,152.57877611768552,102.8131624377435,154.96477042610695,141.66492942424858,152.6555720826982,158.82602024966224,86.4046009132322,98.48596612845702,110.68327406219025,105.58489867313398,176.4464339235469,-0.45900951139628887,0.16166463494300842,0.010852664709091187,-0.3712470531463623,0.21083176136016846,0.111146479845047,-0.5479688365012407,-0.29948116932064295,-0.41640025563538074,-0.37128420267254114,0.3001029174774885,0.7671483596786857,-0.39090550132095814,0.6619775136932731,0.08214893937110901,0.029630528762936592,0.6613149046897888,-0.3749649226665497
solar_plexus_thrust_correct,118.47547342526227,129.09374642336238,31.21284274534868,9.51759401771232,149.945282036,121.14170517887689,176.47545649099692,174.00688837853676,137.2658030026315,153.32624360406257,130.76724738817143,98.97420226905986,92.3636544226,83.03070297488284,175.10051509421325,-0.23327457159757614,0.22882230579853058,-0.08116321265697479,-0.014464378356933594,0.38770877569913864,-0.20746153220534325,-0.1583688110113144,-0.2424276357050985,-0.09095077961683273,-0.13641609600745142,0.03593945875763893,0.6932389105204493,-0.1496657282114029,0.7762103045824915,0.04800480604171753,0.0035948636941611767,0.1826130785048008,-0.12024092301726341
solar_plexus_thrust_correct,172.84161119879857,158.64745297988563,47.58395353394171,52.03337948755742,156.1504008824236,134.51115565269748,171.52331568175413,155.35658904881703,165.90712416685895,163.6837728806308,100.94922415061214,97.5535361459427,140.1973259376902,129.87827057008596,176.8211564810183,-0.10571707785129547,0.282918244600296,0.30060672760009766,0.3456636071205139,0.31847386062145233,-0.15205860137939453,-0.21722405776381493,-0.18010261515155435,0.5252971090376377,-0.21369226137176156,-0.12918075546622276,0.7089334740303457,0.33621523156762123,0.7208815827034414,0.019281864166259766,-0.0015904391184449196,0.37095703184604645,0.2094613015651703
solar_plexus_thrust_correct,123.56383858929107,130.00184394039616,46.39700617960137,15.864314457336778,147.80550035592768,102.11236774141994,155.99265703799014,140.766446231651,153.71836019810817,163.487743968207,73.42169269599685,91.34061228262952,120.01605089925403,83.80147468451972,170.6462027096156,-0.3380246479064226,0.22631114721298218,0.10284942388534546,-0.24101786315441132,0.4079969897866249,0.011530086398124695,-0.39167509670369327,-0.2333119111135602,-0.14875070448033512,-0.1269467817619443,0.15625457768328488,0.7556638522073627,-0.3282129287254065,0.6664240164682269,0.07968759536743164,0.024978896602988243,0.4710264503955841,-0.3517077714204788
solar_plexus_thrust_correct,170.2341442134105,147.70433290983686,59.46746709389544,38.08829386585623,88.73795517817928,95.93276229380653,168.41192536940503,156.44183704377224,170.41418823048355,167.8904987749523,104.67280995867777,88.4607611372799,115.85906346555726,108.36112953571454,177.12346177178424,0.24042772501707077,0.16337421536445618,0.30799224227666855,0.33338630199432373,0.35488416254520416,-0.009013727307319641,0.1581000965088606,-0.3547589968657121,0.4415950160473585,-0.21633387019392103,0.08196676336228848,0.70996425638441,0.3445098679512739,0.6636647988343611,0.029648929834365845,0.012338300002738833,0.19683908112347126,0.24708934873342514
solar_plexus_thrust_correct,113.34458143112998,136.34768116629618,64.25832946787102,49.3836686877981,133.60811037633195,116.09477053683487,136.62496637924886,145.20556286966604,141.17929729610682,173.0870915152119,95.74114132798483,102.12366521057625,94.50392049166474,98.90482137908451,176.56335055133837,-0.3204222843050957,0.04647517204284668,0.04357355833053589,-0.4344603046774864,0.17078033089637756,-0.07817360758781433,-0.25748827680945396,-0.44728578301146626,-0.4960394464433193,-0.42978031607344747,0.2554640509188175,0.7674498143605888,-0.4016033373773098,0.6836162987165153,0.1167047917842865,0.02335869614034891,0.6038706302642822,-0.3205872178077698
solar_plexus_thrust_correct,114.18210701131538,139.23577680547209,40.37027444413224,24.65245446901329,146.12387790453954,121.6190592804959,160.57967768619625,153.1315344371133,153.17694234997018,167.06613604203017,96.92199941300554,103.45528457499516,103.42233178579059,90.83548548905243,171.7353686833016,-0.23915253207087517,0.21637898683547974,0.006791368126869202,-0.268290176987648,0.4232238456606865,-0.058384666219353676,-0.2521182708442211,-0.25691536255180836,-0.40429652854800224,-0.09144693799316883,0.061172764748334885,0.8274510782212019,-0.40086085721850395,0.718721179291606,0.07166826725006104,0.019820716232061386,0.44108060002326965,-0.2846933528780937
solar_plexus_thrust_correct,160.34206918477082,155.47511514387236,50.25778385728127,40.717322753521906,91.45696680506606,105.06003805524784,163.16656098345052,147.66050993295812,174.23568049391073,169.600479285732,111.67286050226605,95.32306682719714,111.74165332278956,107.02242787483013,163.24499523600295,0.2386683002114296,0.2208194136619568,0.2642568498849869,0.27233491837978363,0.4572884142398834,-0.06959746778011322,0.30019228905439377,-0.274974005529657,0.5338292643427849,-0.04636572510935366,0.045457206666469574,0.7478756138589233,0.3167353793978691,0.7264694997575134,0.009156197309494019,-0.017179338727146387,0.21688056737184525,0.2272052764892578
solar_plexus_thrust_correct,108.46561424438579,156.13094421992352,34.292917614905974,5.610540649718975,144.31914243497198,114.57126613806902,169.3842993058099,176.31651008092163,134.4224479405687,156.37099840547083,122.39338978002093,90.02379543390136,99.03056845487957,78.78930020492226,171.10224505058812,-0.17191661335527897,0.22742241621017456,-0.1770935282111168,-0.020634278655052185,0.5121195474639535,-0.10985693335533142,-0.08638114854693413,-0.2549339048564434,-0.09097803011536598,0.021257629618048668,-0.03064826875925064,0.722408402711153,-0.1096234954893589,0.7802414782345295,0.06022709608078003,0.008141567930579185,0.11473428085446358,-0.009374894201755524
solar_plexus_thrust_correct,114.33796075078705,133.4658417576071,53.15816874917103,37.75248685883684,137.7510899946491,116.15073482171816,163.4618311701468,151.2885683043384,154.3074208398035,172.82059247964665,97.69934134431419,107.48651792569109,109.38521357425878,98.84181589843882,178.03030512793774,-0.2367130070924759,0.12827324867248535,-0.04741063714027405,-0.39503636211156845,0.28909745812416077,-0.06006661802530289,-0.18857429549098015,-0.3980060489848256,-0.47485485300421715,-0.30642270762473345,0.10817194357514381,0.7986402241513133,-0.3774971328675747,0.7147113410755992,0.07139566540718079,0.021462466567754745,0.4663823992013931,-0.3002966046333313
solar_plexus_thrust_correct,177.16662732382596,153.78860433988112,70.00333861774187,49.42392916090351,99.79177768941503,98.27371653465896,156.62370099321714,148.91693153823007,169.86692151414957,164.73326593016145,113.4213039655252,77.48420612554833,99.94664770250307,112.65507589149587,172.2452469310263,0.32931414246559143,0.19488516449928284,0.2854381650686264,0.33145682513713837,0.3448999673128128,-0.018971003592014313,0.33193570747971535,-0.31589112849906087,0.5491667129099369,-0.2335652825422585,-0.061048202216625214,0.6890469375066459,0.2523091472685337,0.6865802588872612,0.04619923233985901,-0.007584522478282452,0.2368321195244789,0.22861797362565994
solar_plexus_thrust_correct,133.15895628410425,145.1844761836876,80.48273922881094,61.61462203288447,171.2734507643438,132.89877834854542,156.8360747741004,166.8481336208435,154.87715670343954,158.31408297281746,124.52366932078918,100.19359342421883,85.01007913205885,80.05093657285211,170.92383110252928,-0.2988034337759018,0.07386898994445801,-0.21357986330986023,-0.08472999185323715,0.15596109628677368,-0.5181868611834943,-0.18496333062648773,-0.4110328867100179,-0.11394090205430984,-0.4322181954048574,0.07708271592855453,0.8470326350070536,-0.07490439713001251,0.7372509525157511,0.060445159673690796,0.006805503740906715,0.1453241240233183,-0.1297446726821363
solar_plexus_thrust_correct,105.20692352503184,134.07031534001501,31.58756745296029,24.715154274091777,138.8976662927816,120.99271932879027,165.12494111128572,154.41736917305184,161.47666674101882,175.92664179350513,94.16230012027678,99.77982859909274,93.15958044600245,87.24102099705482,169.05498026463727,-0.25511953234672546,0.11057722568511963,0.169629018753767,-0.3643668256700039,0.313392698764801,-0.04612314701080322,-0.16788565553724766,-0.37557612266391516,-0.3570589665323496,-0.24492505099624395,-0.03501942940056324,0.7758820215240121,-0.3314057234674692,0.6871001282706857,0.11826920509338379,0.030247638002038002,0.29293448477983475,-0.30862031877040863
solar_plexus_thrust_correct,101.3083644093369,164.30512110041923,35.98833142095078,11.346267449815661,150.12830767854467,110.33429605182897,166.12297266369634,169.3358643536249,146.1477212354838,157.27858300208015,135.46075223393072,108.624711284985,106.00929912732339,82.14030885464302,173.13248581771876,-0.13452018611133099,0.21680419147014618,-0.14511650055646896,0.004852518439292908,0.47553442511707544,-0.12822743877768517,-0.09627784788608551,-0.2506360998377204,-0.08484375476837158,0.0016202758997678757,0.055719755589962006,0.7490696320310235,-0.08855750411748886,0.8397529730573297,0.03530034422874451,-0.014572503045201302,0.15074321627616882,-0.023329351097345352
solar_plexus_thrust_correct,111.10934111584821,141.02916361105386,32.774001386627724,23.48835761179098,145.06563676656174,114.4597377256669,166.94444387977578,155.7891315998763,152.89436945585535,167.0389191786936,115.40653872347838,108.1503046944072,85.10127916590599,88.362245218816,171.9429897529025,-0.25554358959198,0.11243432760238647,0.1602816227823496,-0.3032168596982956,0.3407665342092514,-0.07212794851511717,-0.1574862375855446,-0.38096341164782643,-0.33154331892728806,-0.21680685551837087,0.07257459312677383,0.8106893035583198,-0.27596863359212875,0.6843582126311958,0.10763496160507202,0.032822334207594395,0.3096403479576111,-0.2629845216870308
solar_plexus_thrust_correct,154.7584934175111,129.3421924991687,55.6747093147239,30.322298512065448,130.80354060436824,100.64872054342098,161.66815043970024,152.24378928368523,167.60082568054708,160.95213161088762,109.78029954301022,64.45602374839386,103.77828341847318,103.11938718965546,176.81925593765592,0.300256110727787,0.13652360439300537,0.3667188733816147,0.29800137504935265,0.3266245722770691,0.1027966532856226,0.2109627015888691,-0.38050446670968086,0.43265580013394356,-0.2613830940099433,-0.09779263660311699,0.6733941658167168,0.2669578082859516,0.6497741563944146,0.04181206226348877,0.004480330506339669,0.2675909027457237,0.19641943275928497
solar_plexus_thrust_correct,95.15339280783287,168.5311335726161,45.143945023564974,19.425614751493438,151.50963376428783,110.59037459646296,166.57056212188317,168.56798902279826,146.03733601857402,156.89233151200526,137.5420219444655,104.34686208797997,110.67510419810714,85.48944391183508,166.88459563750706,-0.12684998102486134,0.20427942276000977,-0.13111194968223572,-0.02149229496717453,0.47718760184943676,-0.1319769024848938,-0.07364604622125626,-0.2784910637419671,-0.08177494257688522,-0.012487853644415736,0.12919247895479202,0.660357401939109,-0.05934901162981987,0.7767600279767066,0.04403001070022583,-0.014933280181139708,0.18302606791257858,-0.0009583085775375366
solar_plexus_thrust_correct,105.53443288200468,135.6374049390443,28.303302738574757,19.683410886093355,144.7896453150737,120.81858526760743,166.08193391149763,149.70264294052433,158.55818649279084,176.1532008173258,92.82591137631447,103.32772334291225,95.07771174438493,87.03507635150063,172.9300465616902,-0.23262175172567368,0.15567833185195923,0.197808260563761,-0.29450736567378044,0.38109056651592255,-0.045731961727142334,-0.18136322125792503,-0.338235049508512,-0.282035019248724,-0.15295348968356848,-0.027334148064255714,0.7851088056340814,-0.34063997492194176,0.6793609270825982,0.08442381024360657,0.021724896505475044,0.31637922674417496,-0.33607353270053864
solar_plexus_thrust_correct,151.78694000151904,148.93759498404015,40.90114102289744,25.21545669784881,92.14532476874876,110.08682015347078,162.31227148962452,163.1193311127085,165.52739039843956,159.67667664312071,133.5916204936079,92.5031121992293,139.23186501054082,94.38432597719577,171.92702921853606,0.139977240934968,0.17795616388320923,0.23773469030857086,0.2485474944114685,0.41748935729265213,-0.03940451145172119,0.10215939953923225,-0.34322041273117065,0.25640762224793434,-0.1273505836725235,0.23446840420365334,0.6939969956874847,0.023376476019620895,0.732443779706955,0.018822550773620605,-0.012780386954545975,0.2095860317349434,0.24761894345283508
solar_plexus_thrust_correct,99.51806976786722,169.09807023836734,33.08373261687,12.133564227507538,145.95331975803396,107.26863417094124,169.70322449860723,171.70842490147672,145.97968666084628,158.49127944237648,135.07857536651056,100.68553905665419,105.34959472633061,79.14793745981821,170.7976142385491,-0.12401805352419615,0.22250187397003174,-0.1457100361585617,0.022151127457618713,0.4762488352134824,-0.10362518578767776,-0.10315627232193947,-0.2589951892150566,-0.07948087528347969,-0.008138374309055507,-0.01226525753736496,0.7562826435314491,-0.09323779866099358,0.8291252414928749,0.038111478090286255,-0.011064395075663924,0.13341443613171577,0.03308772295713425
solar_plexus_thrust_correct,105.82345184468933,140.8014554978778,53.19772611064392,37.370353392213545,148.5056830235877,120.84580989155529,167.98486015317343,149.2385262834881,155.41007622770655,169.4041631827188,88.83825331094107,106.3458558304268,85.46242889118474,84.68052513772598,177.51522106029995,-0.2948162704706192,0.10072588920593262,0.24021658301353455,-0.39250821992754936,0.2866367995738983,-0.06540773808956146,-0.27335202507674694,-0.3875736827030778,-0.4642960708588362,-0.26731535140424967,0.08342389203608036,0.8023392921313643,-0.38607644848525524,0.6951116686686873,0.093020498752594,0.02452756278216839,0.4555841386318207,-0.31306853890419006
solar_plexus_thrust_correct,165.26469316283234,144.70496673664573,75.42023329501865,53.19477888947798,111.79550656756473,102.87491658185658,163.35800163480465,146.4571207499587,170.51506044440285,164.70752857185775,115.33761430122021,76.39762930185357,71.36199380183925,126.11685437735227,175.34509610709594,0.3636818081140518,0.08294537663459778,0.2541440948843956,0.3697558790445328,0.2802283465862274,0.028121747076511383,0.2853269502520561,-0.43387285992503166,0.5567119047045708,-0.28176863119006157,-0.07018683105707169,0.6701238937675953,0.38071709126234055,0.6791815347969532,0.018614768981933594,-0.010625774040818214,0.340694785118103,0.1781221106648445
solar_plexus_thrust_correct,89.43341346830796,173.51593843637,35.4624372442619,5.398770191732156,147.78689080309573,115.6773208125144,163.76701914197395,165.8361885797912,149.5808660116797,149.79137379403653,156.1508854152545,114.00262584206254,117.81593149688564,78.54628484914552,173.4508345211519,-0.09276147931814194,0.2041998654603958,-0.12526605278253555,0.011258404701948166,0.4636755883693695,-0.12411686033010483,-0.01135955285280943,-0.26688787597231567,0.013425826095044613,-0.014548343373462558,0.0018785267602652311,0.8136076603550464,-0.035335347056388855,0.8265989099163562,0.052766114473342896,0.010549301747232676,0.06982973590493202,0.016266435384750366
solar_plexus_thrust_correct,141.1616152755475,145.11819583353335,73.53054282623879,42.37293028795084,160.1493637469896,119.83270473028882,154.88982231877853,163.6059461757523,137.89878350552675,150.6049325167095,92.02874492396232,117.52510467838793,96.46618526127855,104.99017230504111,167.19619667702958,-0.3756013363599777,0.095293790102005,-0.103680819272995,-0.46260271966457367,0.17438629269599915,-0.06631704419851303,-0.2596190646290779,-0.37602298706769943,-0.46376345306634903,-0.3849658891558647,0.19317128509283066,0.7711896374821663,-0.365836001932621,0.6803404167294502,0.0726824700832367,0.05043145269155502,0.5388008058071136,-0.27203991264104843
solar_plexus_thrust_correct,164.08047384004308,144.6145283990787,74.94666366574755,53.58640199022449,134.25580881616244,127.19523550930677,161.28276953861774,150.78907915158467,154.76740347996886,139.77117687986635,131.60473473246313,94.6800140568484,97.37696902587497,126.565246901938,171.77633836322897,0.3312816470861435,-0.009450852870941162,0.32798489183187485,0.45377981662750244,0.18279418349266052,-0.06539873778820038,0.19241957738995552,-0.5161686681676656,0.5441588051617146,-0.40787978400476277,-0.16566165909171104,0.7102328396867961,0.3621167130768299,0.6878468252252787,0.05861693620681763,0.015763042960315943,0.4285285174846649,0.21767406910657883
solar_plexus_thrust_correct,97.99576062173955,150.63742901697958,64.02130574632943,38.51403099620923,142.5641771784003,132.84498966822036,175.39084244023468,174.75896659074579,137.59330076536082,152.12286783959493,147.64771919534337,104.62266425328676,126.08235371698375,79.74005971183418,178.78981869963118,-0.04033101350069046,0.15997028350830078,-0.2195416558533907,0.06839603930711746,0.2654166519641876,-0.39757025125436485,-0.012899233028292656,-0.35324045550078154,0.0027425698935985565,-0.3199105216190219,-0.014707176014780998,0.7278448091819882,-0.05953755974769592,0.8102719532325864,0.049545228481292725,-0.004177817143499851,0.0968580786138773,0.018170031951740384
solar_plexus_thrust_correct,107.47172598249222,130.84676342184068,47.35300851620907,40.01148504245995,130.44289061714665,110.03791999482345,164.90955768216705,153.89137273225433,162.92577952189544,168.7596373114699,85.7345889477043,100.54734547916843,89.21454286104658,93.022348421543,171.3062603432903,-0.2693557143211365,0.07016095519065857,0.165044738445431,-0.41724203526973724,0.1944575011730194,-0.057253994047641754,-0.16781402379274368,-0.4101803977973759,-0.3911534771323204,-0.3878302057273686,0.05009385198354721,0.7648143689148128,-0.3684046193957329,0.6813530246727169,0.10642841458320618,0.02323091309517622,0.39151646196842194,-0.31733399629592896
solar_plexus_thrust_correct,172.2418223037351,87.6267211072629,49.95315110281852,29.14066179692102,160.4592409248361,82.14180204118449,158.86020515462198,144.01916132874993,159.31891581279325,167.4495281811865,127.68425763235807,93.77372002100566,89.97192196725446,87.64704720540834,171.11659563257246,0.3864266574382782,0.2658272087574005,0.07037565857172012,0.09271930530667305,0.1468258500099182,0.1574229970574379,0.3893576702103019,-0.1962805052753538,0.13529190327972174,-0.4387682934757322,-0.058486045338213444,0.6614616254810244,0.26941569056361914,0.5984239915851504,0.03211650252342224,-0.01967008737847209,0.24971666932106018,0.18317102640867233
solar_plexus_thrust_correct,86.36366877995425,174.52261085412042,67.20532137653949,17.672232239788098,156.44493756770265,85.6338984243851,148.96984943281166,170.24997170971776,143.98990967372293,152.85567673157996,134.65718534402976,104.07847481928944,109.06631294487339,88.86386607499345,151.08258222808237,-0.2662350460886955,0.1620323359966278,-0.127424955368042,-0.05811026692390442,0.43007023446261883,0.02732747793197632,-0.17256725952029228,-0.24785138794686645,-0.11724896356463432,0.015269610681571066,-0.012537260539829731,0.7710932033369318,-0.159270491451025,0.7090225951978937,0.06622472405433655,0.009654628811404109,0.15235276333987713,-0.11206930875778198
solar_plexus_thrust_correct,104.152809529502,147.89481394700977,81.38739408578498,64.64923385216281,143.84534674534913,65.18289713175199,171.02963462753914,133.2810819211341,168.9582650157926,174.06227885021784,91.86957000688146,114.34212831304355,76.39786961366164,111.01409010805226,176.205241769164,-0.21035923063755035,-0.00034797191619873047,0.42896486818790436,-0.44419242441654205,0.10956621170043945,0.25768502056598663,-0.18059914465993643,-0.4344952031970024,-0.428783199749887,-0.46611248701810837,-0.010909496806561947,0.7260125949978828,-0.26588170882314444,0.5806639865040779,0.09826141595840454,0.039469245821237564,0.29291194677352905,-0.3331415057182312
solar_plexus_thrust_correct,162.15278239714732,134.83612244151882,62.12118073093083,45.12607170626477,124.87651161777025,113.30829359032364,157.5470825211838,148.93490474774748,168.8181875349991,159.3317691670163,125.70747124217544,87.22723035458125,114.47604791786998,116.5577646577707,173.06887072624357,0.29460998624563217,0.0996667742729187,0.36676075309515,0.3600189909338951,0.2456287145614624,0.015205904841423035,0.24137593246996403,-0.4344953913241625,0.49921065010130405,-0.33419823832809925,0.006878824904561043,0.6709639113396406,0.29724993743002415,0.6632314007729292,0.006225883960723877,-0.02220269851386547,0.20609670877456665,0.2312822863459587
solar_plexus_thrust_correct,99.88953893664545,150.87829721678818,40.383449746188106,17.50444416839622,150.75368842980913,114.081024305481,171.9974147833737,177.01312682562644,148.92190205282708,162.5240852312618,137.72466712957973,96.25773115866217,106.40677226708698,86.8430132259168,166.86598390109498,-0.14351775497198105,0.22181284427642822,-0.14268498867750168,0.00043176114559173584,0.42504412680864334,-0.13771478831768036,-0.08984408155083656,-0.27732442622072995,-0.07510753348469734,-0.08903514151461422,0.1276467777788639,0.6521265327464789,-0.13672974333167076,0.7306752621661872,0.03492632508277893,-0.01589112402871251,0.20587698370218277,-0.023925133049488068
solar_plexus_thrust_correct,112.35044880622905,164.90652020294849,49.133679022604916,17.178768783174238,145.68668586521883,117.68178660926807,168.4224418450907,164.41018594837166,150.78303704410922,161.75608409394152,134.52980023972202,111.07955169230226,104.49907220521733,88.54851797890231,163.61096429396903,-0.10161182284355164,0.23809194564819336,-0.1644536852836609,-0.02042752504348755,0.5061216875910759,-0.12629567086696625,-0.056146495044231415,-0.22245820914395154,-0.10591666400432587,0.07919620419852436,0.07831265777349472,0.7497513487469405,-0.08700596541166306,0.8236224248539656,0.0014368891716003418,-0.01704757334664464,0.17828673124313354,-0.02252340316772461
solar_plexus_thrust_correct,109.26218955347653,151.03627234899412,48.4390408769996,28.76105715350491,140.84142862997143,123.32130732368834,157.94825404845977,156.56322411548442,158.64240215227252,168.56935963266244,90.95855046505675,99.16052008581535,76.57412716319311,87.39663190351492,175.15291143209674,-0.3062760978937149,0.10950067639350891,0.18664583936333656,-0.33141693845391273,0.36295562982559204,-0.07302931882441044,-0.22295857220888138,-0.3555688811466098,-0.3922073766589165,-0.14849137794226408,0.08244557678699493,0.7930525587871671,-0.29967501014471054,0.6537979291751981,0.09833648800849915,0.03664143197238445,0.3452600985765457,-0.23983947932720184
solar_plexus_thrust_correct,150.04188525065902,146.20942910831045,21.439034945880426,42.37211134668031,138.33825765189962,97.16824252532253,158.93368324963345,156.7021118269926,172.67556478466568,164.95111584569727,84.28763960183043,58.82239892750185,113.47185631732413,111.70762027056938,178.00455858277962,0.08474544808268547,0.3786565288901329,0.23559583723545074,0.2908385545015335,0.40034620463848114,0.07364907069131732,-0.033761974424123764,-0.05881742504425347,0.5054475925862789,-0.13808607799001038,-0.16201438382267952,0.6646964575629681,0.1902785860002041,0.7055765416007489,0.06775796413421631,0.0005543376319110394,0.2920214384794235,0.16483661532402039
solar_plexus_thrust_correct,105.31327352756885,170.53225389739538,51.339262388906455,22.398122520380035,144.82760003550763,109.96947710343417,164.0452983859717,159.3930017915591,148.39532725091092,161.63233498204295,130.99430256999096,103.9596847332942,105.09233425779158,81.42717228670693,154.10530392012916,-0.12064128462225199,0.2535814791917801,-0.13339146971702576,0.03850048780441284,0.5259248167276382,-0.065202996134758,-0.0995357483625412,-0.19534880481660366,-0.06327429413795471,0.10268622078001499,0.03814953565597534,0.7117091808468103,-0.11147844791412354,0.8068238887935877,0.012844175100326538,-0.024172373116016388,0.16557518765330315,-0.015153691172599792
solar_plexus_thrust_correct,123.05139015908492,147.78651683210774,39.62674450691594,21.83874454589944,138.3539309863915,119.41940970787618,171.18854573835577,153.1463303556111,155.07886181192816,161.6932327575542,96.92997245933012,99.87827828581364,82.67021929021017,90.70965653100319,167.75316925049805,-0.2550518661737442,0.17170998454093933,0.16359300166368484,-0.29984408989548683,0.4161200150847435,-0.04794677393510938,-0.17512940987944603,-0.28316834662109613,-0.33673248812556267,-0.08654499892145395,-0.005462735891342163,0.7730334689840674,-0.40644006058573723,0.618497877381742,0.09449204802513123,0.04316951893270016,0.3994983583688736,-0.2795990854501724
solar_plexus_thrust_correct,157.68205066423718,145.6052133395631,39.64438819112422,25.56583911396495,153.65452889798027,107.63791877352115,160.1858530376331,149.1885160004607,168.42226086607377,160.11699531444555,117.1043116041766,85.85182289966265,108.96050185696657,105.38087777421902,173.97427324118095,0.205424502491951,0.2529531568288803,0.3449054844677448,0.22897088527679443,0.4448740929365158,0.019863568246364594,0.14065122976899147,-0.23214425635524094,0.4126490391790867,-0.07967033726163208,-0.037091102451086044,0.6605809729080647,0.2891536094248295,0.7045718233566731,0.017931252717971802,-0.01829261938109994,0.24983162432909012,0.17482894286513329
solar_plexus_thrust_correct,91.30803917380362,173.4854224965777,43.430076230817825,12.177152565608647,155.08575551563047,113.28109241803253,162.24503185484662,173.53505928452572,143.31892627021716,156.20061585891048,118.11702734815901,81.32125564013008,94.24251319372169,85.43517457424431,166.31436664521505,-0.221309382468462,0.15982145071029663,-0.14822722971439362,-0.04231034219264984,0.5112192928791046,-0.05033116042613983,-0.13368218392133713,-0.3151672661770135,-0.10192737728357315,0.08425429160706699,0.05865807831287384,0.7708191692363471,-0.04505142942070961,0.7407107769977301,0.04120334982872009,0.0009598503820598125,0.1138896718621254,0.0029661953449249268
